adr,arps,avg_goal_success,entropy,grad_norm,num_steps,num_steps_per_episode_mean,num_steps_per_episode_std,policy_loss,remaining,return_per_episode_mean,return_per_episode_std,sps,success_per_episode_mean,success_per_episode_std,value,value_loss,violation_per_episode_mean,violation_per_episode_std
0.007006579388595573,3.68910909281201e-05,"{((frozenset({green}), frozenset()),) x 0: 0.08333333333333333, ((frozenset({blue}), frozenset()),) x 0: 0.08695652173913043, ((frozenset({yellow}), frozenset()),) x 0: 0.0, ((frozenset({magenta}), frozenset()),) x 0: 0.07692307692307693}",1.0751180984079838,0.028662039140330664,65536,970.28125,96.67365669321451,0.003408387089621101,8:09:33,0.015625,0.33034960174790584,167.9930525103179,0.0625,0.24206145913796356,0.07520478102378547,0.002064761418296257,0.0,0.0
0.025038157847532033,0.00014591207913852515,"{((frozenset({magenta}), frozenset()),) x 0: 0.19047619047619047, ((frozenset({yellow}), frozenset()),) x 0: 0.0, ((frozenset({green}), frozenset()),) x 0: 0.058823529411764705, ((frozenset({blue}), frozenset()),) x 0: 0.06666666666666667}",1.1558783501386642,0.025189475401209735,131072,952.765625,142.60289510861753,0.003447013172262814,7:42:08,0.046875,0.37205877811845806,175.5943644240952,0.09375,0.2914805954090255,0.07407487579621375,0.001410480220329191,0.0,0.0
0.030881273806887544,0.00022828592232166116,"{((frozenset({green}), frozenset()),) x 0: 0.13636363636363635, ((frozenset({yellow}), frozenset()),) x 0: 0.10526315789473684, ((frozenset({blue}), frozenset()),) x 0: 0.14285714285714285, ((frozenset({magenta}), frozenset()),) x 0: 0.06666666666666667}",1.2575508877635002,0.013080482933116321,196608,958.2571428571429,135.68794932431078,0.0018901843086496228,8:35:21,0.1,0.34434202266268427,155.339568535604,0.11428571428571428,0.318157963590287,0.0678913751617074,0.0012437652057997184,0.0,0.0
0.004872263958722928,8.066983294241006e-05,"{((frozenset({blue}), frozenset()),) x 0: 0.05555555555555555, ((frozenset({green}), frozenset()),) x 0: 0.06666666666666667, ((frozenset({magenta}), frozenset()),) x 0: 0.047619047619047616, ((frozenset({yellow}), frozenset()),) x 0: 0.07692307692307693}",1.3720828518271446,0.016051167463269563,262144,960.2985074626865,134.89067048112318,0.004160426477028523,8:02:15,-0.014925373134328358,0.3662043028771731,163.74121057884403,0.05970149253731343,0.23693295322966484,0.06573886284604669,0.0013418377693596995,0.0,0.0
0.008437701894294021,4.7412098857002004e-05,"{((frozenset({magenta}), frozenset()),) x 0: 0.0, ((frozenset({blue}), frozenset()),) x 0: 0.14285714285714285, ((frozenset({green}), frozenset()),) x 0: 0.0, ((frozenset({yellow}), frozenset()),) x 0: 0.0}",1.5088669024407864,0.00933850119148353,327680,989.1060606060606,61.83902092306765,0.00311724680068437,7:35:31,0.030303030303030304,0.1714198257421934,170.95247782269476,0.030303030303030304,0.1714198257421934,0.06367061997298151,0.00033994859518315934,0.0,0.0
-0.04372326577312711,-0.0002558561793766314,"{((frozenset({blue}), frozenset()),) x 0: 0.05, ((frozenset({green}), frozenset()),) x 0: 0.0, ((frozenset({magenta}), frozenset()),) x 0: 0.05555555555555555, ((frozenset({yellow}), frozenset()),) x 0: 0.0}",1.635470125824213,0.022455027227078102,393216,936.2285714285714,157.98265469244865,0.006499060080386698,7:43:53,-0.12857142857142856,0.4113194299682276,165.5143015648678,0.02857142857142857,0.1665986255670086,0.06079303624574095,0.0016975383077806327,0.0,0.0
0.03954146225130563,0.00022114003235461537,"{((frozenset({green}), frozenset()),) x 0: 0.0, ((frozenset({blue}), frozenset()),) x 0: 0.1, ((frozenset({yellow}), frozenset()),) x 0: 0.35714285714285715, ((frozenset({magenta}), frozenset()),) x 0: 0.0}",1.67221475020051,0.01818801438628869,458752,947.6716417910447,157.62693421443504,0.0016845226909936173,8:17:32,0.1044776119402985,0.30587912734207756,152.1232465485316,0.1044776119402985,0.30587912734207756,0.07018675096333027,0.0009434982548555126,0.0,0.0
0.0352411684739694,0.00025218664899565984,"{((frozenset({magenta}), frozenset()),) x 0: 0.041666666666666664, ((frozenset({blue}), frozenset()),) x 0: 0.1875, ((frozenset({green}), frozenset()),) x 0: 0.05, ((frozenset({yellow}), frozenset()),) x 0: 0.23076923076923078}",1.6824121214449406,0.017054168924869613,524288,935.8082191780821,181.10155007424544,0.002310220108483918,7:13:42,0.0684931506849315,0.38209111454743433,171.99265472894862,0.1095890410958904,0.31237682879428436,0.06800947349984199,0.0014897219302838494,0.0,0.0
0.061846669635384204,0.00044532738963305095,"{((frozenset({green}), frozenset()),) x 0: 0.18181818181818182, ((frozenset({magenta}), frozenset()),) x 0: 0.1, ((frozenset({blue}), frozenset()),) x 0: 0.2222222222222222, ((frozenset({yellow}), frozenset()),) x 0: 0.23076923076923078}",1.6854125373065472,0.02415725500614669,589824,895.6027397260274,222.2966510957471,0.0017818170017562807,6:44:41,0.1095890410958904,0.48431971314147093,181.62956325030459,0.1780821917808219,0.38258191900736827,0.07435381622053683,0.0022511858915095218,0.0,0.0
0.08053763307208475,0.0004637119396560237,"{((frozenset({magenta}), frozenset()),) x 0: 0.15789473684210525, ((frozenset({green}), frozenset()),) x 0: 0.18181818181818182, ((frozenset({yellow}), frozenset()),) x 0: 0.17647058823529413, ((frozenset({blue}), frozenset()),) x 0: 0.42857142857142855}",1.683362741023302,0.024291432872691046,655360,896.375,208.70130420052482,2.2568520762433764e-05,7:40:31,0.2222222222222222,0.41573970964154905,157.23690897752135,0.2222222222222222,0.41573970964154905,0.08740797522477806,0.0019666233638417907,0.0,0.0
0.04832502233116863,0.000287396673043429,"{((frozenset({green}), frozenset()),) x 0: 0.2, ((frozenset({yellow}), frozenset()),) x 0: 0.3333333333333333, ((frozenset({magenta}), frozenset()),) x 0: 0.0, ((frozenset({blue}), frozenset()),) x 0: 0.15384615384615385}",1.6878210417926311,0.024652498153364698,720896,942.8405797101449,155.51435212097297,0.0018128147339666612,6:29:22,0.15942028985507245,0.3660675634873938,183.16143191588358,0.15942028985507245,0.3660675634873938,0.09091317956335843,0.001329338709183503,0.0,0.0
0.08015282762510678,0.0005207472648304259,"{((frozenset({magenta}), frozenset()),) x 0: 0.041666666666666664, ((frozenset({green}), frozenset()),) x 0: 0.21052631578947367, ((frozenset({yellow}), frozenset()),) x 0: 0.3333333333333333, ((frozenset({blue}), frozenset()),) x 0: 0.3}",1.6885778829455376,0.018569474414099906,786432,902.6388888888889,225.49749355317772,0.0009154579802270746,6:55:37,0.19444444444444445,0.3957724124659724,168.96502616832268,0.19444444444444445,0.3957724124659724,0.08801509253680706,0.0015840660125832073,0.0,0.0
0.10583207540733615,0.0007793614309594381,"{((frozenset({blue}), frozenset()),) x 0: 0.2, ((frozenset({magenta}), frozenset()),) x 0: 0.1111111111111111, ((frozenset({green}), frozenset()),) x 0: 0.18518518518518517, ((frozenset({yellow}), frozenset()),) x 0: 0.45454545454545453}",1.6885515823960304,0.016592219998123235,851968,873.55,275.0915711176917,0.00013679933681487455,7:39:47,0.2,0.4000000000000001,150.3569884018567,0.2,0.4000000000000001,0.0828210269100964,0.0017066524087567814,0.0,0.0
0.17872393544982407,0.0012644106375798937,"{((frozenset({magenta}), frozenset()),) x 0: 0.08333333333333333, ((frozenset({blue}), frozenset()),) x 0: 0.52, ((frozenset({green}), frozenset()),) x 0: 0.5384615384615384, ((frozenset({yellow}), frozenset()),) x 0: 0.6666666666666666}",1.687347900122404,0.029416482222702017,917504,761.3095238095239,310.904248626581,-0.00455108103051316,6:32:08,0.39285714285714285,0.5349200461585946,173.51568923095851,0.4166666666666667,0.4930066485916346,0.09230152610689402,0.003296823793789372,0.0,0.0
0.154267448898919,0.001319299888024442,"{((frozenset({green}), frozenset()),) x 0: 0.5789473684210527, ((frozenset({magenta}), frozenset()),) x 0: 0.1794871794871795, ((frozenset({yellow}), frozenset()),) x 0: 0.6153846153846154, ((frozenset({blue}), frozenset()),) x 0: 0.2727272727272727}",1.686620056629181,0.027521597283500475,983040,821.109756097561,296.4085844391299,-0.002934695958174416,6:25:46,0.35365853658536583,0.4781047752173819,173.54568349729263,0.35365853658536583,0.4781047752173819,0.09918288700282574,0.0025350382456963416,0.0,0.0
0.1574253952727554,0.0012259010153922434,"{((frozenset({magenta}), frozenset()),) x 0: 0.0967741935483871, ((frozenset({green}), frozenset()),) x 0: 0.5263157894736842, ((frozenset({blue}), frozenset()),) x 0: 0.43478260869565216, ((frozenset({yellow}), frozenset()),) x 0: 0.5714285714285714}",1.6896604858338833,0.031805933089468275,1048576,815.5625,306.37892566844414,-0.0022775787674618186,6:50:33,0.3375,0.47285700798444347,160.41059434141718,0.3375,0.47285700798444347,0.09811021317727864,0.0024007844731386285,0.0,0.0
0.22377183988237812,0.0018101571669413416,"{((frozenset({blue}), frozenset()),) x 0: 0.38461538461538464, ((frozenset({magenta}), frozenset()),) x 0: 0.20689655172413793, ((frozenset({green}), frozenset()),) x 0: 0.6666666666666666, ((frozenset({yellow}), frozenset()),) x 0: 1.0}",1.6876994632184505,0.02659332437995523,1114112,741.7241379310345,337.95836272328233,-0.006373154974426143,6:38:25,0.4827586206896552,0.49970264642032536,162.5519801548446,0.4827586206896552,0.49970264642032536,0.10119035188108683,0.002594753594166832,0.0,0.0
0.16970880869622662,0.0012261409640897494,"{((frozenset({yellow}), frozenset()),) x 0: 0.8, ((frozenset({blue}), frozenset()),) x 0: 0.6296296296296297, ((frozenset({magenta}), frozenset()),) x 0: 0.14705882352941177, ((frozenset({green}), frozenset()),) x 0: 0.2}",1.690651286393404,0.029156144828264965,1179648,794.0864197530864,310.16046016561296,-0.002865554737581988,6:09:34,0.35802469135802467,0.479419452813521,172.28631260610064,0.35802469135802467,0.479419452813521,0.09939040918834507,0.0019253367572673596,0.0,0.0
0.1924944276310304,0.0016366627628534925,"{((frozenset({blue}), frozenset()),) x 0: 0.30434782608695654, ((frozenset({magenta}), frozenset()),) x 0: 0.25, ((frozenset({green}), frozenset()),) x 0: 0.6, ((frozenset({yellow}), frozenset()),) x 0: 0.75}",1.6898005455732346,0.024233269697923384,1245184,778.6506024096385,339.4346977931133,-0.003154329209792195,6:08:02,0.37349397590361444,0.4837315638526442,170.03964920432014,0.37349397590361444,0.4837315638526442,0.10098530794493854,0.0017536070517962798,0.0,0.0
0.2722736492930451,0.0020897239774008737,"{((frozenset({magenta}), frozenset()),) x 0: 0.4897959183673469, ((frozenset({green}), frozenset()),) x 0: 0.6956521739130435, ((frozenset({blue}), frozenset()),) x 0: 0.3, ((frozenset({yellow}), frozenset()),) x 0: 1.0}",1.6880393251776695,0.03576659098250294,1310720,673.47,350.68659669283056,-0.008536784502211958,6:49:46,0.54,0.49839743177508444,150.05374410759578,0.54,0.49839743177508444,0.12718525645323098,0.00259259656741051,0.0,0.0
0.23256606380310918,0.0019430371525514113,"{((frozenset({magenta}), frozenset()),) x 0: 0.3684210526315789, ((frozenset({green}), frozenset()),) x 0: 0.65, ((frozenset({yellow}), frozenset()),) x 0: 0.7647058823529411, ((frozenset({blue}), frozenset()),) x 0: 0.3333333333333333}",1.6860953122377396,0.032562873890519366,1376256,696.0421052631579,345.4899774855072,-0.004400331155920867,5:51:42,0.45263157894736844,0.5575967426589064,171.72130735005578,0.4842105263157895,0.499750630335546,0.1333786896429956,0.002125742001226172,0.0,0.0
0.292815607334371,0.0024678419825197658,"{((frozenset({yellow}), frozenset()),) x 0: 1.0, ((frozenset({green}), frozenset()),) x 0: 0.8095238095238095, ((frozenset({magenta}), frozenset()),) x 0: 0.6129032258064516, ((frozenset({blue}), frozenset()),) x 0: 0.35135135135135137}",1.6857759393751621,0.03886953306852983,1441792,654.1,349.14514173907673,-0.008209901294321753,5:46:35,0.6,0.4898979485566357,171.10125808847238,0.6,0.4898979485566357,0.15544018242508173,0.0023425806866725907,0.0,0.0
0.300914937350843,0.0025658824635470356,"{((frozenset({magenta}), frozenset()),) x 0: 0.6333333333333333, ((frozenset({yellow}), frozenset()),) x 0: 0.8181818181818182, ((frozenset({blue}), frozenset()),) x 0: 0.47619047619047616, ((frozenset({green}), frozenset()),) x 0: 0.631578947368421}",1.6845037154853344,0.03950057218086335,1507328,644.2647058823529,358.45072203424877,-0.0067592167179100215,6:19:25,0.5882352941176471,0.4921529567847504,153.41988946506189,0.5882352941176471,0.4921529567847504,0.17053284170106053,0.002529191475332482,0.0,0.0
0.3405165408582379,0.002821026359975072,"{((frozenset({green}), frozenset()),) x 0: 0.9393939393939394, ((frozenset({blue}), frozenset()),) x 0: 0.45652173913043476, ((frozenset({magenta}), frozenset()),) x 0: 0.5, ((frozenset({yellow}), frozenset()),) x 0: 0.7272727272727273}",1.684442900121212,0.0377694638153852,1572864,595.2589285714286,362.987129482962,-0.006855225350591354,5:37:59,0.6339285714285714,0.48172932000772184,168.99792545044014,0.6339285714285714,0.48172932000772184,0.20120893651619554,0.002460461710143136,0.0,0.0
0.33967124113927993,0.0026077269541915273,"{((frozenset({green}), frozenset()),) x 0: 0.8, ((frozenset({blue}), frozenset()),) x 0: 0.5294117647058824, ((frozenset({yellow}), frozenset()),) x 0: 0.8421052631578947, ((frozenset({magenta}), frozenset()),) x 0: 0.6666666666666666}",1.6814470030367374,0.03922348931502427,1638400,587.651376146789,338.14834093893995,-0.008960952269262634,5:21:51,0.6788990825688074,0.46689947339447596,174.07285821003313,0.6788990825688074,0.46689947339447596,0.19863064726814628,0.002545095849200152,0.0,0.0
0.34667563694741266,0.0027117061907598206,"{((frozenset({yellow}), frozenset()),) x 0: 0.9230769230769231, ((frozenset({blue}), frozenset()),) x 0: 0.3888888888888889, ((frozenset({magenta}), frozenset()),) x 0: 0.7272727272727273, ((frozenset({green}), frozenset()),) x 0: 0.75}",1.6768250167369843,0.0335642323424281,1703936,580.0608695652174,344.82765164408477,-0.00725956326641608,5:44:58,0.6695652173913044,0.4703696812625573,159.24058314331674,0.6695652173913044,0.4703696812625573,0.23297284822911024,0.0020170695934211835,0.0,0.0
0.4255500212891216,0.003397174940160014,"{((frozenset({green}), frozenset()),) x 0: 1.0, ((frozenset({magenta}), frozenset()),) x 0: 0.6923076923076923, ((frozenset({blue}), frozenset()),) x 0: 0.6440677966101694, ((frozenset({yellow}), frozenset()),) x 0: 0.8947368421052632}",1.6776519604027271,0.03987826674376578,1769472,492.5864661654135,342.43678145099943,-0.011662100470857695,5:09:22,0.7669172932330827,0.42279446374464813,174.03642059186902,0.7669172932330827,0.42279446374464813,0.2706015883013606,0.0026594852170092054,0.0,0.0
0.4558964736907873,0.003554540739278714,"{((frozenset({yellow}), frozenset()),) x 0: 1.0, ((frozenset({blue}), frozenset()),) x 0: 0.6666666666666666, ((frozenset({magenta}), frozenset()),) x 0: 0.8444444444444444, ((frozenset({green}), frozenset()),) x 0: 0.9333333333333333}",1.6757469400763512,0.03661842126778038,1835008,442.25342465753425,304.69580185219803,-0.016613915795460343,5:33:56,0.8287671232876712,0.3944753589036145,157.96294722718585,0.8356164383561644,0.3706232673553064,0.29367945715785027,0.002556819388701115,0.0,0.0
0.44302578922716507,0.0037201929948460946,"{((frozenset({green}), frozenset()),) x 0: 1.0, ((frozenset({yellow}), frozenset()),) x 0: 0.9310344827586207, ((frozenset({magenta}), frozenset()),) x 0: 0.9090909090909091, ((frozenset({blue}), frozenset()),) x 0: 0.6470588235294118}",1.6709204874932766,0.051036988592221826,1900544,466.8014184397163,320.2832128786782,-0.01295897556701675,5:37:57,0.8226950354609929,0.41741670835637334,152.8537685829194,0.8368794326241135,0.3694756390817335,0.3031134298071265,0.0029470131630660035,0.0,0.0
0.5196065562677739,0.004453699691172492,"{((frozenset({yellow}), frozenset()),) x 0: 0.9555555555555556, ((frozenset({magenta}), frozenset()),) x 0: 0.918918918918919, ((frozenset({blue}), frozenset()),) x 0: 0.75, ((frozenset({green}), frozenset()),) x 0: 1.0}",1.658578272908926,0.04313903970600221,1966080,382.51428571428573,295.6698130809889,-0.018274361093062907,4:57:04,0.88,0.32496153618543844,170.20779110498307,0.88,0.32496153618543844,0.3626439869403839,0.0029763334678136744,0.0,0.0
0.5080979228438338,0.00440095841744639,"{((frozenset({magenta}), frozenset()),) x 0: 1.0, ((frozenset({green}), frozenset()),) x 0: 1.0, ((frozenset({yellow}), frozenset()),) x 0: 0.9666666666666667, ((frozenset({blue}), frozenset()),) x 0: 0.5892857142857143}",1.6742805019021034,0.03846317928239679,2031616,395.27848101265823,307.82805642394476,-0.011397284106351435,4:45:34,0.8481012658227848,0.3589227057913374,173.24101183297682,0.8481012658227848,0.3589227057913374,0.3653278313577175,0.002165785066608805,0.0,0.0
0.5611959514492875,0.005141963442846604,"{((frozenset({blue}), frozenset()),) x 0: 0.7297297297297297, ((frozenset({green}), frozenset()),) x 0: 0.9565217391304348, ((frozenset({yellow}), frozenset()),) x 0: 0.9782608695652174, ((frozenset({magenta}), frozenset()),) x 0: 0.9705882352941176}",1.6634010896086693,0.04470979457192201,2097152,341.47,294.63538331300265,-0.013997049652971327,4:43:02,0.88,0.3249615361854384,170.93302535687053,0.88,0.3249615361854384,0.44037023838609457,0.0025598816864658147,0.0,0.0
0.5784499670056938,0.005590707787539304,"{((frozenset({yellow}), frozenset()),) x 0: 0.9791666666666666, ((frozenset({blue}), frozenset()),) x 0: 0.711864406779661, ((frozenset({green}), frozenset()),) x 0: 1.0, ((frozenset({magenta}), frozenset()),) x 0: 0.9807692307692307}",1.6641320176422596,0.04323393898627041,2162688,320.68932038834953,276.1288227968058,-0.01538046624045819,3:16:47,0.9029126213592233,0.3120419161162757,240.3004201100169,0.9077669902912622,0.2893545949674996,0.4461212558671832,0.0026181608554907143,0.0,0.0
0.5728532762869424,0.005089487087165522,"{((frozenset({yellow}), frozenset()),) x 0: 1.0, ((frozenset({magenta}), frozenset()),) x 0: 1.0, ((frozenset({green}), frozenset()),) x 0: 1.0, ((frozenset({blue}), frozenset()),) x 0: 0.75}",1.6609019711613655,0.04330959939713659,2228224,321.75961538461536,263.8666255163592,-0.01579148563905619,4:03:18,0.9086538461538461,0.2881007358957429,189.86558001280872,0.9086538461538461,0.2881007358957429,0.4391830191016197,0.001952693422936136,0.0,0.0
0.598651558257336,0.005781976032340295,"{((frozenset({yellow}), frozenset()),) x 0: 0.9787234042553191, ((frozenset({blue}), frozenset()),) x 0: 0.8333333333333334, ((frozenset({magenta}), frozenset()),) x 0: 0.975, ((frozenset({green}), frozenset()),) x 0: 1.0}",1.6551842391490936,0.046556210717143526,2293760,300.30555555555554,261.08264472489014,-0.013335085473954678,3:07:47,0.9212962962962963,0.2692757522077013,240.1733948941832,0.9212962962962963,0.2692757522077013,0.47739293705672026,0.002367516979575157,0.0,0.0
0.4022618844092203,0.0025916201990957427,"{((frozenset({magenta}), frozenset()),) x 0: 1.0, ((frozenset({yellow}), frozenset()),) x 0: 1.0, ((frozenset({blue}), frozenset()),) x 0: 0.875, ((frozenset({green}), frozenset()),) x 0: 0.8, ((frozenset({blue}), frozenset()), (frozenset({green}), frozenset())) x 0: 1.0, ((frozenset({green}), frozenset()), (frozenset({yellow}), frozenset())) x 0: 0.8888888888888888, ((frozenset({magenta}), frozenset()), (frozenset({yellow}), frozenset())) x 0: 0.9, ((frozenset({yellow}), frozenset()), (frozenset({magenta}), frozenset())) x 0: 1.0, ((frozenset({yellow}), frozenset()), (frozenset({green}), frozenset())) x 0: 1.0, ((frozenset({green}), frozenset()), (frozenset({blue}), frozenset())) x 0: 0.8, ((frozenset({blue}), frozenset()), (frozenset({yellow}), frozenset())) x 0: 0.8, ((frozenset({yellow}), frozenset()), (frozenset({blue}), frozenset())) x 0: 1.0, ((frozenset({magenta}), frozenset()), (frozenset({green}), frozenset())) x 0: 0.8333333333333334, ((frozenset({magenta}), frozenset()), (frozenset({blue}), frozenset())) x 0: 0.7142857142857143, ((frozenset({green}), frozenset()), (frozenset({magenta}), frozenset())) x 0: 1.0, ((frozenset({blue}), frozenset()), (frozenset({magenta}), frozenset())) x 0: 0.6666666666666666}",1.6648069694638252,0.07559349864001261,2359296,497.40625,263.80880379725295,0.006966387954889797,4:20:20,0.8828125,0.3216435757849828,169.05415292680948,0.8828125,0.3216435757849828,0.5382631048560143,0.00511444520088844,0.0,0.0
0.3695851092422311,0.0022210403215408713,"{((frozenset({magenta}), frozenset()), (frozenset({yellow}), frozenset())) x 0: 0.9, ((frozenset({yellow}), frozenset()), (frozenset({blue}), frozenset())) x 0: 0.5714285714285714, ((frozenset({yellow}), frozenset()), (frozenset({green}), frozenset())) x 0: 1.0, ((frozenset({magenta}), frozenset()), (frozenset({green}), frozenset())) x 0: 1.0, ((frozenset({blue}), frozenset()), (frozenset({magenta}), frozenset())) x 0: 0.7857142857142857, ((frozenset({yellow}), frozenset()), (frozenset({magenta}), frozenset())) x 0: 1.0, ((frozenset({green}), frozenset()), (frozenset({blue}), frozenset())) x 0: 0.8571428571428571, ((frozenset({green}), frozenset()), (frozenset({magenta}), frozenset())) x 0: 1.0, ((frozenset({magenta}), frozenset()), (frozenset({blue}), frozenset())) x 0: 0.8888888888888888, ((frozenset({blue}), frozenset()), (frozenset({yellow}), frozenset())) x 0: 0.8461538461538461, ((frozenset({green}), frozenset()), (frozenset({yellow}), frozenset())) x 0: 1.0, ((frozenset({blue}), frozenset()), (frozenset({green}), frozenset())) x 0: 0.8}",1.6717970632016659,0.05246520184199889,2424832,531.7235772357724,243.79990798843806,0.007454337544913869,4:22:18,0.8943089430894309,0.30744179514128517,163.6268731093498,0.8943089430894309,0.30744179514128517,0.5468078907579184,0.0033206905718543567,0.0,0.0
0.3566149505689844,0.002144855571847354,"{((frozenset({blue}), frozenset()), (frozenset({yellow}), frozenset())) x 0: 0.875, ((frozenset({magenta}), frozenset()), (frozenset({green}), frozenset())) x 0: 1.0, ((frozenset({yellow}), frozenset()), (frozenset({blue}), frozenset())) x 0: 0.7058823529411765, ((frozenset({blue}), frozenset()), (frozenset({green}), frozenset())) x 0: 0.6666666666666666, ((frozenset({yellow}), frozenset()), (frozenset({magenta}), frozenset())) x 0: 1.0, ((frozenset({green}), frozenset()), (frozenset({yellow}), frozenset())) x 0: 1.0, ((frozenset({blue}), frozenset()), (frozenset({magenta}), frozenset())) x 0: 0.9230769230769231, ((frozenset({green}), frozenset()), (frozenset({blue}), frozenset())) x 0: 0.8333333333333334, ((frozenset({green}), frozenset()), (frozenset({magenta}), frozenset())) x 0: 1.0, ((frozenset({magenta}), frozenset()), (frozenset({blue}), frozenset())) x 0: 0.5454545454545454, ((frozenset({yellow}), frozenset()), (frozenset({green}), frozenset())) x 0: 1.0, ((frozenset({magenta}), frozenset()), (frozenset({yellow}), frozenset())) x 0: 1.0}",1.6727020926773548,0.0486207102336578,2490368,544.7983193277311,256.7252587584056,0.007709725890890695,4:34:41,0.8403361344537815,0.36629402886896417,152.2661357431949,0.8403361344537815,0.36629402886896417,0.5065597789362073,0.0025288607794209383,0.0,0.0
0.38321897534499927,0.0023663630146039606,"{((frozenset({blue}), frozenset()), (frozenset({yellow}), frozenset())) x 0: 1.0, ((frozenset({yellow}), frozenset()), (frozenset({blue}), frozenset())) x 0: 0.9333333333333333, ((frozenset({blue}), frozenset()), (frozenset({green}), frozenset())) x 0: 0.8095238095238095, ((frozenset({magenta}), frozenset()), (frozenset({yellow}), frozenset())) x 0: 1.0, ((frozenset({magenta}), frozenset()), (frozenset({blue}), frozenset())) x 0: 0.8, ((frozenset({green}), frozenset()), (frozenset({magenta}), frozenset())) x 0: 1.0, ((frozenset({blue}), frozenset()), (frozenset({magenta}), frozenset())) x 0: 0.8571428571428571, ((frozenset({magenta}), frozenset()), (frozenset({green}), frozenset())) x 0: 0.875, ((frozenset({green}), frozenset()), (frozenset({blue}), frozenset())) x 0: 0.75, ((frozenset({green}), frozenset()), (frozenset({yellow}), frozenset())) x 0: 1.0, ((frozenset({yellow}), frozenset()), (frozenset({magenta}), frozenset())) x 0: 1.0, ((frozenset({yellow}), frozenset()), (frozenset({green}), frozenset())) x 0: 1.0}",1.6777257286012173,0.047772798068280733,2555904,515.1374045801526,245.30441481787818,0.0032514705853827763,4:42:41,0.8931297709923665,0.3089481884709628,144.099483257929,0.8931297709923665,0.3089481884709628,0.5192381385713816,0.001946346597833326,0.0,0.0
0.4175833349766236,0.002630787250348954,"{((frozenset({blue}), frozenset()), (frozenset({yellow}), frozenset())) x 0: 0.9230769230769231, ((frozenset({blue}), frozenset()), (frozenset({green}), frozenset())) x 0: 0.9230769230769231, ((frozenset({yellow}), frozenset()), (frozenset({magenta}), frozenset())) x 0: 1.0, ((frozenset({yellow}), frozenset()), (frozenset({blue}), frozenset())) x 0: 0.7692307692307693, ((frozenset({blue}), frozenset()), (frozenset({magenta}), frozenset())) x 0: 0.9166666666666666, ((frozenset({green}), frozenset()), (frozenset({magenta}), frozenset())) x 0: 0.9090909090909091, ((frozenset({green}), frozenset()), (frozenset({blue}), frozenset())) x 0: 0.9375, ((frozenset({magenta}), frozenset()), (frozenset({green}), frozenset())) x 0: 1.0, ((frozenset({magenta}), frozenset()), (frozenset({blue}), frozenset())) x 0: 0.8333333333333334, ((frozenset({green}), frozenset()), (frozenset({yellow}), frozenset())) x 0: 1.0, ((frozenset({yellow}), frozenset()), (frozenset({green}), frozenset())) x 0: 0.9, ((frozenset({magenta}), frozenset()), (frozenset({yellow}), frozenset())) x 0: 1.0}",1.6780018955469131,0.04006011295449792,2621440,468.41007194244605,240.96878250752792,0.004005920280178543,4:13:16,0.9136690647482014,0.3053954716085054,156.52485716625048,0.920863309352518,0.26995198617688804,0.5650102477520704,0.0018642340401129331,0.0,0.0
0.4092118615664024,0.002473617544175344,"{((frozenset({yellow}), frozenset()), (frozenset({magenta}), frozenset())) x 0: 1.0, ((frozenset({blue}), frozenset()), (frozenset({green}), frozenset())) x 0: 1.0, ((frozenset({green}), frozenset()), (frozenset({magenta}), frozenset())) x 0: 1.0, ((frozenset({green}), frozenset()), (frozenset({blue}), frozenset())) x 0: 0.8333333333333334, ((frozenset({blue}), frozenset()), (frozenset({yellow}), frozenset())) x 0: 0.8888888888888888, ((frozenset({magenta}), frozenset()), (frozenset({green}), frozenset())) x 0: 1.0, ((frozenset({magenta}), frozenset()), (frozenset({blue}), frozenset())) x 0: 0.8333333333333334, ((frozenset({yellow}), frozenset()), (frozenset({green}), frozenset())) x 0: 1.0, ((frozenset({yellow}), frozenset()), (frozenset({blue}), frozenset())) x 0: 0.9473684210526315, ((frozenset({green}), frozenset()), (frozenset({yellow}), frozenset())) x 0: 1.0, ((frozenset({blue}), frozenset()), (frozenset({magenta}), frozenset())) x 0: 0.9090909090909091, ((frozenset({magenta}), frozenset()), (frozenset({yellow}), frozenset())) x 0: 1.0}",1.6696639023721218,0.03973286329794999,2686976,454.9225352112676,193.70014847782969,0.0020607279875548556,4:08:31,0.9295774647887324,0.30599381665352715,155.11424302565294,0.9436619718309859,0.23057331751753382,0.5657216664403677,0.001445189569494687,0.0,0.0
0.43793773887869836,0.003995868352903782,"{((frozenset({magenta}), frozenset()), (frozenset({green}), frozenset())) x 0: 1.0, ((frozenset({yellow}), frozenset()), (frozenset({magenta}), frozenset())) x 0: 1.0, ((frozenset({magenta}), frozenset()), (frozenset({yellow}), frozenset())) x 0: 1.0, ((frozenset({magenta}), frozenset()), (frozenset({blue}), frozenset())) x 0: 0.6666666666666666, ((frozenset({blue}), frozenset({green})),) x 0: 0.6666666666666666, ((frozenset({green}), frozenset()), (frozenset({yellow}), frozenset())) x 0: 1.0, ((frozenset({yellow}), frozenset()), (frozenset({blue}), frozenset())) x 0: 0.3333333333333333, ((frozenset({yellow}), frozenset({blue})),) x 0: 0.7241379310344828, ((frozenset({green}), frozenset({yellow})),) x 0: 0.9090909090909091, ((frozenset({blue}), frozenset()), (frozenset({green}), frozenset())) x 0: 1.0, ((frozenset({yellow}), frozenset({magenta})),) x 0: 0.7619047619047619, ((frozenset({magenta}), frozenset({green})),) x 0: 0.9642857142857143, ((frozenset({green}), frozenset({blue})),) x 0: 0.8148148148148148, ((frozenset({yellow}), frozenset({green})),) x 0: 0.8333333333333334, ((frozenset({magenta}), frozenset({blue})),) x 0: 0.875, ((frozenset({blue}), frozenset()), (frozenset({yellow}), frozenset())) x 0: 1.0, ((frozenset({green}), frozenset({magenta})),) x 0: 0.8125, ((frozenset({magenta}), frozenset({yellow})),) x 0: 0.8333333333333334, ((frozenset({blue}), frozenset({yellow})),) x 0: 0.875, ((frozenset({blue}), frozenset({magenta})),) x 0: 0.8076923076923077}",1.6748016700148582,0.08428556787466762,2752512,212.54294478527606,146.2734737993889,0.016950440796790645,3:38:53,0.6595092024539877,0.7455502383413037,171.12867920917205,0.8251533742331288,0.37983586353161924,0.6667088735848665,0.01722616859478876,0.1656441717791411,0.3717609179765182
0.4786258829891589,0.00475450055923805,"{((frozenset({blue}), frozenset({green})),) x 0: 0.7708333333333334, ((frozenset({yellow}), frozenset({green})),) x 0: 0.8571428571428571, ((frozenset({green}), frozenset({blue})),) x 0: 0.9666666666666667, ((frozenset({yellow}), frozenset({magenta})),) x 0: 0.8214285714285714, ((frozenset({magenta}), frozenset({green})),) x 0: 0.7777777777777778, ((frozenset({magenta}), frozenset({blue})),) x 0: 0.7619047619047619, ((frozenset({magenta}), frozenset({yellow})),) x 0: 0.6521739130434783, ((frozenset({green}), frozenset({yellow})),) x 0: 0.8064516129032258, ((frozenset({blue}), frozenset({magenta})),) x 0: 0.96, ((frozenset({yellow}), frozenset({blue})),) x 0: 0.8235294117647058, ((frozenset({green}), frozenset({magenta})),) x 0: 0.9583333333333334, ((frozenset({blue}), frozenset({yellow})),) x 0: 0.9032258064516129}",1.6752566248178482,0.07278018627065466,2818048,191.27859237536657,138.02584370321162,0.015362250385805964,2:29:52,0.6862170087976539,0.7213241732243945,242.63412059880957,0.8387096774193549,0.3677985242255284,0.6589031256735325,0.014509253291180357,0.15249266862170088,0.35949778113130687
0.4958953742898246,0.004771234696129453,"{((frozenset({yellow}), frozenset({magenta})),) x 0: 0.8620689655172413, ((frozenset({green}), frozenset({yellow})),) x 0: 0.84375, ((frozenset({yellow}), frozenset({green})),) x 0: 0.9666666666666667, ((frozenset({green}), frozenset({blue})),) x 0: 0.8888888888888888, ((frozenset({blue}), frozenset({green})),) x 0: 0.8148148148148148, ((frozenset({green}), frozenset({magenta})),) x 0: 0.95, ((frozenset({magenta}), frozenset({yellow})),) x 0: 0.8378378378378378, ((frozenset({blue}), frozenset({magenta})),) x 0: 0.8571428571428571, ((frozenset({magenta}), frozenset({green})),) x 0: 0.7714285714285715, ((frozenset({yellow}), frozenset({blue})),) x 0: 0.8918918918918919, ((frozenset({blue}), frozenset({yellow})),) x 0: 0.8333333333333334, ((frozenset({magenta}), frozenset({blue})),) x 0: 0.8214285714285714}",1.676634892821312,0.06747617786155077,2883584,190.4457478005865,117.925074954537,0.0118338160100393,3:08:40,0.7214076246334311,0.6903900982785764,186.95892296796586,0.8592375366568915,0.34777635379175587,0.6697997469455004,0.0117645199643448,0.1378299120234604,0.3447213764405474
0.5385939010329356,0.0052875887752898,"{((frozenset({green}), frozenset({magenta})),) x 0: 0.90625, ((frozenset({yellow}), frozenset({green})),) x 0: 0.7777777777777778, ((frozenset({yellow}), frozenset({magenta})),) x 0: 0.875, ((frozenset({magenta}), frozenset({yellow})),) x 0: 0.9166666666666666, ((frozenset({yellow}), frozenset({blue})),) x 0: 0.8666666666666667, ((frozenset({green}), frozenset({blue})),) x 0: 0.9393939393939394, ((frozenset({magenta}), frozenset({green})),) x 0: 0.8387096774193549, ((frozenset({green}), frozenset({yellow})),) x 0: 0.9583333333333334, ((frozenset({blue}), frozenset({green})),) x 0: 0.84375, ((frozenset({magenta}), frozenset({blue})),) x 0: 0.8611111111111112, ((frozenset({blue}), frozenset({yellow})),) x 0: 0.9565217391304348, ((frozenset({blue}), frozenset({magenta})),) x 0: 0.9090909090909091}",1.6807753220200539,0.06613933431137013,2949120,185.66666666666666,118.16457125713758,0.00561380715953419,2:21:50,0.7787356321839081,0.6250577988864217,240.96982923081208,0.8879310344827587,0.3154512838539998,0.6686190012842417,0.008981101345852949,0.10919540229885058,0.311884219568164
0.5421773112034581,0.005321427785765841,"{((frozenset({green}), frozenset({magenta})),) x 0: 0.8928571428571429, ((frozenset({blue}), frozenset({yellow})),) x 0: 0.8484848484848485, ((frozenset({magenta}), frozenset({green})),) x 0: 0.9333333333333333, ((frozenset({blue}), frozenset({green})),) x 0: 0.84375, ((frozenset({magenta}), frozenset({yellow})),) x 0: 0.7931034482758621, ((frozenset({magenta}), frozenset({blue})),) x 0: 0.8181818181818182, ((frozenset({yellow}), frozenset({magenta})),) x 0: 0.8787878787878788, ((frozenset({green}), frozenset({yellow})),) x 0: 0.9444444444444444, ((frozenset({blue}), frozenset({magenta})),) x 0: 0.9166666666666666, ((frozenset({yellow}), frozenset({green})),) x 0: 0.9210526315789473, ((frozenset({yellow}), frozenset({blue})),) x 0: 0.8461538461538461, ((frozenset({green}), frozenset({blue})),) x 0: 1.0}",1.6802950389683247,0.057918277957592884,3014656,193.68421052631578,139.40401437683468,0.005538007113500498,2:54:06,0.7719298245614035,0.626441090223057,190.05430632551491,0.8801169590643275,0.324824718012174,0.6406147256493568,0.00802134643890895,0.10526315789473684,0.30689220499185793
0.5536983565291904,0.005493279914766636,"{((frozenset({magenta}), frozenset({blue})),) x 0: 0.9285714285714286, ((frozenset({yellow}), frozenset({magenta})),) x 0: 0.9473684210526315, ((frozenset({magenta}), frozenset({yellow})),) x 0: 0.8974358974358975, ((frozenset({yellow}), frozenset({green})),) x 0: 0.782608695652174, ((frozenset({green}), frozenset({yellow})),) x 0: 0.8095238095238095, ((frozenset({magenta}), frozenset({green})),) x 0: 0.875, ((frozenset({blue}), frozenset({yellow})),) x 0: 0.75, ((frozenset({blue}), frozenset({magenta})),) x 0: 0.8974358974358975, ((frozenset({blue}), frozenset({green})),) x 0: 0.9310344827586207, ((frozenset({yellow}), frozenset({blue})),) x 0: 0.9333333333333333, ((frozenset({green}), frozenset({blue})),) x 0: 0.9523809523809523, ((frozenset({green}), frozenset({magenta})),) x 0: 0.9545454545454546}",1.6808912567794323,0.05950454429532988,3080192,205.67301587301588,149.93839285789772,0.0022799912649134058,2:12:32,0.7936507936507936,0.6004953024076506,241.41252151749953,0.8920634920634921,0.31030020655968005,0.6194930821657181,0.007034848313196562,0.09523809523809523,0.29354352395090366
0.576318433254676,0.005718571483193554,"{((frozenset({magenta}), frozenset({yellow})),) x 0: 0.9090909090909091, ((frozenset({green}), frozenset({magenta})),) x 0: 0.9130434782608695, ((frozenset({blue}), frozenset({magenta})),) x 0: 0.8461538461538461, ((frozenset({magenta}), frozenset({green})),) x 0: 0.92, ((frozenset({blue}), frozenset({green})),) x 0: 0.896551724137931, ((frozenset({blue}), frozenset({yellow})),) x 0: 0.8055555555555556, ((frozenset({yellow}), frozenset({green})),) x 0: 0.9024390243902439, ((frozenset({yellow}), frozenset({blue})),) x 0: 0.9545454545454546, ((frozenset({magenta}), frozenset({blue})),) x 0: 0.9, ((frozenset({green}), frozenset({yellow})),) x 0: 0.9767441860465116, ((frozenset({yellow}), frozenset({magenta})),) x 0: 0.9545454545454546, ((frozenset({green}), frozenset({blue})),) x 0: 0.8571428571428571}",1.6805100440979004,0.05820149316266011,3145728,196.12609970674487,148.93673574470864,-1.5562475709884893e-05,2:46:49,0.8211143695014663,0.5577709526319644,185.24880485423873,0.9032258064516129,0.2956500448358606,0.6463010739535093,0.0061245146207511425,0.08211143695014662,0.27453442201685513
0.6086072392996588,0.005954449951806448,"{((frozenset({magenta}), frozenset({yellow})),) x 0: 0.8529411764705882, ((frozenset({yellow}), frozenset({green})),) x 0: 0.92, ((frozenset({green}), frozenset({yellow})),) x 0: 0.8888888888888888, ((frozenset({magenta}), frozenset({green})),) x 0: 0.9047619047619048, ((frozenset({yellow}), frozenset({magenta})),) x 0: 0.9666666666666667, ((frozenset({blue}), frozenset({green})),) x 0: 0.9090909090909091, ((frozenset({magenta}), frozenset({blue})),) x 0: 0.8666666666666667, ((frozenset({blue}), frozenset({yellow})),) x 0: 0.975, ((frozenset({blue}), frozenset({magenta})),) x 0: 0.9583333333333334, ((frozenset({yellow}), frozenset({blue})),) x 0: 0.9615384615384616, ((frozenset({green}), frozenset({blue})),) x 0: 0.9629629629629629, ((frozenset({green}), frozenset({magenta})),) x 0: 1.0}",1.6830411665141582,0.05306811859819212,3211264,205.1818181818182,151.3754850531093,-0.002767879805105622,2:04:04,0.877742946708464,0.4692152286411953,240.28878349677635,0.9341692789968652,0.24798596164973175,0.6665151491761208,0.004356646371888928,0.05642633228840126,0.23074315008875168
0.5717624061422482,0.005487072741814229,"{((frozenset({green}), frozenset({blue})),) x 0: 0.9230769230769231, ((frozenset({green}), frozenset({magenta})),) x 0: 0.9166666666666666, ((frozenset({blue}), frozenset({green})),) x 0: 0.92, ((frozenset({yellow}), frozenset({green})),) x 0: 0.85, ((frozenset({yellow}), frozenset({magenta})),) x 0: 0.875, ((frozenset({magenta}), frozenset({blue})),) x 0: 0.9444444444444444, ((frozenset({green}), frozenset({yellow})),) x 0: 0.8846153846153846, ((frozenset({magenta}), frozenset({yellow})),) x 0: 0.9411764705882353, ((frozenset({magenta}), frozenset({green})),) x 0: 0.9642857142857143, ((frozenset({blue}), frozenset({yellow})),) x 0: 0.8888888888888888, ((frozenset({yellow}), frozenset({blue})),) x 0: 0.88, ((frozenset({blue}), frozenset({magenta})),) x 0: 0.8888888888888888}",1.6822919249534607,0.054241076378947234,3276800,208.7188498402556,152.69298540420374,0.0010053500554931816,2:35:34,0.8306709265175719,0.548088630881628,184.60939769380838,0.9105431309904153,0.28540206305593985,0.6568561475723982,0.006429215725802351,0.07348242811501597,0.2609267346849255
0.5911252783817986,0.005808650965806928,"{((frozenset({blue}), frozenset({magenta})),) x 0: 0.9302325581395349, ((frozenset({blue}), frozenset({green})),) x 0: 0.8709677419354839, ((frozenset({yellow}), frozenset({magenta})),) x 0: 0.96, ((frozenset({blue}), frozenset({yellow})),) x 0: 0.9310344827586207, ((frozenset({yellow}), frozenset({green})),) x 0: 0.9166666666666666, ((frozenset({green}), frozenset({yellow})),) x 0: 0.8529411764705882, ((frozenset({yellow}), frozenset({blue})),) x 0: 0.8260869565217391, ((frozenset({magenta}), frozenset({green})),) x 0: 0.9130434782608695, ((frozenset({magenta}), frozenset({blue})),) x 0: 0.9615384615384616, ((frozenset({magenta}), frozenset({yellow})),) x 0: 0.9565217391304348, ((frozenset({green}), frozenset({blue})),) x 0: 0.8461538461538461, ((frozenset({green}), frozenset({magenta})),) x 0: 1.0}",1.684639424085617,0.05785791555048535,3342336,197.88690476190476,156.14284613757783,0.0032086267510749167,1:57:42,0.8363095238095238,0.5345141981318505,234.71856044822118,0.9107142857142857,0.28515570397627343,0.685311933979392,0.0063946777663659304,0.07142857142857142,0.25753937681885636
0.5655603381956589,0.005486300972044649,"{((frozenset({green}), frozenset({blue})),) x 0: 0.8888888888888888, ((frozenset({magenta}), frozenset({green})),) x 0: 0.9565217391304348, ((frozenset({yellow}), frozenset({magenta})),) x 0: 0.8695652173913043, ((frozenset({magenta}), frozenset({blue})),) x 0: 0.8928571428571429, ((frozenset({green}), frozenset({magenta})),) x 0: 0.7894736842105263, ((frozenset({yellow}), frozenset({blue})),) x 0: 0.8064516129032258, ((frozenset({yellow}), frozenset({green})),) x 0: 0.9666666666666667, ((frozenset({blue}), frozenset({magenta})),) x 0: 0.9117647058823529, ((frozenset({blue}), frozenset({green})),) x 0: 0.8666666666666667, ((frozenset({green}), frozenset({yellow})),) x 0: 0.9354838709677419, ((frozenset({magenta}), frozenset({yellow})),) x 0: 0.9565217391304348, ((frozenset({blue}), frozenset({yellow})),) x 0: 0.9259259259259259}",1.6862984038889408,0.05853230573597977,3407872,184.96275071633238,115.52062934587892,0.0044968573238293175,2:23:07,0.8080229226361032,0.5867142634892356,185.40152064412177,0.9025787965616046,0.2965304580629285,0.6831879634410143,0.007162704307120293,0.09169054441260745,0.28858861460204405
0.5911228606380442,0.005986884596846888,"{((frozenset({green}), frozenset({magenta})),) x 0: 0.9032258064516129, ((frozenset({yellow}), frozenset({blue})),) x 0: 0.9090909090909091, ((frozenset({blue}), frozenset({magenta})),) x 0: 0.9166666666666666, ((frozenset({magenta}), frozenset({blue})),) x 0: 0.9024390243902439, ((frozenset({yellow}), frozenset({green})),) x 0: 0.8857142857142857, ((frozenset({magenta}), frozenset({green})),) x 0: 0.8928571428571429, ((frozenset({blue}), frozenset({green})),) x 0: 0.8787878787878788, ((frozenset({blue}), frozenset({yellow})),) x 0: 0.9, ((frozenset({green}), frozenset({yellow})),) x 0: 1.0, ((frozenset({green}), frozenset({blue})),) x 0: 0.9375, ((frozenset({magenta}), frozenset({yellow})),) x 0: 0.88, ((frozenset({yellow}), frozenset({magenta})),) x 0: 0.8888888888888888}",1.6835408434271812,0.06182545393907647,3473408,180.81842818428186,130.55077026598346,0.0032277266564051388,1:46:42,0.8238482384823849,0.5595927078229832,238.44130631949142,0.907859078590786,0.2892247776575775,0.7058960627764463,0.00798853684682399,0.08130081300813008,0.2732965254304327
0.5843771851611194,0.005822150720498959,"{((frozenset({blue}), frozenset({yellow})),) x 0: 0.8666666666666667, ((frozenset({blue}), frozenset({green})),) x 0: 0.84, ((frozenset({yellow}), frozenset({magenta})),) x 0: 0.9523809523809523, ((frozenset({blue}), frozenset({magenta})),) x 0: 0.782608695652174, ((frozenset({green}), frozenset({magenta})),) x 0: 0.9333333333333333, ((frozenset({magenta}), frozenset({blue})),) x 0: 0.9230769230769231, ((frozenset({yellow}), frozenset({green})),) x 0: 0.9583333333333334, ((frozenset({magenta}), frozenset({green})),) x 0: 0.9117647058823529, ((frozenset({yellow}), frozenset({blue})),) x 0: 0.9230769230769231, ((frozenset({magenta}), frozenset({yellow})),) x 0: 0.9512195121951219, ((frozenset({green}), frozenset({yellow})),) x 0: 0.9333333333333333, ((frozenset({green}), frozenset({blue})),) x 0: 0.8636363636363636}",1.6855636946856976,0.05712832770211004,3538944,203.05678233438485,161.91191064066982,0.004467565730010392,2:56:28,0.8296529968454258,0.5410623439405584,137.97975781984772,0.9053627760252366,0.2927132040293261,0.6795304529368877,0.006605292859603651,0.07255520504731862,0.2594049869756944
0.5995119554668413,0.005974283041882425,"{((frozenset({yellow}), frozenset({green})),) x 0: 0.8666666666666667, ((frozenset({blue}), frozenset({green})),) x 0: 0.8918918918918919, ((frozenset({magenta}), frozenset({yellow})),) x 0: 0.9130434782608695, ((frozenset({yellow}), frozenset({magenta})),) x 0: 1.0, ((frozenset({blue}), frozenset({magenta})),) x 0: 0.9444444444444444, ((frozenset({magenta}), frozenset({green})),) x 0: 0.9393939393939394, ((frozenset({green}), frozenset({blue})),) x 0: 0.84, ((frozenset({magenta}), frozenset({blue})),) x 0: 0.9130434782608695, ((frozenset({green}), frozenset({yellow})),) x 0: 0.9523809523809523, ((frozenset({blue}), frozenset({yellow})),) x 0: 0.9629629629629629, ((frozenset({yellow}), frozenset({blue})),) x 0: 0.9655172413793104, ((frozenset({green}), frozenset({magenta})),) x 0: 0.95}",1.6849236190319061,0.0488860857029406,3604480,204.48598130841123,153.1998286493178,0.0036725958889292087,2:22:41,0.8629283489096573,0.49284237384585916,163.00226387128606,0.9252336448598131,0.26301396784056613,0.6955169849097729,0.004739989897643682,0.0529595015576324,0.22395265739079662
0.6160028225272319,0.00610709382752247,"{((frozenset({yellow}), frozenset({blue})),) x 0: 0.967741935483871, ((frozenset({magenta}), frozenset({yellow})),) x 0: 0.9615384615384616, ((frozenset({yellow}), frozenset({green})),) x 0: 1.0, ((frozenset({blue}), frozenset({magenta})),) x 0: 0.92, ((frozenset({blue}), frozenset({yellow})),) x 0: 0.8709677419354839, ((frozenset({blue}), frozenset({green})),) x 0: 0.8620689655172413, ((frozenset({green}), frozenset({magenta})),) x 0: 0.8888888888888888, ((frozenset({green}), frozenset({blue})),) x 0: 0.9142857142857143, ((frozenset({yellow}), frozenset({magenta})),) x 0: 1.0, ((frozenset({magenta}), frozenset({blue})),) x 0: 0.92, ((frozenset({magenta}), frozenset({green})),) x 0: 0.96875, ((frozenset({green}), frozenset({yellow})),) x 0: 0.9583333333333334}",1.6835826896131039,0.05170251672592133,3670016,187.58840579710144,124.89491877230104,0.002877231027923699,2:36:57,0.8753623188405797,0.4804604666665152,141.2311749114603,0.936231884057971,0.2443394019212475,0.7245573382824659,0.0056032213105936535,0.06086956521739131,0.23909090582378292
0.6374847046657014,0.006274803515867096,"{((frozenset({yellow}), frozenset({green})),) x 0: 0.9166666666666666, ((frozenset({yellow}), frozenset({blue})),) x 0: 0.896551724137931, ((frozenset({magenta}), frozenset({yellow})),) x 0: 1.0, ((frozenset({magenta}), frozenset({blue})),) x 0: 0.9166666666666666, ((frozenset({green}), frozenset({yellow})),) x 0: 0.9696969696969697, ((frozenset({green}), frozenset({magenta})),) x 0: 1.0, ((frozenset({blue}), frozenset({magenta})),) x 0: 0.9411764705882353, ((frozenset({blue}), frozenset({green})),) x 0: 0.95, ((frozenset({magenta}), frozenset({green})),) x 0: 1.0, ((frozenset({green}), frozenset({blue})),) x 0: 0.875, ((frozenset({blue}), frozenset({yellow})),) x 0: 1.0, ((frozenset({yellow}), frozenset({magenta})),) x 0: 0.8636363636363636}",1.6846372298896313,0.03972298863010797,3735552,188.1031518624642,135.57582053329025,0.002105105325426848,2:22:16,0.9025787965616046,0.4170014363834131,148.12039842289414,0.9455587392550143,0.226886336903486,0.7390217371284962,0.003337956244649831,0.04297994269340974,0.20281190107950017
0.6422986343155035,0.0067436774324995535,"{((frozenset({magenta}), frozenset({yellow})),) x 0: 0.9, ((frozenset({blue}), frozenset({yellow})),) x 0: 1.0, ((frozenset({yellow}), frozenset({magenta})),) x 0: 0.9411764705882353, ((frozenset({green}), frozenset({yellow})),) x 0: 0.9310344827586207, ((frozenset({magenta}), frozenset({green})),) x 0: 0.9714285714285714, ((frozenset({yellow}), frozenset({blue})),) x 0: 0.875, ((frozenset({blue}), frozenset({magenta})),) x 0: 0.9375, ((frozenset({green}), frozenset({magenta})),) x 0: 0.9259259259259259, ((frozenset({yellow}), frozenset({green})),) x 0: 0.9696969696969697, ((frozenset({blue}), frozenset({green})),) x 0: 1.0, ((frozenset({green}), frozenset({blue})),) x 0: 0.9444444444444444, ((frozenset({magenta}), frozenset({blue})),) x 0: 0.84375}",1.6833923682570457,0.05549864506663743,3801088,179.57808219178082,133.90240797713622,0.004487259226152673,2:09:15,0.8821917808219178,0.46208060310736004,154.59008728632324,0.936986301369863,0.24298759724538874,0.7372274287045002,0.005095317523228005,0.0547945205479452,0.22757873597035824
0.6626184057421541,0.006526815162325211,"{((frozenset({green}), frozenset({yellow})),) x 0: 1.0, ((frozenset({yellow}), frozenset({blue})),) x 0: 0.9714285714285714, ((frozenset({blue}), frozenset({yellow})),) x 0: 0.9666666666666667, ((frozenset({magenta}), frozenset({yellow})),) x 0: 0.9230769230769231, ((frozenset({yellow}), frozenset({green})),) x 0: 0.9629629629629629, ((frozenset({green}), frozenset({blue})),) x 0: 1.0, ((frozenset({blue}), frozenset({magenta})),) x 0: 0.9428571428571428, ((frozenset({blue}), frozenset({green})),) x 0: 0.92, ((frozenset({yellow}), frozenset({magenta})),) x 0: 0.9666666666666667, ((frozenset({green}), frozenset({magenta})),) x 0: 1.0, ((frozenset({magenta}), frozenset({blue})),) x 0: 0.9285714285714286, ((frozenset({magenta}), frozenset({green})),) x 0: 0.9523809523809523}",1.6817127913236618,0.03948827513027133,3866624,189.85142857142858,139.71366917772232,-0.0012560303034661047,2:22:56,0.9314285714285714,0.3478681429765583,132.15077629172407,0.96,0.19595917942265428,0.7348716016858816,0.003051001560379518,0.02857142857142857,0.1665986255670086
0.38789052285074704,0.0024361619839466542,"{((frozenset({yellow}), frozenset({blue})),) x 0: 1.0, ((frozenset({blue}), frozenset({yellow})),) x 0: 0.5, ((frozenset({blue}), frozenset({green})),) x 0: 1.0, ((frozenset({blue}), frozenset({magenta})),) x 0: 1.0, ((frozenset({green}), frozenset({yellow})),) x 0: 0.5, ((frozenset({yellow}), frozenset({magenta})),) x 0: 1.0, ((frozenset({magenta}), frozenset({green})),) x 0: 1.0, ((frozenset({yellow}), frozenset({green})),) x 0: 1.0, ((frozenset({magenta}), frozenset({blue})),) x 0: 1.0, ((frozenset({green}), frozenset({blue})), (frozenset({yellow}), frozenset({magenta}))) x 0: 1.0, ((frozenset({green}), frozenset({blue})),) x 0: 1.0, ((frozenset({green}), frozenset({yellow})), (frozenset({blue}), frozenset({magenta}))) x 0: 0.75, ((frozenset({blue}), frozenset({yellow})), (frozenset({magenta}), frozenset({yellow}))) x 0: 1.0, ((frozenset({yellow}), frozenset({green})), (frozenset({green}), frozenset({blue}))) x 0: 1.0, ((frozenset({magenta}), frozenset({blue})), (frozenset({green}), frozenset({yellow}))) x 0: 1.0, ((frozenset({blue}), frozenset({green})), (frozenset({magenta}), frozenset({yellow}))) x 0: 1.0, ((frozenset({blue}), frozenset({yellow})), (frozenset({yellow}), frozenset({magenta}))) x 0: 1.0, ((frozenset({yellow}), frozenset({magenta})), (frozenset({green}), frozenset({magenta}))) x 0: 1.0, ((frozenset({yellow}), frozenset({magenta})), (frozenset({blue}), frozenset({green}))) x 0: 1.0, ((frozenset({yellow}), frozenset({magenta})), (frozenset({blue}), frozenset({magenta}))) x 0: 1.0, ((frozenset({magenta}), frozenset({blue})), (frozenset({green}), frozenset({blue}))) x 0: 1.0, ((frozenset({magenta}), frozenset({yellow})), (frozenset({yellow}), frozenset({green}))) x 0: 1.0, ((frozenset({yellow}), frozenset({green})), (frozenset({blue}), frozenset({green}))) x 0: 1.0, ((frozenset({magenta}), frozenset({green})), (frozenset({blue}), frozenset({yellow}))) x 0: 0.5, ((frozenset({magenta}), frozenset({yellow})), (frozenset({blue}), frozenset({yellow}))) x 0: 1.0, ((frozenset({magenta}), frozenset({blue})), (frozenset({blue}), frozenset({yellow}))) x 0: 1.0, ((frozenset({yellow}), frozenset({green})), (frozenset({magenta}), frozenset({green}))) x 0: 1.0, ((frozenset({green}), frozenset({yellow})), (frozenset({magenta}), frozenset({yellow}))) x 0: 0.75, ((frozenset({blue}), frozenset({magenta})), (frozenset({magenta}), frozenset({yellow}))) x 0: 1.0, ((frozenset({blue}), frozenset({magenta})), (frozenset({green}), frozenset({magenta}))) x 0: 1.0, ((frozenset({magenta}), frozenset({blue})), (frozenset({yellow}), frozenset({blue}))) x 0: 1.0, ((frozenset({green}), frozenset({magenta})), (frozenset({yellow}), frozenset({magenta}))) x 0: 1.0, ((frozenset({magenta}), frozenset({yellow})), (frozenset({yellow}), frozenset({blue}))) x 0: 1.0, ((frozenset({yellow}), frozenset({green})), (frozenset({magenta}), frozenset({blue}))) x 0: 1.0, ((frozenset({magenta}), frozenset({yellow})), (frozenset({blue}), frozenset({green}))) x 0: 0.6666666666666666, ((frozenset({magenta}), frozenset({yellow})), (frozenset({green}), frozenset({yellow}))) x 0: 1.0, ((frozenset({yellow}), frozenset({blue})), (frozenset({green}), frozenset({blue}))) x 0: 1.0, ((frozenset({blue}), frozenset({green})), (frozenset({yellow}), frozenset({magenta}))) x 0: 0.6666666666666666, ((frozenset({green}), frozenset({blue})), (frozenset({yellow}), frozenset({blue}))) x 0: 1.0, ((frozenset({green}), frozenset({magenta})), (frozenset({yellow}), frozenset({blue}))) x 0: 1.0, ((frozenset({yellow}), frozenset({blue})), (frozenset({green}), frozenset({magenta}))) x 0: 1.0, ((frozenset({yellow}), frozenset({magenta})), (frozenset({magenta}), frozenset({blue}))) x 0: 0.5, ((frozenset({blue}), frozenset({magenta})), (frozenset({green}), frozenset({yellow}))) x 0: 1.0, ((frozenset({green}), frozenset({blue})), (frozenset({magenta}), frozenset({yellow}))) x 0: 1.0, ((frozenset({magenta}), frozenset({yellow})), (frozenset({green}), frozenset({blue}))) x 0: 1.0, ((frozenset({yellow}), frozenset({blue})), (frozenset({magenta}), frozenset({blue}))) x 0: 1.0, ((frozenset({magenta}), frozenset({green})), (frozenset({yellow}), frozenset({blue}))) x 0: 1.0, ((frozenset({green}), frozenset({magenta})), (frozenset({magenta}), frozenset({yellow}))) x 0: 1.0, ((frozenset({blue}), frozenset({magenta})), (frozenset({yellow}), frozenset({magenta}))) x 0: 1.0, ((frozenset({green}), frozenset({blue})), (frozenset({magenta}), frozenset({blue}))) x 0: 0.5, ((frozenset({green}), frozenset({yellow})), (frozenset({yellow}), frozenset({magenta}))) x 0: 1.0, ((frozenset({blue}), frozenset({yellow})), (frozenset({green}), frozenset({yellow}))) x 0: 0.5, ((frozenset({blue}), frozenset({green})), (frozenset({green}), frozenset({magenta}))) x 0: 0.5, ((frozenset({blue}), frozenset({yellow})), (frozenset({yellow}), frozenset({green}))) x 0: 1.0, ((frozenset({magenta}), frozenset({green})), (frozenset({green}), frozenset({blue}))) x 0: 1.0, ((frozenset({blue}), frozenset({yellow})), (frozenset({green}), frozenset({magenta}))) x 0: 0.5, ((frozenset({yellow}), frozenset({blue})), (frozenset({blue}), frozenset({magenta}))) x 0: 1.0, ((frozenset({green}), frozenset({yellow})), (frozenset({yellow}), frozenset({blue}))) x 0: 1.0, ((frozenset({blue}), frozenset({yellow})), (frozenset({magenta}), frozenset({green}))) x 0: 1.0, ((frozenset({green}), frozenset({yellow})), (frozenset({blue}), frozenset({yellow}))) x 0: 1.0, ((frozenset({yellow}), frozenset({magenta})), (frozenset({green}), frozenset({blue}))) x 0: 1.0, ((frozenset({green}), frozenset({blue})), (frozenset({blue}), frozenset({magenta}))) x 0: 1.0, ((frozenset({blue}), frozenset({magenta})), (frozenset({magenta}), frozenset({green}))) x 0: 0.5, ((frozenset({blue}), frozenset({magenta})), (frozenset({yellow}), frozenset({green}))) x 0: 0.5, ((frozenset({magenta}), frozenset({blue})), (frozenset({blue}), frozenset({green}))) x 0: 1.0, ((frozenset({green}), frozenset({magenta})), (frozenset({magenta}), frozenset({blue}))) x 0: 1.0, ((frozenset({yellow}), frozenset({green})), (frozenset({blue}), frozenset({magenta}))) x 0: 1.0, ((frozenset({yellow}), frozenset({blue})), (frozenset({magenta}), frozenset({green}))) x 0: 1.0, ((frozenset({magenta}), frozenset({green})), (frozenset({yellow}), frozenset({green}))) x 0: 1.0, ((frozenset({magenta}), frozenset({green})), (frozenset({green}), frozenset({yellow}))) x 0: 1.0, ((frozenset({blue}), frozenset({green})), (frozenset({magenta}), frozenset({green}))) x 0: 0.0, ((frozenset({green}), frozenset({yellow})), (frozenset({magenta}), frozenset({blue}))) x 0: 1.0, ((frozenset({green}), frozenset({magenta})), (frozenset({blue}), frozenset({yellow}))) x 0: 1.0, ((frozenset({yellow}), frozenset({magenta})), (frozenset({magenta}), frozenset({green}))) x 0: 0.0}",1.6883605532348156,0.049171216981460326,3932160,385.4610778443114,180.6087758725792,0.01623519597342238,2:05:32,0.8143712574850299,0.5646551010359895,141.7579370521604,0.8982035928143712,0.3023803873761101,0.6850288584828377,0.004832856444409117,0.07784431137724551,0.26792643498439633
0.3621079156328401,0.0021527699066124567,"{((frozenset({green}), frozenset({magenta})), (frozenset({magenta}), frozenset({blue}))) x 0: 1.0, ((frozenset({blue}), frozenset({yellow})), (frozenset({green}), frozenset({yellow}))) x 0: 0.6666666666666666, ((frozenset({blue}), frozenset({yellow})), (frozenset({magenta}), frozenset({yellow}))) x 0: 1.0, ((frozenset({yellow}), frozenset({blue})), (frozenset({magenta}), frozenset({green}))) x 0: 1.0, ((frozenset({magenta}), frozenset({blue})), (frozenset({yellow}), frozenset({blue}))) x 0: 1.0, ((frozenset({green}), frozenset({magenta})), (frozenset({yellow}), frozenset({blue}))) x 0: 0.8, ((frozenset({yellow}), frozenset({magenta})), (frozenset({magenta}), frozenset({green}))) x 0: 0.75, ((frozenset({green}), frozenset({yellow})), (frozenset({yellow}), frozenset({blue}))) x 0: 0.75, ((frozenset({magenta}), frozenset({blue})), (frozenset({blue}), frozenset({yellow}))) x 0: 1.0, ((frozenset({magenta}), frozenset({green})), (frozenset({green}), frozenset({blue}))) x 0: 1.0, ((frozenset({green}), frozenset({magenta})), (frozenset({blue}), frozenset({magenta}))) x 0: 0.9166666666666666, ((frozenset({magenta}), frozenset({blue})), (frozenset({blue}), frozenset({green}))) x 0: 0.6666666666666666, ((frozenset({magenta}), frozenset({yellow})), (frozenset({yellow}), frozenset({green}))) x 0: 1.0, ((frozenset({blue}), frozenset({green})), (frozenset({green}), frozenset({yellow}))) x 0: 0.8571428571428571, ((frozenset({magenta}), frozenset({green})), (frozenset({blue}), frozenset({yellow}))) x 0: 0.5, ((frozenset({blue}), frozenset({green})), (frozenset({yellow}), frozenset({green}))) x 0: 0.8333333333333334, ((frozenset({blue}), frozenset({yellow})), (frozenset({green}), frozenset({magenta}))) x 0: 0.8333333333333334, ((frozenset({magenta}), frozenset({blue})), (frozenset({yellow}), frozenset({green}))) x 0: 0.875, ((frozenset({magenta}), frozenset({green})), (frozenset({green}), frozenset({yellow}))) x 0: 1.0, ((frozenset({green}), frozenset({magenta})), (frozenset({magenta}), frozenset({yellow}))) x 0: 1.0, ((frozenset({green}), frozenset({magenta})), (frozenset({yellow}), frozenset({magenta}))) x 0: 1.0, ((frozenset({blue}), frozenset({yellow})), (frozenset({magenta}), frozenset({green}))) x 0: 1.0, ((frozenset({yellow}), frozenset({blue})), (frozenset({green}), frozenset({magenta}))) x 0: 1.0, ((frozenset({green}), frozenset({yellow})), (frozenset({blue}), frozenset({magenta}))) x 0: 0.6666666666666666, ((frozenset({green}), frozenset({yellow})), (frozenset({blue}), frozenset({yellow}))) x 0: 0.5, ((frozenset({green}), frozenset({yellow})), (frozenset({magenta}), frozenset({yellow}))) x 0: 0.6666666666666666, ((frozenset({blue}), frozenset({magenta})), (frozenset({yellow}), frozenset({green}))) x 0: 0.0, ((frozenset({green}), frozenset({magenta})), (frozenset({blue}), frozenset({yellow}))) x 0: 1.0, ((frozenset({yellow}), frozenset({magenta})), (frozenset({blue}), frozenset({green}))) x 0: 1.0, ((frozenset({yellow}), frozenset({magenta})), (frozenset({magenta}), frozenset({blue}))) x 0: 0.6666666666666666, ((frozenset({yellow}), frozenset({magenta})), (frozenset({green}), frozenset({blue}))) x 0: 0.5, ((frozenset({magenta}), frozenset({yellow})), (frozenset({blue}), frozenset({green}))) x 0: 1.0, ((frozenset({magenta}), frozenset({green})), (frozenset({blue}), frozenset({green}))) x 0: 0.8571428571428571, ((frozenset({green}), frozenset({blue})), (frozenset({yellow}), frozenset({blue}))) x 0: 1.0, ((frozenset({blue}), frozenset({green})), (frozenset({magenta}), frozenset({green}))) x 0: 1.0, ((frozenset({green}), frozenset({blue})), (frozenset({magenta}), frozenset({blue}))) x 0: 1.0, ((frozenset({blue}), frozenset({magenta})), (frozenset({magenta}), frozenset({green}))) x 0: 1.0, ((frozenset({yellow}), frozenset({blue})), (frozenset({blue}), frozenset({green}))) x 0: 0.8333333333333334, ((frozenset({blue}), frozenset({green})), (frozenset({green}), frozenset({magenta}))) x 0: 0.8, ((frozenset({yellow}), frozenset({blue})), (frozenset({blue}), frozenset({magenta}))) x 0: 1.0, ((frozenset({yellow}), frozenset({blue})), (frozenset({green}), frozenset({blue}))) x 0: 1.0, ((frozenset({yellow}), frozenset({green})), (frozenset({green}), frozenset({magenta}))) x 0: 1.0, ((frozenset({blue}), frozenset({green})), (frozenset({yellow}), frozenset({magenta}))) x 0: 1.0, ((frozenset({blue}), frozenset({green})), (frozenset({magenta}), frozenset({yellow}))) x 0: 1.0, ((frozenset({magenta}), frozenset({blue})), (frozenset({green}), frozenset({yellow}))) x 0: 1.0, ((frozenset({yellow}), frozenset({green})), (frozenset({blue}), frozenset({magenta}))) x 0: 1.0, ((frozenset({blue}), frozenset({yellow})), (frozenset({yellow}), frozenset({magenta}))) x 0: 1.0, ((frozenset({blue}), frozenset({magenta})), (frozenset({yellow}), frozenset({magenta}))) x 0: 1.0, ((frozenset({blue}), frozenset({magenta})), (frozenset({green}), frozenset({magenta}))) x 0: 1.0, ((frozenset({green}), frozenset({blue})), (frozenset({blue}), frozenset({yellow}))) x 0: 0.5, ((frozenset({yellow}), frozenset({green})), (frozenset({green}), frozenset({blue}))) x 0: 1.0, ((frozenset({blue}), frozenset({magenta})), (frozenset({magenta}), frozenset({yellow}))) x 0: 1.0}",1.689589124172926,0.055657358485336275,3997696,399.8553459119497,195.9209774109455,0.015595792734529823,2:11:22,0.7547169811320755,0.6316294305289955,127.15998728096227,0.8616352201257862,0.345282446070712,0.654375322163105,0.005275789524603169,0.10062893081761007,0.30083674825412327
0.362772245950778,0.0020833228737762327,"{((frozenset({blue}), frozenset({green})), (frozenset({magenta}), frozenset({yellow}))) x 0: 1.0, ((frozenset({magenta}), frozenset({yellow})), (frozenset({blue}), frozenset({yellow}))) x 0: 1.0, ((frozenset({magenta}), frozenset({yellow})), (frozenset({yellow}), frozenset({blue}))) x 0: 1.0, ((frozenset({green}), frozenset({magenta})), (frozenset({blue}), frozenset({magenta}))) x 0: 1.0, ((frozenset({yellow}), frozenset({green})), (frozenset({blue}), frozenset({green}))) x 0: 1.0, ((frozenset({magenta}), frozenset({blue})), (frozenset({yellow}), frozenset({green}))) x 0: 0.75, ((frozenset({blue}), frozenset({yellow})), (frozenset({green}), frozenset({yellow}))) x 0: 1.0, ((frozenset({blue}), frozenset({magenta})), (frozenset({magenta}), frozenset({green}))) x 0: 1.0, ((frozenset({blue}), frozenset({green})), (frozenset({yellow}), frozenset({green}))) x 0: 1.0, ((frozenset({yellow}), frozenset({green})), (frozenset({green}), frozenset({magenta}))) x 0: 1.0, ((frozenset({green}), frozenset({yellow})), (frozenset({blue}), frozenset({magenta}))) x 0: 1.0, ((frozenset({magenta}), frozenset({blue})), (frozenset({yellow}), frozenset({blue}))) x 0: 1.0, ((frozenset({green}), frozenset({yellow})), (frozenset({yellow}), frozenset({blue}))) x 0: 1.0, ((frozenset({yellow}), frozenset({magenta})), (frozenset({magenta}), frozenset({green}))) x 0: 0.8333333333333334, ((frozenset({magenta}), frozenset({green})), (frozenset({yellow}), frozenset({blue}))) x 0: 1.0, ((frozenset({blue}), frozenset({magenta})), (frozenset({yellow}), frozenset({green}))) x 0: 0.85, ((frozenset({blue}), frozenset({yellow})), (frozenset({magenta}), frozenset({green}))) x 0: 0.3333333333333333, ((frozenset({magenta}), frozenset({blue})), (frozenset({blue}), frozenset({green}))) x 0: 1.0, ((frozenset({magenta}), frozenset({yellow})), (frozenset({green}), frozenset({blue}))) x 0: 1.0, ((frozenset({blue}), frozenset({green})), (frozenset({yellow}), frozenset({magenta}))) x 0: 1.0, ((frozenset({green}), frozenset({blue})), (frozenset({magenta}), frozenset({yellow}))) x 0: 0.6666666666666666, ((frozenset({yellow}), frozenset({blue})), (frozenset({green}), frozenset({blue}))) x 0: 1.0, ((frozenset({yellow}), frozenset({blue})), (frozenset({green}), frozenset({magenta}))) x 0: 1.0, ((frozenset({green}), frozenset({blue})), (frozenset({magenta}), frozenset({blue}))) x 0: 0.6666666666666666, ((frozenset({blue}), frozenset({magenta})), (frozenset({yellow}), frozenset({magenta}))) x 0: 0.0, ((frozenset({green}), frozenset({yellow})), (frozenset({blue}), frozenset({yellow}))) x 0: 0.8, ((frozenset({magenta}), frozenset({green})), (frozenset({blue}), frozenset({green}))) x 0: 1.0, ((frozenset({yellow}), frozenset({magenta})), (frozenset({magenta}), frozenset({blue}))) x 0: 1.0, ((frozenset({magenta}), frozenset({blue})), (frozenset({blue}), frozenset({yellow}))) x 0: 1.0, ((frozenset({yellow}), frozenset({green})), (frozenset({blue}), frozenset({magenta}))) x 0: 1.0, ((frozenset({magenta}), frozenset({green})), (frozenset({green}), frozenset({yellow}))) x 0: 0.6666666666666666, ((frozenset({yellow}), frozenset({magenta})), (frozenset({blue}), frozenset({green}))) x 0: 1.0, ((frozenset({magenta}), frozenset({green})), (frozenset({green}), frozenset({blue}))) x 0: 1.0, ((frozenset({yellow}), frozenset({magenta})), (frozenset({green}), frozenset({blue}))) x 0: 0.75, ((frozenset({green}), frozenset({magenta})), (frozenset({yellow}), frozenset({magenta}))) x 0: 1.0, ((frozenset({magenta}), frozenset({green})), (frozenset({blue}), frozenset({yellow}))) x 0: 1.0, ((frozenset({green}), frozenset({blue})), (frozenset({blue}), frozenset({magenta}))) x 0: 0.6666666666666666, ((frozenset({green}), frozenset({magenta})), (frozenset({magenta}), frozenset({yellow}))) x 0: 0.5, ((frozenset({yellow}), frozenset({green})), (frozenset({green}), frozenset({blue}))) x 0: 1.0, ((frozenset({yellow}), frozenset({blue})), (frozenset({blue}), frozenset({green}))) x 0: 0.5, ((frozenset({green}), frozenset({yellow})), (frozenset({magenta}), frozenset({blue}))) x 0: 0.5, ((frozenset({green}), frozenset({magenta})), (frozenset({yellow}), frozenset({blue}))) x 0: 0.6666666666666666, ((frozenset({magenta}), frozenset({blue})), (frozenset({green}), frozenset({yellow}))) x 0: 1.0, ((frozenset({blue}), frozenset({green})), (frozenset({green}), frozenset({magenta}))) x 0: 1.0, ((frozenset({green}), frozenset({blue})), (frozenset({blue}), frozenset({yellow}))) x 0: 0.75, ((frozenset({yellow}), frozenset({blue})), (frozenset({magenta}), frozenset({blue}))) x 0: 1.0, ((frozenset({blue}), frozenset({magenta})), (frozenset({green}), frozenset({magenta}))) x 0: 1.0, ((frozenset({green}), frozenset({yellow})), (frozenset({magenta}), frozenset({yellow}))) x 0: 1.0, ((frozenset({magenta}), frozenset({blue})), (frozenset({green}), frozenset({blue}))) x 0: 1.0, ((frozenset({yellow}), frozenset({green})), (frozenset({magenta}), frozenset({blue}))) x 0: 1.0, ((frozenset({blue}), frozenset({yellow})), (frozenset({magenta}), frozenset({yellow}))) x 0: 1.0, ((frozenset({green}), frozenset({blue})), (frozenset({yellow}), frozenset({magenta}))) x 0: 1.0, ((frozenset({blue}), frozenset({yellow})), (frozenset({green}), frozenset({magenta}))) x 0: 1.0, ((frozenset({green}), frozenset({magenta})), (frozenset({blue}), frozenset({yellow}))) x 0: 1.0, ((frozenset({green}), frozenset({blue})), (frozenset({yellow}), frozenset({blue}))) x 0: 0.0, ((frozenset({blue}), frozenset({green})), (frozenset({green}), frozenset({yellow}))) x 0: 1.0, ((frozenset({yellow}), frozenset({magenta})), (frozenset({green}), frozenset({magenta}))) x 0: 0.5, ((frozenset({blue}), frozenset({green})), (frozenset({magenta}), frozenset({green}))) x 0: 1.0, ((frozenset({green}), frozenset({magenta})), (frozenset({magenta}), frozenset({blue}))) x 0: 1.0, ((frozenset({yellow}), frozenset({magenta})), (frozenset({blue}), frozenset({magenta}))) x 0: 1.0, ((frozenset({blue}), frozenset({magenta})), (frozenset({magenta}), frozenset({yellow}))) x 0: 0.5, ((frozenset({magenta}), frozenset({yellow})), (frozenset({blue}), frozenset({green}))) x 0: 1.0}",1.68999507650733,0.05302621589893555,4063232,386.41379310344826,189.07682873919833,0.014983122557168826,1:53:45,0.7701149425287356,0.6196244584801635,137.23756736024126,0.8735632183908046,0.33234097229427495,0.659868648275733,0.005301473138388246,0.10344827586206896,0.30454347814923616
0.43592790520619473,0.0026722653463245967,"{((frozenset({magenta}), frozenset({green})), (frozenset({blue}), frozenset({yellow}))) x 0: 1.0, ((frozenset({blue}), frozenset({green})), (frozenset({magenta}), frozenset({green}))) x 0: 1.0, ((frozenset({green}), frozenset({yellow})), (frozenset({yellow}), frozenset({blue}))) x 0: 1.0, ((frozenset({magenta}), frozenset({yellow})), (frozenset({yellow}), frozenset({green}))) x 0: 1.0, ((frozenset({blue}), frozenset({yellow})), (frozenset({magenta}), frozenset({yellow}))) x 0: 0.8, ((frozenset({blue}), frozenset({yellow})), (frozenset({green}), frozenset({yellow}))) x 0: 0.75, ((frozenset({green}), frozenset({blue})), (frozenset({magenta}), frozenset({blue}))) x 0: 1.0, ((frozenset({green}), frozenset({blue})), (frozenset({blue}), frozenset({yellow}))) x 0: 0.875, ((frozenset({green}), frozenset({yellow})), (frozenset({magenta}), frozenset({blue}))) x 0: 1.0, ((frozenset({green}), frozenset({blue})), (frozenset({blue}), frozenset({magenta}))) x 0: 0.6666666666666666, ((frozenset({magenta}), frozenset({blue})), (frozenset({green}), frozenset({yellow}))) x 0: 1.0, ((frozenset({magenta}), frozenset({green})), (frozenset({yellow}), frozenset({green}))) x 0: 1.0, ((frozenset({green}), frozenset({blue})), (frozenset({yellow}), frozenset({magenta}))) x 0: 1.0, ((frozenset({blue}), frozenset({green})), (frozenset({green}), frozenset({yellow}))) x 0: 1.0, ((frozenset({green}), frozenset({blue})), (frozenset({yellow}), frozenset({blue}))) x 0: 1.0, ((frozenset({blue}), frozenset({magenta})), (frozenset({yellow}), frozenset({green}))) x 0: 1.0, ((frozenset({magenta}), frozenset({blue})), (frozenset({blue}), frozenset({yellow}))) x 0: 1.0, ((frozenset({yellow}), frozenset({magenta})), (frozenset({green}), frozenset({magenta}))) x 0: 1.0, ((frozenset({green}), frozenset({yellow})), (frozenset({yellow}), frozenset({magenta}))) x 0: 0.5, ((frozenset({blue}), frozenset({magenta})), (frozenset({yellow}), frozenset({magenta}))) x 0: 1.0, ((frozenset({magenta}), frozenset({green})), (frozenset({green}), frozenset({yellow}))) x 0: 1.0, ((frozenset({blue}), frozenset({yellow})), (frozenset({yellow}), frozenset({magenta}))) x 0: 1.0, ((frozenset({magenta}), frozenset({green})), (frozenset({yellow}), frozenset({blue}))) x 0: 0.5, ((frozenset({magenta}), frozenset({blue})), (frozenset({blue}), frozenset({green}))) x 0: 0.6666666666666666, ((frozenset({blue}), frozenset({green})), (frozenset({green}), frozenset({magenta}))) x 0: 1.0, ((frozenset({green}), frozenset({magenta})), (frozenset({yellow}), frozenset({magenta}))) x 0: 0.5, ((frozenset({yellow}), frozenset({blue})), (frozenset({blue}), frozenset({green}))) x 0: 1.0, ((frozenset({yellow}), frozenset({green})), (frozenset({blue}), frozenset({magenta}))) x 0: 1.0, ((frozenset({green}), frozenset({magenta})), (frozenset({yellow}), frozenset({blue}))) x 0: 1.0, ((frozenset({magenta}), frozenset({yellow})), (frozenset({blue}), frozenset({green}))) x 0: 1.0, ((frozenset({blue}), frozenset({magenta})), (frozenset({magenta}), frozenset({green}))) x 0: 1.0, ((frozenset({green}), frozenset({magenta})), (frozenset({magenta}), frozenset({yellow}))) x 0: 1.0, ((frozenset({yellow}), frozenset({magenta})), (frozenset({blue}), frozenset({magenta}))) x 0: 1.0, ((frozenset({yellow}), frozenset({blue})), (frozenset({magenta}), frozenset({green}))) x 0: 0.0, ((frozenset({green}), frozenset({blue})), (frozenset({magenta}), frozenset({yellow}))) x 0: 1.0, ((frozenset({blue}), frozenset({yellow})), (frozenset({magenta}), frozenset({green}))) x 0: 1.0, ((frozenset({magenta}), frozenset({yellow})), (frozenset({green}), frozenset({yellow}))) x 0: 1.0, ((frozenset({blue}), frozenset({magenta})), (frozenset({green}), frozenset({yellow}))) x 0: 1.0, ((frozenset({yellow}), frozenset({magenta})), (frozenset({green}), frozenset({blue}))) x 0: 1.0, ((frozenset({blue}), frozenset({magenta})), (frozenset({magenta}), frozenset({yellow}))) x 0: 1.0, ((frozenset({yellow}), frozenset({blue})), (frozenset({blue}), frozenset({magenta}))) x 0: 1.0, ((frozenset({yellow}), frozenset({green})), (frozenset({magenta}), frozenset({blue}))) x 0: 1.0, ((frozenset({blue}), frozenset({green})), (frozenset({magenta}), frozenset({yellow}))) x 0: 1.0, ((frozenset({magenta}), frozenset({yellow})), (frozenset({yellow}), frozenset({blue}))) x 0: 1.0, ((frozenset({yellow}), frozenset({green})), (frozenset({green}), frozenset({magenta}))) x 0: 0.5, ((frozenset({magenta}), frozenset({blue})), (frozenset({green}), frozenset({blue}))) x 0: 1.0, ((frozenset({yellow}), frozenset({green})), (frozenset({green}), frozenset({blue}))) x 0: 1.0, ((frozenset({blue}), frozenset({green})), (frozenset({yellow}), frozenset({green}))) x 0: 0.0, ((frozenset({green}), frozenset({magenta})), (frozenset({blue}), frozenset({yellow}))) x 0: 1.0, ((frozenset({magenta}), frozenset({green})), (frozenset({blue}), frozenset({green}))) x 0: 1.0, ((frozenset({yellow}), frozenset({blue})), (frozenset({magenta}), frozenset({blue}))) x 0: 1.0, ((frozenset({blue}), frozenset({magenta})), (frozenset({green}), frozenset({magenta}))) x 0: 0.0, ((frozenset({green}), frozenset({magenta})), (frozenset({magenta}), frozenset({blue}))) x 0: 1.0, ((frozenset({blue}), frozenset({yellow})), (frozenset({green}), frozenset({magenta}))) x 0: 1.0, ((frozenset({magenta}), frozenset({yellow})), (frozenset({green}), frozenset({blue}))) x 0: 1.0, ((frozenset({green}), frozenset({yellow})), (frozenset({blue}), frozenset({yellow}))) x 0: 0.0, ((frozenset({yellow}), frozenset({magenta})), (frozenset({magenta}), frozenset({blue}))) x 0: 1.0, ((frozenset({magenta}), frozenset({yellow})), (frozenset({blue}), frozenset({yellow}))) x 0: 1.0, ((frozenset({green}), frozenset({magenta})), (frozenset({blue}), frozenset({magenta}))) x 0: 1.0, ((frozenset({magenta}), frozenset({blue})), (frozenset({yellow}), frozenset({blue}))) x 0: 1.0, ((frozenset({yellow}), frozenset({magenta})), (frozenset({magenta}), frozenset({green}))) x 0: 1.0, ((frozenset({yellow}), frozenset({green})), (frozenset({blue}), frozenset({green}))) x 0: 1.0}",1.6902101449668407,0.03900453048334869,4128768,382.0,182.81313644577858,0.009216155260219239,1:47:48,0.8809523809523809,0.4338301704354428,134.6944097403146,0.9226190476190477,0.26719494866027904,0.6659152880311012,0.0024659151094965637,0.041666666666666664,0.19982631347136334
0.385823096635612,0.002263747521943013,"{((frozenset({green}), frozenset({blue})), (frozenset({yellow}), frozenset({blue}))) x 0: 1.0, ((frozenset({magenta}), frozenset({yellow})), (frozenset({blue}), frozenset({yellow}))) x 0: 1.0, ((frozenset({green}), frozenset({yellow})), (frozenset({magenta}), frozenset({blue}))) x 0: 1.0, ((frozenset({blue}), frozenset({magenta})), (frozenset({yellow}), frozenset({green}))) x 0: 1.0, ((frozenset({magenta}), frozenset({blue})), (frozenset({green}), frozenset({blue}))) x 0: 1.0, ((frozenset({yellow}), frozenset({magenta})), (frozenset({magenta}), frozenset({blue}))) x 0: 1.0, ((frozenset({blue}), frozenset({magenta})), (frozenset({yellow}), frozenset({magenta}))) x 0: 0.6666666666666666, ((frozenset({blue}), frozenset({green})), (frozenset({magenta}), frozenset({green}))) x 0: 1.0, ((frozenset({magenta}), frozenset({green})), (frozenset({yellow}), frozenset({green}))) x 0: 0.5, ((frozenset({magenta}), frozenset({yellow})), (frozenset({green}), frozenset({blue}))) x 0: 1.0, ((frozenset({blue}), frozenset({yellow})), (frozenset({green}), frozenset({magenta}))) x 0: 1.0, ((frozenset({yellow}), frozenset({magenta})), (frozenset({blue}), frozenset({green}))) x 0: 1.0, ((frozenset({yellow}), frozenset({blue})), (frozenset({blue}), frozenset({green}))) x 0: 0.5, ((frozenset({green}), frozenset({magenta})), (frozenset({yellow}), frozenset({magenta}))) x 0: 0.75, ((frozenset({blue}), frozenset({yellow})), (frozenset({magenta}), frozenset({green}))) x 0: 1.0, ((frozenset({green}), frozenset({blue})), (frozenset({blue}), frozenset({magenta}))) x 0: 1.0, ((frozenset({yellow}), frozenset({green})), (frozenset({green}), frozenset({blue}))) x 0: 1.0, ((frozenset({green}), frozenset({magenta})), (frozenset({blue}), frozenset({yellow}))) x 0: 0.6666666666666666, ((frozenset({green}), frozenset({yellow})), (frozenset({blue}), frozenset({yellow}))) x 0: 0.9230769230769231, ((frozenset({magenta}), frozenset({blue})), (frozenset({blue}), frozenset({green}))) x 0: 1.0, ((frozenset({blue}), frozenset({magenta})), (frozenset({green}), frozenset({magenta}))) x 0: 0.9166666666666666, ((frozenset({yellow}), frozenset({green})), (frozenset({green}), frozenset({magenta}))) x 0: 1.0, ((frozenset({blue}), frozenset({green})), (frozenset({yellow}), frozenset({green}))) x 0: 0.875, ((frozenset({yellow}), frozenset({magenta})), (frozenset({magenta}), frozenset({green}))) x 0: 0.5, ((frozenset({green}), frozenset({magenta})), (frozenset({yellow}), frozenset({blue}))) x 0: 1.0, ((frozenset({magenta}), frozenset({yellow})), (frozenset({blue}), frozenset({green}))) x 0: 1.0, ((frozenset({green}), frozenset({blue})), (frozenset({blue}), frozenset({yellow}))) x 0: 1.0, ((frozenset({yellow}), frozenset({magenta})), (frozenset({green}), frozenset({magenta}))) x 0: 1.0, ((frozenset({green}), frozenset({magenta})), (frozenset({blue}), frozenset({magenta}))) x 0: 1.0, ((frozenset({green}), frozenset({yellow})), (frozenset({yellow}), frozenset({magenta}))) x 0: 0.75, ((frozenset({green}), frozenset({magenta})), (frozenset({magenta}), frozenset({yellow}))) x 0: 1.0, ((frozenset({yellow}), frozenset({magenta})), (frozenset({blue}), frozenset({magenta}))) x 0: 1.0, ((frozenset({blue}), frozenset({green})), (frozenset({green}), frozenset({yellow}))) x 0: 1.0, ((frozenset({blue}), frozenset({yellow})), (frozenset({green}), frozenset({yellow}))) x 0: 1.0, ((frozenset({blue}), frozenset({magenta})), (frozenset({magenta}), frozenset({green}))) x 0: 1.0, ((frozenset({blue}), frozenset({green})), (frozenset({magenta}), frozenset({yellow}))) x 0: 1.0, ((frozenset({blue}), frozenset({green})), (frozenset({green}), frozenset({magenta}))) x 0: 1.0, ((frozenset({yellow}), frozenset({blue})), (frozenset({magenta}), frozenset({green}))) x 0: 0.875, ((frozenset({magenta}), frozenset({yellow})), (frozenset({yellow}), frozenset({green}))) x 0: 1.0, ((frozenset({magenta}), frozenset({blue})), (frozenset({yellow}), frozenset({green}))) x 0: 1.0, ((frozenset({green}), frozenset({yellow})), (frozenset({yellow}), frozenset({blue}))) x 0: 1.0, ((frozenset({blue}), frozenset({yellow})), (frozenset({magenta}), frozenset({yellow}))) x 0: 1.0, ((frozenset({yellow}), frozenset({green})), (frozenset({magenta}), frozenset({green}))) x 0: 1.0, ((frozenset({yellow}), frozenset({green})), (frozenset({blue}), frozenset({green}))) x 0: 0.5, ((frozenset({green}), frozenset({blue})), (frozenset({yellow}), frozenset({magenta}))) x 0: 1.0, ((frozenset({blue}), frozenset({yellow})), (frozenset({yellow}), frozenset({green}))) x 0: 1.0, ((frozenset({green}), frozenset({blue})), (frozenset({magenta}), frozenset({blue}))) x 0: 1.0, ((frozenset({blue}), frozenset({magenta})), (frozenset({green}), frozenset({yellow}))) x 0: 1.0, ((frozenset({yellow}), frozenset({blue})), (frozenset({magenta}), frozenset({blue}))) x 0: 1.0, ((frozenset({magenta}), frozenset({green})), (frozenset({green}), frozenset({blue}))) x 0: 0.0, ((frozenset({green}), frozenset({yellow})), (frozenset({blue}), frozenset({magenta}))) x 0: 1.0, ((frozenset({magenta}), frozenset({green})), (frozenset({blue}), frozenset({yellow}))) x 0: 1.0, ((frozenset({yellow}), frozenset({green})), (frozenset({magenta}), frozenset({blue}))) x 0: 1.0, ((frozenset({magenta}), frozenset({green})), (frozenset({green}), frozenset({yellow}))) x 0: 0.0, ((frozenset({yellow}), frozenset({magenta})), (frozenset({green}), frozenset({blue}))) x 0: 1.0, ((frozenset({magenta}), frozenset({yellow})), (frozenset({green}), frozenset({yellow}))) x 0: 1.0, ((frozenset({green}), frozenset({yellow})), (frozenset({magenta}), frozenset({yellow}))) x 0: 1.0, ((frozenset({blue}), frozenset({green})), (frozenset({yellow}), frozenset({magenta}))) x 0: 1.0, ((frozenset({magenta}), frozenset({yellow})), (frozenset({yellow}), frozenset({blue}))) x 0: 1.0, ((frozenset({green}), frozenset({magenta})), (frozenset({magenta}), frozenset({blue}))) x 0: 0.0}",1.6905347183346748,0.04332999313095388,4194304,377.78977272727275,177.8613674516378,0.009288898931117728,1:50:03,0.8238636363636364,0.561753407195602,122.00615001875124,0.9090909090909091,0.28747978728803447,0.6508396863937378,0.0037276810471666977,0.08522727272727272,0.27921959943876395
0.3729319474402228,0.0022085610987591232,"{((frozenset({blue}), frozenset({yellow})), (frozenset({magenta}), frozenset({yellow}))) x 0: 1.0, ((frozenset({yellow}), frozenset({blue})), (frozenset({magenta}), frozenset({green}))) x 0: 1.0, ((frozenset({yellow}), frozenset({blue})), (frozenset({green}), frozenset({magenta}))) x 0: 1.0, ((frozenset({yellow}), frozenset({green})), (frozenset({green}), frozenset({blue}))) x 0: 1.0, ((frozenset({green}), frozenset({magenta})), (frozenset({magenta}), frozenset({blue}))) x 0: 0.875, ((frozenset({magenta}), frozenset({green})), (frozenset({yellow}), frozenset({blue}))) x 0: 0.8888888888888888, ((frozenset({blue}), frozenset({yellow})), (frozenset({yellow}), frozenset({magenta}))) x 0: 1.0, ((frozenset({magenta}), frozenset({green})), (frozenset({green}), frozenset({yellow}))) x 0: 1.0, ((frozenset({magenta}), frozenset({yellow})), (frozenset({yellow}), frozenset({blue}))) x 0: 1.0, ((frozenset({blue}), frozenset({green})), (frozenset({yellow}), frozenset({green}))) x 0: 0.8571428571428571, ((frozenset({blue}), frozenset({green})), (frozenset({green}), frozenset({magenta}))) x 0: 1.0, ((frozenset({yellow}), frozenset({green})), (frozenset({blue}), frozenset({magenta}))) x 0: 0.8, ((frozenset({yellow}), frozenset({magenta})), (frozenset({blue}), frozenset({green}))) x 0: 1.0, ((frozenset({blue}), frozenset({magenta})), (frozenset({yellow}), frozenset({green}))) x 0: 0.875, ((frozenset({magenta}), frozenset({green})), (frozenset({green}), frozenset({blue}))) x 0: 0.8333333333333334, ((frozenset({blue}), frozenset({green})), (frozenset({magenta}), frozenset({green}))) x 0: 1.0, ((frozenset({blue}), frozenset({yellow})), (frozenset({yellow}), frozenset({green}))) x 0: 0.6666666666666666, ((frozenset({magenta}), frozenset({blue})), (frozenset({yellow}), frozenset({blue}))) x 0: 0.75, ((frozenset({magenta}), frozenset({green})), (frozenset({blue}), frozenset({yellow}))) x 0: 0.5, ((frozenset({magenta}), frozenset({green})), (frozenset({yellow}), frozenset({green}))) x 0: 0.8333333333333334, ((frozenset({yellow}), frozenset({magenta})), (frozenset({magenta}), frozenset({green}))) x 0: 1.0, ((frozenset({yellow}), frozenset({blue})), (frozenset({magenta}), frozenset({blue}))) x 0: 1.0, ((frozenset({green}), frozenset({blue})), (frozenset({magenta}), frozenset({blue}))) x 0: 0.0, ((frozenset({magenta}), frozenset({yellow})), (frozenset({green}), frozenset({yellow}))) x 0: 1.0, ((frozenset({yellow}), frozenset({magenta})), (frozenset({green}), frozenset({magenta}))) x 0: 1.0, ((frozenset({green}), frozenset({yellow})), (frozenset({magenta}), frozenset({blue}))) x 0: 1.0, ((frozenset({yellow}), frozenset({blue})), (frozenset({blue}), frozenset({green}))) x 0: 1.0, ((frozenset({yellow}), frozenset({magenta})), (frozenset({green}), frozenset({blue}))) x 0: 1.0, ((frozenset({yellow}), frozenset({magenta})), (frozenset({blue}), frozenset({magenta}))) x 0: 1.0, ((frozenset({magenta}), frozenset({yellow})), (frozenset({blue}), frozenset({green}))) x 0: 1.0, ((frozenset({green}), frozenset({yellow})), (frozenset({blue}), frozenset({magenta}))) x 0: 1.0, ((frozenset({yellow}), frozenset({green})), (frozenset({magenta}), frozenset({blue}))) x 0: 1.0, ((frozenset({blue}), frozenset({magenta})), (frozenset({green}), frozenset({magenta}))) x 0: 1.0, ((frozenset({magenta}), frozenset({yellow})), (frozenset({yellow}), frozenset({green}))) x 0: 0.6666666666666666, ((frozenset({green}), frozenset({magenta})), (frozenset({blue}), frozenset({yellow}))) x 0: 0.6666666666666666, ((frozenset({blue}), frozenset({yellow})), (frozenset({green}), frozenset({yellow}))) x 0: 1.0, ((frozenset({green}), frozenset({yellow})), (frozenset({magenta}), frozenset({yellow}))) x 0: 1.0, ((frozenset({yellow}), frozenset({green})), (frozenset({blue}), frozenset({green}))) x 0: 0.8, ((frozenset({green}), frozenset({yellow})), (frozenset({yellow}), frozenset({magenta}))) x 0: 1.0, ((frozenset({green}), frozenset({magenta})), (frozenset({yellow}), frozenset({magenta}))) x 0: 1.0, ((frozenset({magenta}), frozenset({blue})), (frozenset({yellow}), frozenset({green}))) x 0: 1.0, ((frozenset({blue}), frozenset({yellow})), (frozenset({magenta}), frozenset({green}))) x 0: 1.0, ((frozenset({green}), frozenset({yellow})), (frozenset({yellow}), frozenset({blue}))) x 0: 0.5, ((frozenset({magenta}), frozenset({green})), (frozenset({blue}), frozenset({green}))) x 0: 1.0, ((frozenset({green}), frozenset({blue})), (frozenset({blue}), frozenset({magenta}))) x 0: 1.0, ((frozenset({green}), frozenset({blue})), (frozenset({yellow}), frozenset({blue}))) x 0: 1.0, ((frozenset({blue}), frozenset({magenta})), (frozenset({magenta}), frozenset({yellow}))) x 0: 0.6666666666666666, ((frozenset({yellow}), frozenset({green})), (frozenset({magenta}), frozenset({green}))) x 0: 1.0, ((frozenset({green}), frozenset({blue})), (frozenset({magenta}), frozenset({yellow}))) x 0: 1.0, ((frozenset({blue}), frozenset({magenta})), (frozenset({yellow}), frozenset({magenta}))) x 0: 0.6666666666666666, ((frozenset({magenta}), frozenset({blue})), (frozenset({green}), frozenset({blue}))) x 0: 1.0, ((frozenset({green}), frozenset({magenta})), (frozenset({magenta}), frozenset({yellow}))) x 0: 1.0, ((frozenset({blue}), frozenset({green})), (frozenset({green}), frozenset({yellow}))) x 0: 0.0, ((frozenset({blue}), frozenset({green})), (frozenset({magenta}), frozenset({yellow}))) x 0: 1.0, ((frozenset({blue}), frozenset({magenta})), (frozenset({magenta}), frozenset({green}))) x 0: 1.0, ((frozenset({magenta}), frozenset({blue})), (frozenset({blue}), frozenset({green}))) x 0: 1.0, ((frozenset({yellow}), frozenset({green})), (frozenset({green}), frozenset({magenta}))) x 0: 1.0, ((frozenset({yellow}), frozenset({blue})), (frozenset({green}), frozenset({blue}))) x 0: 1.0, ((frozenset({green}), frozenset({blue})), (frozenset({blue}), frozenset({yellow}))) x 0: 1.0, ((frozenset({green}), frozenset({magenta})), (frozenset({blue}), frozenset({magenta}))) x 0: 1.0, ((frozenset({magenta}), frozenset({yellow})), (frozenset({green}), frozenset({blue}))) x 0: 1.0, ((frozenset({blue}), frozenset({green})), (frozenset({yellow}), frozenset({magenta}))) x 0: 1.0, ((frozenset({yellow}), frozenset({blue})), (frozenset({blue}), frozenset({magenta}))) x 0: 0.0}",1.6892023757100105,0.054194294286350635,4259840,371.6480446927374,149.9839996459891,0.01192858730792068,1:27:34,0.7821229050279329,0.6186252251985009,140.8751829056881,0.888268156424581,0.3150362498295349,0.6524083893746138,0.005247739805781748,0.09497206703910614,0.2931763522547917
0.35595172209958176,0.0019788082519197805,"{((frozenset({blue}), frozenset({yellow})), (frozenset({magenta}), frozenset({yellow}))) x 0: 0.5, ((frozenset({blue}), frozenset({magenta})), (frozenset({yellow}), frozenset({magenta}))) x 0: 1.0, ((frozenset({magenta}), frozenset({green})), (frozenset({blue}), frozenset({yellow}))) x 0: 1.0, ((frozenset({magenta}), frozenset({green})), (frozenset({green}), frozenset({yellow}))) x 0: 0.8333333333333334, ((frozenset({green}), frozenset({magenta})), (frozenset({magenta}), frozenset({blue}))) x 0: 1.0, ((frozenset({yellow}), frozenset({blue})), (frozenset({blue}), frozenset({green}))) x 0: 1.0, ((frozenset({blue}), frozenset({green})), (frozenset({green}), frozenset({yellow}))) x 0: 0.7142857142857143, ((frozenset({magenta}), frozenset({green})), (frozenset({green}), frozenset({blue}))) x 0: 1.0, ((frozenset({magenta}), frozenset({yellow})), (frozenset({green}), frozenset({blue}))) x 0: 1.0, ((frozenset({magenta}), frozenset({blue})), (frozenset({green}), frozenset({blue}))) x 0: 1.0, ((frozenset({green}), frozenset({blue})), (frozenset({yellow}), frozenset({blue}))) x 0: 1.0, ((frozenset({blue}), frozenset({yellow})), (frozenset({yellow}), frozenset({magenta}))) x 0: 0.6666666666666666, ((frozenset({yellow}), frozenset({blue})), (frozenset({blue}), frozenset({magenta}))) x 0: 0.9444444444444444, ((frozenset({magenta}), frozenset({blue})), (frozenset({yellow}), frozenset({green}))) x 0: 1.0, ((frozenset({blue}), frozenset({yellow})), (frozenset({green}), frozenset({magenta}))) x 0: 1.0, ((frozenset({green}), frozenset({yellow})), (frozenset({yellow}), frozenset({magenta}))) x 0: 1.0, ((frozenset({blue}), frozenset({magenta})), (frozenset({yellow}), frozenset({green}))) x 0: 1.0, ((frozenset({blue}), frozenset({green})), (frozenset({magenta}), frozenset({yellow}))) x 0: 1.0, ((frozenset({magenta}), frozenset({yellow})), (frozenset({green}), frozenset({yellow}))) x 0: 1.0, ((frozenset({blue}), frozenset({green})), (frozenset({yellow}), frozenset({green}))) x 0: 1.0, ((frozenset({blue}), frozenset({magenta})), (frozenset({magenta}), frozenset({green}))) x 0: 0.6666666666666666, ((frozenset({green}), frozenset({blue})), (frozenset({magenta}), frozenset({blue}))) x 0: 0.6363636363636364, ((frozenset({yellow}), frozenset({green})), (frozenset({green}), frozenset({blue}))) x 0: 1.0, ((frozenset({magenta}), frozenset({blue})), (frozenset({blue}), frozenset({yellow}))) x 0: 0.0, ((frozenset({yellow}), frozenset({magenta})), (frozenset({blue}), frozenset({green}))) x 0: 0.5, ((frozenset({yellow}), frozenset({magenta})), (frozenset({magenta}), frozenset({blue}))) x 0: 1.0, ((frozenset({green}), frozenset({blue})), (frozenset({magenta}), frozenset({yellow}))) x 0: 0.6666666666666666, ((frozenset({magenta}), frozenset({yellow})), (frozenset({blue}), frozenset({green}))) x 0: 1.0, ((frozenset({yellow}), frozenset({blue})), (frozenset({magenta}), frozenset({blue}))) x 0: 1.0, ((frozenset({blue}), frozenset({magenta})), (frozenset({green}), frozenset({magenta}))) x 0: 1.0, ((frozenset({blue}), frozenset({yellow})), (frozenset({yellow}), frozenset({green}))) x 0: 1.0, ((frozenset({blue}), frozenset({yellow})), (frozenset({magenta}), frozenset({green}))) x 0: 1.0, ((frozenset({green}), frozenset({magenta})), (frozenset({magenta}), frozenset({yellow}))) x 0: 0.6666666666666666, ((frozenset({blue}), frozenset({magenta})), (frozenset({magenta}), frozenset({yellow}))) x 0: 0.8, ((frozenset({magenta}), frozenset({blue})), (frozenset({blue}), frozenset({green}))) x 0: 1.0, ((frozenset({yellow}), frozenset({magenta})), (frozenset({green}), frozenset({magenta}))) x 0: 1.0, ((frozenset({yellow}), frozenset({magenta})), (frozenset({magenta}), frozenset({green}))) x 0: 1.0, ((frozenset({magenta}), frozenset({green})), (frozenset({yellow}), frozenset({blue}))) x 0: 0.5, ((frozenset({yellow}), frozenset({green})), (frozenset({magenta}), frozenset({blue}))) x 0: 1.0, ((frozenset({green}), frozenset({yellow})), (frozenset({magenta}), frozenset({blue}))) x 0: 1.0, ((frozenset({magenta}), frozenset({blue})), (frozenset({green}), frozenset({yellow}))) x 0: 1.0, ((frozenset({magenta}), frozenset({green})), (frozenset({blue}), frozenset({green}))) x 0: 0.75, ((frozenset({magenta}), frozenset({yellow})), (frozenset({yellow}), frozenset({blue}))) x 0: 1.0, ((frozenset({yellow}), frozenset({blue})), (frozenset({green}), frozenset({blue}))) x 0: 1.0, ((frozenset({magenta}), frozenset({blue})), (frozenset({yellow}), frozenset({blue}))) x 0: 0.5, ((frozenset({yellow}), frozenset({magenta})), (frozenset({green}), frozenset({blue}))) x 0: 1.0, ((frozenset({green}), frozenset({blue})), (frozenset({blue}), frozenset({magenta}))) x 0: 1.0, ((frozenset({blue}), frozenset({yellow})), (frozenset({green}), frozenset({yellow}))) x 0: 0.3333333333333333, ((frozenset({green}), frozenset({magenta})), (frozenset({blue}), frozenset({magenta}))) x 0: 1.0, ((frozenset({yellow}), frozenset({blue})), (frozenset({green}), frozenset({magenta}))) x 0: 1.0, ((frozenset({magenta}), frozenset({green})), (frozenset({yellow}), frozenset({green}))) x 0: 1.0, ((frozenset({green}), frozenset({magenta})), (frozenset({yellow}), frozenset({magenta}))) x 0: 1.0, ((frozenset({yellow}), frozenset({magenta})), (frozenset({blue}), frozenset({magenta}))) x 0: 1.0, ((frozenset({green}), frozenset({magenta})), (frozenset({yellow}), frozenset({blue}))) x 0: 1.0, ((frozenset({blue}), frozenset({magenta})), (frozenset({green}), frozenset({yellow}))) x 0: 1.0, ((frozenset({green}), frozenset({blue})), (frozenset({blue}), frozenset({yellow}))) x 0: 0.6666666666666666, ((frozenset({yellow}), frozenset({blue})), (frozenset({magenta}), frozenset({green}))) x 0: 1.0, ((frozenset({yellow}), frozenset({green})), (frozenset({blue}), frozenset({magenta}))) x 0: 1.0, ((frozenset({green}), frozenset({yellow})), (frozenset({blue}), frozenset({yellow}))) x 0: 0.6666666666666666, ((frozenset({magenta}), frozenset({yellow})), (frozenset({yellow}), frozenset({green}))) x 0: 0.0, ((frozenset({green}), frozenset({magenta})), (frozenset({blue}), frozenset({yellow}))) x 0: 1.0, ((frozenset({blue}), frozenset({green})), (frozenset({yellow}), frozenset({magenta}))) x 0: 1.0, ((frozenset({yellow}), frozenset({green})), (frozenset({green}), frozenset({magenta}))) x 0: 1.0, ((frozenset({green}), frozenset({yellow})), (frozenset({blue}), frozenset({magenta}))) x 0: 1.0, ((frozenset({green}), frozenset({yellow})), (frozenset({magenta}), frozenset({yellow}))) x 0: 1.0, ((frozenset({green}), frozenset({yellow})), (frozenset({yellow}), frozenset({blue}))) x 0: 1.0}",1.6902046725153923,0.05064407247799021,4325376,352.2692307692308,154.51668368422526,0.01164617296308279,1:30:45,0.7307692307692307,0.6704422532011466,123.88720967093818,0.8571428571428571,0.34992710611188266,0.6430654227733612,0.0057500930852256715,0.11538461538461539,0.3194855331891567
0.4007534215902795,0.0023768114555486604,"{((frozenset({blue}), frozenset({magenta})), (frozenset({yellow}), frozenset({magenta}))) x 0: 0.5, ((frozenset({blue}), frozenset({yellow})), (frozenset({yellow}), frozenset({green}))) x 0: 1.0, ((frozenset({magenta}), frozenset({green})), (frozenset({blue}), frozenset({yellow}))) x 0: 1.0, ((frozenset({magenta}), frozenset({yellow})), (frozenset({blue}), frozenset({green}))) x 0: 1.0, ((frozenset({yellow}), frozenset({green})), (frozenset({green}), frozenset({blue}))) x 0: 1.0, ((frozenset({green}), frozenset({blue})), (frozenset({magenta}), frozenset({blue}))) x 0: 1.0, ((frozenset({green}), frozenset({yellow})), (frozenset({magenta}), frozenset({yellow}))) x 0: 0.5, ((frozenset({blue}), frozenset({green})), (frozenset({yellow}), frozenset({magenta}))) x 0: 1.0, ((frozenset({blue}), frozenset({magenta})), (frozenset({green}), frozenset({yellow}))) x 0: 1.0, ((frozenset({magenta}), frozenset({blue})), (frozenset({green}), frozenset({blue}))) x 0: 1.0, ((frozenset({magenta}), frozenset({green})), (frozenset({green}), frozenset({yellow}))) x 0: 1.0, ((frozenset({green}), frozenset({magenta})), (frozenset({magenta}), frozenset({yellow}))) x 0: 1.0, ((frozenset({magenta}), frozenset({green})), (frozenset({green}), frozenset({blue}))) x 0: 1.0, ((frozenset({magenta}), frozenset({blue})), (frozenset({blue}), frozenset({green}))) x 0: 1.0, ((frozenset({magenta}), frozenset({yellow})), (frozenset({yellow}), frozenset({green}))) x 0: 0.9, ((frozenset({yellow}), frozenset({magenta})), (frozenset({blue}), frozenset({green}))) x 0: 1.0, ((frozenset({blue}), frozenset({yellow})), (frozenset({magenta}), frozenset({green}))) x 0: 1.0, ((frozenset({blue}), frozenset({green})), (frozenset({green}), frozenset({yellow}))) x 0: 1.0, ((frozenset({yellow}), frozenset({green})), (frozenset({magenta}), frozenset({blue}))) x 0: 0.6666666666666666, ((frozenset({green}), frozenset({magenta})), (frozenset({blue}), frozenset({yellow}))) x 0: 1.0, ((frozenset({yellow}), frozenset({blue})), (frozenset({magenta}), frozenset({blue}))) x 0: 0.3333333333333333, ((frozenset({green}), frozenset({magenta})), (frozenset({yellow}), frozenset({magenta}))) x 0: 1.0, ((frozenset({yellow}), frozenset({blue})), (frozenset({green}), frozenset({magenta}))) x 0: 1.0, ((frozenset({magenta}), frozenset({blue})), (frozenset({blue}), frozenset({yellow}))) x 0: 0.9333333333333333, ((frozenset({blue}), frozenset({green})), (frozenset({yellow}), frozenset({green}))) x 0: 1.0, ((frozenset({magenta}), frozenset({yellow})), (frozenset({yellow}), frozenset({blue}))) x 0: 1.0, ((frozenset({magenta}), frozenset({green})), (frozenset({yellow}), frozenset({green}))) x 0: 1.0, ((frozenset({blue}), frozenset({magenta})), (frozenset({green}), frozenset({magenta}))) x 0: 1.0, ((frozenset({yellow}), frozenset({magenta})), (frozenset({magenta}), frozenset({green}))) x 0: 1.0, ((frozenset({blue}), frozenset({yellow})), (frozenset({yellow}), frozenset({magenta}))) x 0: 1.0, ((frozenset({blue}), frozenset({green})), (frozenset({magenta}), frozenset({green}))) x 0: 0.6666666666666666, ((frozenset({yellow}), frozenset({green})), (frozenset({blue}), frozenset({green}))) x 0: 1.0, ((frozenset({green}), frozenset({yellow})), (frozenset({magenta}), frozenset({blue}))) x 0: 0.6666666666666666, ((frozenset({green}), frozenset({blue})), (frozenset({blue}), frozenset({yellow}))) x 0: 1.0, ((frozenset({blue}), frozenset({yellow})), (frozenset({magenta}), frozenset({yellow}))) x 0: 0.6666666666666666, ((frozenset({magenta}), frozenset({green})), (frozenset({yellow}), frozenset({blue}))) x 0: 1.0, ((frozenset({green}), frozenset({blue})), (frozenset({yellow}), frozenset({magenta}))) x 0: 1.0, ((frozenset({magenta}), frozenset({yellow})), (frozenset({green}), frozenset({yellow}))) x 0: 1.0, ((frozenset({yellow}), frozenset({magenta})), (frozenset({green}), frozenset({magenta}))) x 0: 1.0, ((frozenset({magenta}), frozenset({blue})), (frozenset({yellow}), frozenset({green}))) x 0: 0.75, ((frozenset({green}), frozenset({yellow})), (frozenset({blue}), frozenset({yellow}))) x 0: 1.0, ((frozenset({blue}), frozenset({yellow})), (frozenset({green}), frozenset({magenta}))) x 0: 1.0, ((frozenset({magenta}), frozenset({blue})), (frozenset({yellow}), frozenset({blue}))) x 0: 1.0, ((frozenset({blue}), frozenset({magenta})), (frozenset({magenta}), frozenset({green}))) x 0: 1.0, ((frozenset({magenta}), frozenset({yellow})), (frozenset({blue}), frozenset({yellow}))) x 0: 1.0, ((frozenset({yellow}), frozenset({green})), (frozenset({magenta}), frozenset({green}))) x 0: 0.5, ((frozenset({green}), frozenset({yellow})), (frozenset({yellow}), frozenset({blue}))) x 0: 1.0, ((frozenset({blue}), frozenset({yellow})), (frozenset({green}), frozenset({yellow}))) x 0: 0.6666666666666666, ((frozenset({yellow}), frozenset({magenta})), (frozenset({blue}), frozenset({magenta}))) x 0: 1.0, ((frozenset({green}), frozenset({magenta})), (frozenset({magenta}), frozenset({blue}))) x 0: 1.0, ((frozenset({yellow}), frozenset({magenta})), (frozenset({magenta}), frozenset({blue}))) x 0: 0.0, ((frozenset({blue}), frozenset({green})), (frozenset({magenta}), frozenset({yellow}))) x 0: 0.5, ((frozenset({green}), frozenset({yellow})), (frozenset({blue}), frozenset({magenta}))) x 0: 1.0, ((frozenset({magenta}), frozenset({yellow})), (frozenset({green}), frozenset({blue}))) x 0: 0.5, ((frozenset({yellow}), frozenset({blue})), (frozenset({blue}), frozenset({green}))) x 0: 0.0, ((frozenset({yellow}), frozenset({blue})), (frozenset({magenta}), frozenset({green}))) x 0: 1.0, ((frozenset({green}), frozenset({magenta})), (frozenset({yellow}), frozenset({blue}))) x 0: 1.0, ((frozenset({blue}), frozenset({magenta})), (frozenset({magenta}), frozenset({yellow}))) x 0: 0.5, ((frozenset({magenta}), frozenset({blue})), (frozenset({green}), frozenset({yellow}))) x 0: 1.0, ((frozenset({yellow}), frozenset({blue})), (frozenset({blue}), frozenset({magenta}))) x 0: 1.0, ((frozenset({yellow}), frozenset({magenta})), (frozenset({green}), frozenset({blue}))) x 0: 1.0, ((frozenset({magenta}), frozenset({green})), (frozenset({blue}), frozenset({green}))) x 0: 1.0, ((frozenset({yellow}), frozenset({blue})), (frozenset({green}), frozenset({blue}))) x 0: 1.0, ((frozenset({green}), frozenset({blue})), (frozenset({yellow}), frozenset({blue}))) x 0: 1.0}",1.6902203261852264,0.03605875068959038,4390912,397.1242603550296,198.69080958565252,0.007120031848899089,1:12:25,0.8284023668639053,0.5103871870496527,140.15836622136607,0.8875739644970414,0.3158898891133524,0.6299844048917294,0.0030811004944553133,0.05917159763313609,0.23594558624114656
0.3710539047730143,0.002115296368957259,"{((frozenset({blue}), frozenset({magenta})), (frozenset({green}), frozenset({yellow}))) x 0: 1.0, ((frozenset({yellow}), frozenset({magenta})), (frozenset({magenta}), frozenset({green}))) x 0: 1.0, ((frozenset({green}), frozenset({blue})), (frozenset({yellow}), frozenset({blue}))) x 0: 1.0, ((frozenset({magenta}), frozenset({yellow})), (frozenset({green}), frozenset({blue}))) x 0: 0.875, ((frozenset({green}), frozenset({magenta})), (frozenset({yellow}), frozenset({magenta}))) x 0: 1.0, ((frozenset({green}), frozenset({blue})), (frozenset({blue}), frozenset({yellow}))) x 0: 1.0, ((frozenset({magenta}), frozenset({yellow})), (frozenset({yellow}), frozenset({blue}))) x 0: 1.0, ((frozenset({magenta}), frozenset({blue})), (frozenset({blue}), frozenset({yellow}))) x 0: 1.0, ((frozenset({magenta}), frozenset({blue})), (frozenset({green}), frozenset({blue}))) x 0: 1.0, ((frozenset({yellow}), frozenset({blue})), (frozenset({blue}), frozenset({magenta}))) x 0: 1.0, ((frozenset({magenta}), frozenset({blue})), (frozenset({blue}), frozenset({green}))) x 0: 1.0, ((frozenset({green}), frozenset({blue})), (frozenset({blue}), frozenset({magenta}))) x 0: 1.0, ((frozenset({green}), frozenset({magenta})), (frozenset({magenta}), frozenset({yellow}))) x 0: 1.0, ((frozenset({blue}), frozenset({yellow})), (frozenset({magenta}), frozenset({green}))) x 0: 0.0, ((frozenset({magenta}), frozenset({green})), (frozenset({yellow}), frozenset({blue}))) x 0: 1.0, ((frozenset({yellow}), frozenset({green})), (frozenset({magenta}), frozenset({blue}))) x 0: 1.0, ((frozenset({yellow}), frozenset({green})), (frozenset({magenta}), frozenset({green}))) x 0: 0.7777777777777778, ((frozenset({green}), frozenset({magenta})), (frozenset({blue}), frozenset({magenta}))) x 0: 1.0, ((frozenset({yellow}), frozenset({blue})), (frozenset({blue}), frozenset({green}))) x 0: 0.7272727272727273, ((frozenset({green}), frozenset({yellow})), (frozenset({magenta}), frozenset({yellow}))) x 0: 0.875, ((frozenset({green}), frozenset({magenta})), (frozenset({yellow}), frozenset({blue}))) x 0: 1.0, ((frozenset({magenta}), frozenset({blue})), (frozenset({yellow}), frozenset({blue}))) x 0: 1.0, ((frozenset({blue}), frozenset({yellow})), (frozenset({magenta}), frozenset({yellow}))) x 0: 0.8333333333333334, ((frozenset({yellow}), frozenset({blue})), (frozenset({green}), frozenset({magenta}))) x 0: 1.0, ((frozenset({yellow}), frozenset({magenta})), (frozenset({magenta}), frozenset({blue}))) x 0: 0.9090909090909091, ((frozenset({yellow}), frozenset({blue})), (frozenset({magenta}), frozenset({blue}))) x 0: 0.5714285714285714, ((frozenset({green}), frozenset({yellow})), (frozenset({magenta}), frozenset({blue}))) x 0: 1.0, ((frozenset({blue}), frozenset({green})), (frozenset({magenta}), frozenset({yellow}))) x 0: 0.5, ((frozenset({green}), frozenset({blue})), (frozenset({yellow}), frozenset({magenta}))) x 0: 0.6666666666666666, ((frozenset({blue}), frozenset({yellow})), (frozenset({green}), frozenset({yellow}))) x 0: 1.0, ((frozenset({magenta}), frozenset({green})), (frozenset({green}), frozenset({blue}))) x 0: 0.0, ((frozenset({green}), frozenset({yellow})), (frozenset({blue}), frozenset({yellow}))) x 0: 1.0, ((frozenset({blue}), frozenset({yellow})), (frozenset({yellow}), frozenset({magenta}))) x 0: 1.0, ((frozenset({yellow}), frozenset({green})), (frozenset({blue}), frozenset({green}))) x 0: 1.0, ((frozenset({yellow}), frozenset({magenta})), (frozenset({green}), frozenset({blue}))) x 0: 1.0, ((frozenset({magenta}), frozenset({yellow})), (frozenset({blue}), frozenset({yellow}))) x 0: 0.6666666666666666, ((frozenset({magenta}), frozenset({green})), (frozenset({yellow}), frozenset({green}))) x 0: 1.0, ((frozenset({yellow}), frozenset({blue})), (frozenset({green}), frozenset({blue}))) x 0: 1.0, ((frozenset({blue}), frozenset({magenta})), (frozenset({yellow}), frozenset({magenta}))) x 0: 0.6666666666666666, ((frozenset({magenta}), frozenset({yellow})), (frozenset({yellow}), frozenset({green}))) x 0: 1.0, ((frozenset({magenta}), frozenset({yellow})), (frozenset({green}), frozenset({yellow}))) x 0: 1.0, ((frozenset({yellow}), frozenset({magenta})), (frozenset({blue}), frozenset({magenta}))) x 0: 1.0, ((frozenset({blue}), frozenset({magenta})), (frozenset({yellow}), frozenset({green}))) x 0: 1.0, ((frozenset({yellow}), frozenset({magenta})), (frozenset({green}), frozenset({magenta}))) x 0: 1.0, ((frozenset({blue}), frozenset({yellow})), (frozenset({green}), frozenset({magenta}))) x 0: 1.0, ((frozenset({yellow}), frozenset({magenta})), (frozenset({blue}), frozenset({green}))) x 0: 1.0, ((frozenset({yellow}), frozenset({blue})), (frozenset({magenta}), frozenset({green}))) x 0: 1.0, ((frozenset({magenta}), frozenset({blue})), (frozenset({yellow}), frozenset({green}))) x 0: 0.0, ((frozenset({green}), frozenset({blue})), (frozenset({magenta}), frozenset({yellow}))) x 0: 1.0, ((frozenset({magenta}), frozenset({green})), (frozenset({blue}), frozenset({yellow}))) x 0: 1.0, ((frozenset({blue}), frozenset({magenta})), (frozenset({magenta}), frozenset({green}))) x 0: 0.0, ((frozenset({green}), frozenset({yellow})), (frozenset({yellow}), frozenset({blue}))) x 0: 1.0, ((frozenset({blue}), frozenset({magenta})), (frozenset({magenta}), frozenset({yellow}))) x 0: 0.8333333333333334, ((frozenset({yellow}), frozenset({green})), (frozenset({green}), frozenset({blue}))) x 0: 1.0, ((frozenset({green}), frozenset({blue})), (frozenset({magenta}), frozenset({blue}))) x 0: 1.0, ((frozenset({blue}), frozenset({green})), (frozenset({green}), frozenset({yellow}))) x 0: 0.0, ((frozenset({magenta}), frozenset({blue})), (frozenset({green}), frozenset({yellow}))) x 0: 1.0, ((frozenset({yellow}), frozenset({green})), (frozenset({blue}), frozenset({magenta}))) x 0: 1.0, ((frozenset({magenta}), frozenset({green})), (frozenset({blue}), frozenset({green}))) x 0: 1.0, ((frozenset({green}), frozenset({yellow})), (frozenset({yellow}), frozenset({magenta}))) x 0: 1.0, ((frozenset({blue}), frozenset({yellow})), (frozenset({yellow}), frozenset({green}))) x 0: 1.0, ((frozenset({green}), frozenset({yellow})), (frozenset({blue}), frozenset({magenta}))) x 0: 1.0}",1.68994914367795,0.042861304408797846,4456448,381.874251497006,204.2429333026738,0.0094444948626915,0:52:21,0.7485029940119761,0.6259705075627295,173.0187123113446,0.8502994011976048,0.3567777032279337,0.6164647378027439,0.004441378594492562,0.09580838323353294,0.2943282808968744
0.3737127441313268,0.0022438995646733933,"{((frozenset({yellow}), frozenset({magenta})), (frozenset({green}), frozenset({magenta}))) x 0: 0.6666666666666666, ((frozenset({magenta}), frozenset({yellow})), (frozenset({blue}), frozenset({yellow}))) x 0: 1.0, ((frozenset({yellow}), frozenset({green})), (frozenset({blue}), frozenset({magenta}))) x 0: 0.8, ((frozenset({blue}), frozenset({green})), (frozenset({green}), frozenset({yellow}))) x 0: 0.8666666666666667, ((frozenset({yellow}), frozenset({blue})), (frozenset({blue}), frozenset({green}))) x 0: 1.0, ((frozenset({blue}), frozenset({green})), (frozenset({magenta}), frozenset({green}))) x 0: 1.0, ((frozenset({magenta}), frozenset({yellow})), (frozenset({yellow}), frozenset({blue}))) x 0: 0.75, ((frozenset({magenta}), frozenset({blue})), (frozenset({yellow}), frozenset({green}))) x 0: 0.6666666666666666, ((frozenset({magenta}), frozenset({green})), (frozenset({yellow}), frozenset({green}))) x 0: 0.5, ((frozenset({green}), frozenset({magenta})), (frozenset({magenta}), frozenset({blue}))) x 0: 1.0, ((frozenset({green}), frozenset({yellow})), (frozenset({magenta}), frozenset({yellow}))) x 0: 1.0, ((frozenset({yellow}), frozenset({magenta})), (frozenset({green}), frozenset({blue}))) x 0: 1.0, ((frozenset({blue}), frozenset({magenta})), (frozenset({magenta}), frozenset({green}))) x 0: 0.7777777777777778, ((frozenset({blue}), frozenset({yellow})), (frozenset({magenta}), frozenset({yellow}))) x 0: 1.0, ((frozenset({green}), frozenset({yellow})), (frozenset({yellow}), frozenset({magenta}))) x 0: 1.0, ((frozenset({yellow}), frozenset({green})), (frozenset({green}), frozenset({blue}))) x 0: 1.0, ((frozenset({blue}), frozenset({green})), (frozenset({magenta}), frozenset({yellow}))) x 0: 1.0, ((frozenset({magenta}), frozenset({green})), (frozenset({green}), frozenset({blue}))) x 0: 0.9166666666666666, ((frozenset({yellow}), frozenset({green})), (frozenset({magenta}), frozenset({blue}))) x 0: 0.5, ((frozenset({blue}), frozenset({green})), (frozenset({yellow}), frozenset({green}))) x 0: 1.0, ((frozenset({magenta}), frozenset({green})), (frozenset({yellow}), frozenset({blue}))) x 0: 1.0, ((frozenset({magenta}), frozenset({blue})), (frozenset({blue}), frozenset({green}))) x 0: 1.0, ((frozenset({blue}), frozenset({magenta})), (frozenset({yellow}), frozenset({magenta}))) x 0: 0.75, ((frozenset({blue}), frozenset({yellow})), (frozenset({magenta}), frozenset({green}))) x 0: 1.0, ((frozenset({yellow}), frozenset({green})), (frozenset({magenta}), frozenset({green}))) x 0: 1.0, ((frozenset({blue}), frozenset({yellow})), (frozenset({green}), frozenset({yellow}))) x 0: 0.0, ((frozenset({blue}), frozenset({magenta})), (frozenset({green}), frozenset({yellow}))) x 0: 1.0, ((frozenset({magenta}), frozenset({blue})), (frozenset({green}), frozenset({blue}))) x 0: 1.0, ((frozenset({green}), frozenset({blue})), (frozenset({blue}), frozenset({yellow}))) x 0: 0.5, ((frozenset({green}), frozenset({magenta})), (frozenset({blue}), frozenset({yellow}))) x 0: 1.0, ((frozenset({yellow}), frozenset({magenta})), (frozenset({blue}), frozenset({green}))) x 0: 1.0, ((frozenset({green}), frozenset({yellow})), (frozenset({blue}), frozenset({yellow}))) x 0: 1.0, ((frozenset({yellow}), frozenset({blue})), (frozenset({magenta}), frozenset({blue}))) x 0: 1.0, ((frozenset({green}), frozenset({blue})), (frozenset({blue}), frozenset({magenta}))) x 0: 1.0, ((frozenset({blue}), frozenset({yellow})), (frozenset({yellow}), frozenset({green}))) x 0: 0.5, ((frozenset({magenta}), frozenset({yellow})), (frozenset({yellow}), frozenset({green}))) x 0: 1.0, ((frozenset({magenta}), frozenset({yellow})), (frozenset({green}), frozenset({yellow}))) x 0: 1.0, ((frozenset({yellow}), frozenset({green})), (frozenset({green}), frozenset({magenta}))) x 0: 1.0, ((frozenset({yellow}), frozenset({blue})), (frozenset({green}), frozenset({blue}))) x 0: 1.0, ((frozenset({green}), frozenset({blue})), (frozenset({yellow}), frozenset({magenta}))) x 0: 0.6666666666666666, ((frozenset({green}), frozenset({magenta})), (frozenset({magenta}), frozenset({yellow}))) x 0: 1.0, ((frozenset({blue}), frozenset({magenta})), (frozenset({yellow}), frozenset({green}))) x 0: 0.0, ((frozenset({blue}), frozenset({green})), (frozenset({yellow}), frozenset({magenta}))) x 0: 0.6666666666666666, ((frozenset({magenta}), frozenset({yellow})), (frozenset({green}), frozenset({blue}))) x 0: 1.0, ((frozenset({yellow}), frozenset({blue})), (frozenset({blue}), frozenset({magenta}))) x 0: 1.0, ((frozenset({green}), frozenset({blue})), (frozenset({magenta}), frozenset({yellow}))) x 0: 1.0, ((frozenset({green}), frozenset({magenta})), (frozenset({yellow}), frozenset({blue}))) x 0: 1.0, ((frozenset({yellow}), frozenset({magenta})), (frozenset({blue}), frozenset({magenta}))) x 0: 1.0, ((frozenset({yellow}), frozenset({magenta})), (frozenset({magenta}), frozenset({blue}))) x 0: 1.0, ((frozenset({yellow}), frozenset({magenta})), (frozenset({magenta}), frozenset({green}))) x 0: 1.0, ((frozenset({blue}), frozenset({magenta})), (frozenset({magenta}), frozenset({yellow}))) x 0: 0.75, ((frozenset({green}), frozenset({yellow})), (frozenset({magenta}), frozenset({blue}))) x 0: 1.0, ((frozenset({magenta}), frozenset({green})), (frozenset({green}), frozenset({yellow}))) x 0: 1.0, ((frozenset({green}), frozenset({yellow})), (frozenset({yellow}), frozenset({blue}))) x 0: 1.0, ((frozenset({magenta}), frozenset({blue})), (frozenset({blue}), frozenset({yellow}))) x 0: 1.0, ((frozenset({green}), frozenset({blue})), (frozenset({magenta}), frozenset({blue}))) x 0: 1.0, ((frozenset({green}), frozenset({yellow})), (frozenset({blue}), frozenset({magenta}))) x 0: 0.0, ((frozenset({blue}), frozenset({green})), (frozenset({green}), frozenset({magenta}))) x 0: 1.0}",1.6899859458208084,0.04116991384895456,4521984,425.14193548387095,225.95721658156032,0.008209134277421981,0:44:18,0.7870967741935484,0.5563370616080027,179.83497183117035,0.8580645161290322,0.3489839570657683,0.6099222544580698,0.00324190302126226,0.07096774193548387,0.2567709515113858
0.4006330934127537,0.002376838532822944,"{((frozenset({yellow}), frozenset({green})), (frozenset({blue}), frozenset({green}))) x 0: 1.0, ((frozenset({blue}), frozenset({yellow})), (frozenset({yellow}), frozenset({green}))) x 0: 0.8888888888888888, ((frozenset({magenta}), frozenset({blue})), (frozenset({yellow}), frozenset({green}))) x 0: 0.75, ((frozenset({blue}), frozenset({yellow})), (frozenset({magenta}), frozenset({green}))) x 0: 1.0, ((frozenset({magenta}), frozenset({green})), (frozenset({green}), frozenset({blue}))) x 0: 1.0, ((frozenset({yellow}), frozenset({blue})), (frozenset({green}), frozenset({magenta}))) x 0: 1.0, ((frozenset({magenta}), frozenset({green})), (frozenset({yellow}), frozenset({green}))) x 0: 0.8571428571428571, ((frozenset({green}), frozenset({yellow})), (frozenset({yellow}), frozenset({blue}))) x 0: 1.0, ((frozenset({blue}), frozenset({magenta})), (frozenset({magenta}), frozenset({yellow}))) x 0: 1.0, ((frozenset({yellow}), frozenset({green})), (frozenset({green}), frozenset({blue}))) x 0: 1.0, ((frozenset({blue}), frozenset({magenta})), (frozenset({yellow}), frozenset({green}))) x 0: 0.9166666666666666, ((frozenset({green}), frozenset({magenta})), (frozenset({yellow}), frozenset({magenta}))) x 0: 1.0, ((frozenset({magenta}), frozenset({green})), (frozenset({green}), frozenset({yellow}))) x 0: 1.0, ((frozenset({yellow}), frozenset({magenta})), (frozenset({blue}), frozenset({green}))) x 0: 1.0, ((frozenset({blue}), frozenset({green})), (frozenset({green}), frozenset({yellow}))) x 0: 1.0, ((frozenset({blue}), frozenset({magenta})), (frozenset({magenta}), frozenset({green}))) x 0: 0.6666666666666666, ((frozenset({green}), frozenset({yellow})), (frozenset({blue}), frozenset({magenta}))) x 0: 0.9230769230769231, ((frozenset({green}), frozenset({blue})), (frozenset({magenta}), frozenset({yellow}))) x 0: 0.75, ((frozenset({green}), frozenset({yellow})), (frozenset({blue}), frozenset({yellow}))) x 0: 1.0, ((frozenset({green}), frozenset({magenta})), (frozenset({magenta}), frozenset({yellow}))) x 0: 1.0, ((frozenset({blue}), frozenset({green})), (frozenset({yellow}), frozenset({green}))) x 0: 1.0, ((frozenset({magenta}), frozenset({yellow})), (frozenset({yellow}), frozenset({green}))) x 0: 0.0, ((frozenset({blue}), frozenset({magenta})), (frozenset({yellow}), frozenset({magenta}))) x 0: 1.0, ((frozenset({magenta}), frozenset({green})), (frozenset({yellow}), frozenset({blue}))) x 0: 1.0, ((frozenset({yellow}), frozenset({magenta})), (frozenset({blue}), frozenset({magenta}))) x 0: 0.3333333333333333, ((frozenset({magenta}), frozenset({blue})), (frozenset({blue}), frozenset({green}))) x 0: 1.0, ((frozenset({blue}), frozenset({green})), (frozenset({yellow}), frozenset({magenta}))) x 0: 0.3333333333333333, ((frozenset({green}), frozenset({yellow})), (frozenset({magenta}), frozenset({blue}))) x 0: 1.0, ((frozenset({green}), frozenset({blue})), (frozenset({blue}), frozenset({yellow}))) x 0: 1.0, ((frozenset({green}), frozenset({magenta})), (frozenset({blue}), frozenset({magenta}))) x 0: 1.0, ((frozenset({magenta}), frozenset({blue})), (frozenset({green}), frozenset({yellow}))) x 0: 1.0, ((frozenset({green}), frozenset({blue})), (frozenset({blue}), frozenset({magenta}))) x 0: 1.0, ((frozenset({yellow}), frozenset({green})), (frozenset({blue}), frozenset({magenta}))) x 0: 1.0, ((frozenset({yellow}), frozenset({magenta})), (frozenset({magenta}), frozenset({blue}))) x 0: 1.0, ((frozenset({blue}), frozenset({yellow})), (frozenset({magenta}), frozenset({yellow}))) x 0: 1.0, ((frozenset({yellow}), frozenset({green})), (frozenset({magenta}), frozenset({blue}))) x 0: 0.8333333333333334, ((frozenset({magenta}), frozenset({green})), (frozenset({blue}), frozenset({green}))) x 0: 1.0, ((frozenset({green}), frozenset({yellow})), (frozenset({yellow}), frozenset({magenta}))) x 0: 1.0, ((frozenset({yellow}), frozenset({magenta})), (frozenset({green}), frozenset({magenta}))) x 0: 1.0, ((frozenset({blue}), frozenset({yellow})), (frozenset({green}), frozenset({magenta}))) x 0: 1.0, ((frozenset({blue}), frozenset({yellow})), (frozenset({green}), frozenset({yellow}))) x 0: 1.0, ((frozenset({green}), frozenset({blue})), (frozenset({magenta}), frozenset({blue}))) x 0: 0.0, ((frozenset({magenta}), frozenset({green})), (frozenset({blue}), frozenset({yellow}))) x 0: 1.0, ((frozenset({green}), frozenset({blue})), (frozenset({yellow}), frozenset({blue}))) x 0: 0.75, ((frozenset({magenta}), frozenset({yellow})), (frozenset({green}), frozenset({blue}))) x 0: 1.0, ((frozenset({green}), frozenset({magenta})), (frozenset({yellow}), frozenset({blue}))) x 0: 1.0, ((frozenset({green}), frozenset({blue})), (frozenset({yellow}), frozenset({magenta}))) x 0: 1.0, ((frozenset({magenta}), frozenset({yellow})), (frozenset({blue}), frozenset({yellow}))) x 0: 1.0, ((frozenset({yellow}), frozenset({magenta})), (frozenset({green}), frozenset({blue}))) x 0: 1.0, ((frozenset({yellow}), frozenset({blue})), (frozenset({green}), frozenset({blue}))) x 0: 0.6666666666666666, ((frozenset({yellow}), frozenset({blue})), (frozenset({blue}), frozenset({green}))) x 0: 1.0, ((frozenset({magenta}), frozenset({blue})), (frozenset({yellow}), frozenset({blue}))) x 0: 1.0, ((frozenset({blue}), frozenset({yellow})), (frozenset({yellow}), frozenset({magenta}))) x 0: 1.0, ((frozenset({yellow}), frozenset({blue})), (frozenset({magenta}), frozenset({green}))) x 0: 1.0, ((frozenset({yellow}), frozenset({blue})), (frozenset({magenta}), frozenset({blue}))) x 0: 1.0, ((frozenset({blue}), frozenset({green})), (frozenset({green}), frozenset({magenta}))) x 0: 1.0, ((frozenset({magenta}), frozenset({blue})), (frozenset({green}), frozenset({blue}))) x 0: 1.0, ((frozenset({yellow}), frozenset({magenta})), (frozenset({magenta}), frozenset({green}))) x 0: 1.0, ((frozenset({yellow}), frozenset({green})), (frozenset({green}), frozenset({magenta}))) x 0: 1.0, ((frozenset({magenta}), frozenset({yellow})), (frozenset({blue}), frozenset({green}))) x 0: 1.0}",1.6888386383652687,0.036383536477461634,4587520,371.1485714285714,168.28034665220937,0.004866932904405985,0:30:08,0.8342857142857143,0.5355599777764563,228.02162244107944,0.9085714285714286,0.28821760486670844,0.6255189273506403,0.0035087964788544923,0.06857142857142857,0.2527239358570969
0.40815516022182463,0.003710451118362372,"{((frozenset({blue}), frozenset({magenta})), (frozenset({yellow}), frozenset({magenta}))) x 0: 1.0, ((frozenset({blue}), frozenset({yellow})), (frozenset({yellow}), frozenset({green}))) x 0: 1.0, ((frozenset({yellow}), frozenset({magenta})), (frozenset({blue}), frozenset({magenta}))) x 0: 1.0, ((frozenset({magenta}), frozenset({green})), (frozenset({yellow}), frozenset({green}))) x 0: 1.0, ((frozenset({magenta}), frozenset({green})), (frozenset({yellow}), frozenset({blue}))) x 0: 1.0, ((frozenset({yellow}), frozenset({magenta})),) x 0: 1.0, ((frozenset({magenta}), frozenset({blue})), (frozenset({green}), frozenset({yellow}))) x 0: 1.0, ((frozenset({blue}), frozenset({yellow})), (frozenset({magenta}), frozenset({yellow}))) x 0: 1.0, ((-42, frozenset()), (frozenset({green}), frozenset({, yellow, magenta, blue}))) x 30: 0.6666666666666666, ((frozenset({green}), frozenset({blue})), (frozenset({magenta}), frozenset({yellow}))) x 0: 0.0, ((frozenset({green, blue}), frozenset({yellow, magenta})),) x 0: 1.0, ((-42, frozenset({blue})), (frozenset({yellow}), frozenset({, green, magenta, blue}))) x 30: 0.3333333333333333, ((frozenset({magenta}), frozenset({yellow})), (frozenset({blue}), frozenset({yellow}))) x 0: 1.0, ((frozenset({green, magenta}), frozenset({blue, yellow})),) x 0: 0.5, ((frozenset({blue}), frozenset({magenta})), (frozenset({magenta}), frozenset({yellow}))) x 0: 1.0, ((frozenset({blue, yellow}), frozenset()),) x 0: 1.0, ((-42, frozenset({green})), (frozenset({blue}), frozenset({, yellow, magenta, green}))) x 30: 1.0, ((frozenset({blue}), frozenset({green})), (frozenset({green}), frozenset({yellow}))) x 0: 1.0, ((-42, frozenset({magenta})), (frozenset({yellow}), frozenset({, green, magenta, blue}))) x 30: 0.0, ((frozenset({blue}), frozenset({yellow})), (frozenset({green}), frozenset({magenta}))) x 0: 1.0, ((frozenset({magenta}), frozenset({blue})),) x 0: 1.0, ((frozenset({green}), frozenset({yellow})), (frozenset({magenta}), frozenset({yellow}))) x 0: 1.0, ((-42, frozenset({yellow})), (frozenset({blue}), frozenset({, yellow, magenta, green}))) x 30: 1.0, ((frozenset({blue, magenta}), frozenset({green, yellow})),) x 0: 1.0, ((-42, frozenset({magenta})), (frozenset({green}), frozenset({, yellow, magenta, blue}))) x 30: 0.6666666666666666, ((-42, frozenset({green})), (frozenset({yellow}), frozenset({, green, magenta, blue}))) x 30: 0.0, ((frozenset({magenta}), frozenset({blue})), (frozenset({yellow}), frozenset({blue}))) x 0: 1.0, ((frozenset({yellow}), frozenset({magenta})), (frozenset({green}), frozenset({blue}))) x 0: 0.0, ((-42, frozenset()), (frozenset({magenta}), frozenset({, green, blue, yellow}))) x 30: 0.8, ((-42, frozenset({blue})), (frozenset({green}), frozenset({, yellow, magenta, blue}))) x 30: 0.5, ((frozenset({magenta}), frozenset({yellow})), (frozenset({yellow}), frozenset({blue}))) x 0: 1.0, ((frozenset({green}), frozenset()),) x 0: 1.0, ((frozenset({blue, yellow}), frozenset({magenta})),) x 0: 1.0, ((frozenset({blue}), frozenset()),) x 0: 0.6666666666666666, ((frozenset({green, yellow}), frozenset({blue, magenta})),) x 0: 1.0, ((frozenset({green, blue}), frozenset()),) x 0: 0.6666666666666666, ((-42, frozenset()), (frozenset({blue}), frozenset({, yellow, magenta, green}))) x 30: 0.5454545454545454, ((frozenset({green, yellow}), frozenset()),) x 0: 1.0, ((-42, frozenset({green})), (frozenset({magenta}), frozenset({, green, blue, yellow}))) x 30: 0.75, ((-42, frozenset({yellow})), (frozenset({magenta}), frozenset({, green, blue, yellow}))) x 30: 1.0, ((frozenset({blue, green}), frozenset({yellow})),) x 0: 1.0, ((frozenset({yellow}), frozenset()),) x 0: 1.0, ((frozenset({yellow, magenta}), frozenset({green})),) x 0: 1.0, ((frozenset({green}), frozenset({yellow, magenta})),) x 0: 0.0, ((-42, frozenset({blue})), (frozenset({magenta}), frozenset({, green, blue, yellow}))) x 30: 0.6666666666666666, ((frozenset({yellow, magenta}), frozenset({green, blue})),) x 0: 0.5, ((frozenset({blue}), frozenset({magenta})),) x 0: 1.0, ((-42, frozenset()), (frozenset({yellow}), frozenset({, green, magenta, blue}))) x 30: 0.0, ((frozenset({blue, magenta}), frozenset()),) x 0: 1.0, ((frozenset({blue}), frozenset({yellow, magenta})),) x 0: 1.0, ((-42, frozenset({magenta})), (frozenset({blue}), frozenset({, yellow, magenta, green}))) x 30: 1.0, ((-42, frozenset({yellow})), (frozenset({green}), frozenset({, yellow, magenta, blue}))) x 30: 0.5, ((frozenset({blue}), frozenset({green})),) x 0: 1.0, ((frozenset({green}), frozenset({yellow})),) x 0: 1.0, ((frozenset({blue}), frozenset({green, yellow})),) x 0: 1.0, ((frozenset({green, magenta}), frozenset({blue})),) x 0: 1.0, ((frozenset({yellow}), frozenset({blue, magenta})),) x 0: 1.0, ((frozenset({green}), frozenset({blue, yellow})),) x 0: 1.0, ((frozenset({blue}), frozenset({yellow})),) x 0: 1.0, ((frozenset({green}), frozenset({magenta})),) x 0: 1.0, ((frozenset({green, yellow}), frozenset({magenta})),) x 0: 1.0, ((frozenset({blue}), frozenset({green, magenta})),) x 0: 1.0, ((frozenset({green, magenta}), frozenset()),) x 0: 1.0, ((frozenset({yellow}), frozenset({blue})),) x 0: 1.0, ((frozenset({yellow}), frozenset({green})),) x 0: 1.0}",1.6889828369021416,0.07225388434838537,4653056,403.61290322580646,335.8302064666641,0.0011141625727759674,0:33:07,0.6387096774193548,0.6312698003818095,174.59951744983115,0.7225806451612903,0.4477252018812251,0.3199607850983739,0.006486218422651291,0.07741935483870968,0.26725567970590947
0.41074856906582075,0.003835587846045976,"{((frozenset({blue}), frozenset({magenta})),) x 0: 1.0, ((frozenset({magenta}), frozenset({green})),) x 0: 1.0, ((-42, frozenset()), (frozenset({blue}), frozenset({, yellow, magenta, green}))) x 30: 0.4666666666666667, ((-42, frozenset({magenta})), (frozenset({green}), frozenset({, yellow, magenta, blue}))) x 30: 0.75, ((-42, frozenset()), (frozenset({yellow}), frozenset({, green, magenta, blue}))) x 30: 0.1, ((-42, frozenset()), (frozenset({magenta}), frozenset({, green, blue, yellow}))) x 30: 0.75, ((frozenset({magenta}), frozenset({green, yellow})),) x 0: 1.0, ((frozenset({blue, yellow}), frozenset()),) x 0: 1.0, ((frozenset({yellow}), frozenset({blue, green})),) x 0: 0.5, ((-42, frozenset({blue})), (frozenset({magenta}), frozenset({, green, blue, yellow}))) x 30: 1.0, ((-42, frozenset({blue})), (frozenset({yellow}), frozenset({, green, magenta, blue}))) x 30: 0.4, ((-42, frozenset({green})), (frozenset({yellow}), frozenset({, green, magenta, blue}))) x 30: 0.16666666666666666, ((-42, frozenset({green})), (frozenset({magenta}), frozenset({, green, blue, yellow}))) x 30: 1.0, ((frozenset({blue, yellow}), frozenset({green})),) x 0: 1.0, ((frozenset({green}), frozenset()),) x 0: 1.0, ((frozenset({green}), frozenset({yellow, magenta})),) x 0: 0.5, ((-42, frozenset({yellow})), (frozenset({magenta}), frozenset({, green, blue, yellow}))) x 30: 0.6666666666666666, ((frozenset({blue}), frozenset({yellow, magenta})),) x 0: 1.0, ((-42, frozenset({yellow})), (frozenset({green}), frozenset({, yellow, magenta, blue}))) x 30: 1.0, ((frozenset({blue, magenta}), frozenset()),) x 0: 1.0, ((frozenset({blue, green}), frozenset()),) x 0: 1.0, ((frozenset({blue}), frozenset({green, magenta})),) x 0: 1.0, ((frozenset({magenta}), frozenset({yellow})),) x 0: 1.0, ((frozenset({blue, magenta}), frozenset({green, yellow})),) x 0: 1.0, ((-42, frozenset({blue})), (frozenset({green}), frozenset({, yellow, magenta, blue}))) x 30: 1.0, ((frozenset({yellow}), frozenset()),) x 0: 1.0, ((frozenset({blue}), frozenset()),) x 0: 1.0, ((-42, frozenset({yellow})), (frozenset({blue}), frozenset({, yellow, magenta, green}))) x 30: 0.75, ((frozenset({green, blue}), frozenset({yellow, magenta})),) x 0: 1.0, ((frozenset({yellow}), frozenset({blue})),) x 0: 1.0, ((-42, frozenset()), (frozenset({green}), frozenset({, yellow, magenta, blue}))) x 30: 0.3333333333333333, ((-42, frozenset({magenta})), (frozenset({yellow}), frozenset({, green, magenta, blue}))) x 30: 0.0, ((frozenset({blue}), frozenset({yellow})),) x 0: 1.0, ((frozenset({magenta}), frozenset({green, blue})),) x 0: 1.0, ((frozenset({yellow, magenta}), frozenset({blue})),) x 0: 1.0, ((frozenset({green, magenta}), frozenset()),) x 0: 1.0, ((frozenset({green}), frozenset({magenta})),) x 0: 1.0, ((frozenset({blue, yellow}), frozenset({magenta})),) x 0: 1.0, ((-42, frozenset({magenta})), (frozenset({blue}), frozenset({, yellow, magenta, green}))) x 30: 0.5, ((frozenset({green, magenta}), frozenset({blue, yellow})),) x 0: 0.5, ((-42, frozenset({green})), (frozenset({blue}), frozenset({, yellow, magenta, green}))) x 30: 0.75, ((frozenset({yellow, magenta}), frozenset()),) x 0: 1.0, ((frozenset({yellow, magenta}), frozenset({green, blue})),) x 0: 1.0, ((frozenset({yellow}), frozenset({green, magenta})),) x 0: 1.0, ((frozenset({blue, yellow}), frozenset({green, magenta})),) x 0: 1.0, ((frozenset({green}), frozenset({blue, yellow})),) x 0: 1.0, ((frozenset({green}), frozenset({yellow})),) x 0: 0.0, ((frozenset({yellow}), frozenset({blue, magenta})),) x 0: 0.5, ((frozenset({green, yellow}), frozenset({blue})),) x 0: 1.0, ((frozenset({blue}), frozenset({green})),) x 0: 1.0, ((frozenset({magenta}), frozenset()),) x 0: 1.0, ((frozenset({magenta}), frozenset({blue})),) x 0: 1.0, ((frozenset({green}), frozenset({blue, magenta})),) x 0: 1.0, ((frozenset({green, yellow}), frozenset({blue, magenta})),) x 0: 1.0}",1.6896420158445835,0.04778023973410275,4718592,416.8963414634146,347.90529302303577,0.0028727140379487537,0:23:01,0.6036585365853658,0.6497551362330836,203.6824743498639,0.6951219512195121,0.4603557582482164,0.3294844636693597,0.005503030093677808,0.09146341463414634,0.28826699155055646
0.4653519530421569,0.004131752603050606,"{((-42, frozenset()), (frozenset({blue}), frozenset({, yellow, magenta, green}))) x 30: 0.8, ((-42, frozenset()), (frozenset({yellow}), frozenset({, green, magenta, blue}))) x 30: 0.1111111111111111, ((frozenset({blue}), frozenset()),) x 0: 1.0, ((frozenset({yellow, magenta}), frozenset({green})),) x 0: 1.0, ((-42, frozenset({blue})), (frozenset({magenta}), frozenset({, green, blue, yellow}))) x 30: 1.0, ((-42, frozenset()), (frozenset({magenta}), frozenset({, green, blue, yellow}))) x 30: 0.9166666666666666, ((frozenset({magenta}), frozenset()),) x 0: 1.0, ((frozenset({blue, green}), frozenset({magenta})),) x 0: 0.75, ((-42, frozenset()), (frozenset({green}), frozenset({, yellow, magenta, blue}))) x 30: 0.5, ((-42, frozenset({green})), (frozenset({magenta}), frozenset({, green, blue, yellow}))) x 30: 1.0, ((-42, frozenset({magenta})), (frozenset({blue}), frozenset({, yellow, magenta, green}))) x 30: 0.5, ((-42, frozenset({magenta})), (frozenset({green}), frozenset({, yellow, magenta, blue}))) x 30: 0.3333333333333333, ((frozenset({green}), frozenset()),) x 0: 1.0, ((frozenset({yellow, magenta}), frozenset()),) x 0: 1.0, ((frozenset({blue, yellow}), frozenset({green, magenta})),) x 0: 1.0, ((-42, frozenset({yellow})), (frozenset({magenta}), frozenset({, green, blue, yellow}))) x 30: 1.0, ((-42, frozenset({blue})), (frozenset({green}), frozenset({, yellow, magenta, blue}))) x 30: 0.8, ((frozenset({blue, magenta}), frozenset()),) x 0: 1.0, ((frozenset({yellow}), frozenset()),) x 0: 1.0, ((frozenset({blue, yellow}), frozenset()),) x 0: 1.0, ((-42, frozenset({green})), (frozenset({blue}), frozenset({, yellow, magenta, green}))) x 30: 1.0, ((frozenset({yellow}), frozenset({blue})),) x 0: 1.0, ((frozenset({magenta}), frozenset({green, yellow})),) x 0: 1.0, ((frozenset({green}), frozenset({blue, magenta})),) x 0: 1.0, ((frozenset({blue, green}), frozenset({yellow, magenta})),) x 0: 1.0, ((frozenset({blue}), frozenset({yellow, magenta})),) x 0: 1.0, ((-42, frozenset({green})), (frozenset({yellow}), frozenset({, green, magenta, blue}))) x 30: 0.3333333333333333, ((frozenset({green, yellow}), frozenset()),) x 0: 1.0, ((frozenset({blue, magenta}), frozenset({green})),) x 0: 1.0, ((-42, frozenset({magenta})), (frozenset({yellow}), frozenset({, green, magenta, blue}))) x 30: 0.2, ((frozenset({yellow}), frozenset({green})),) x 0: 1.0, ((frozenset({magenta}), frozenset({blue})),) x 0: 1.0, ((frozenset({blue}), frozenset({green, magenta})),) x 0: 1.0, ((-42, frozenset({yellow})), (frozenset({green}), frozenset({, yellow, magenta, blue}))) x 30: 0.3333333333333333, ((frozenset({green, magenta}), frozenset({blue})),) x 0: 1.0, ((-42, frozenset({blue})), (frozenset({yellow}), frozenset({, green, magenta, blue}))) x 30: 0.6666666666666666, ((-42, frozenset({yellow})), (frozenset({blue}), frozenset({, yellow, magenta, green}))) x 30: 1.0, ((frozenset({green, blue}), frozenset()),) x 0: 1.0, ((frozenset({yellow}), frozenset({green, magenta})),) x 0: 1.0, ((frozenset({yellow}), frozenset({blue, magenta})),) x 0: 1.0, ((frozenset({magenta}), frozenset({blue, green})),) x 0: 1.0, ((frozenset({green}), frozenset({yellow, magenta})),) x 0: 1.0, ((frozenset({green, blue}), frozenset({yellow})),) x 0: 1.0, ((frozenset({green}), frozenset({blue})),) x 0: 1.0, ((frozenset({yellow}), frozenset({magenta})),) x 0: 0.5, ((frozenset({yellow, magenta}), frozenset({blue, green})),) x 0: 1.0, ((frozenset({blue}), frozenset({magenta})),) x 0: 1.0, ((frozenset({green, magenta}), frozenset({yellow})),) x 0: 1.0, ((frozenset({green, yellow}), frozenset({blue})),) x 0: 1.0, ((frozenset({green, yellow}), frozenset({magenta})),) x 0: 0.0, ((frozenset({green}), frozenset({blue, yellow})),) x 0: 1.0, ((frozenset({blue}), frozenset({yellow})),) x 0: 1.0, ((frozenset({yellow}), frozenset({blue, green})),) x 0: 1.0}",1.6887864954769611,0.052880131191534493,4784128,371.02906976744185,321.31992366019745,-0.002120138857208076,0:19:36,0.7325581395348837,0.5482407085640132,183.45449031002394,0.7848837209302325,0.41090298800196795,0.3770580515265465,0.004208687794744037,0.05232558139534884,0.22268276746750648
0.49868415956076556,0.004591436918933078,"{((-42, frozenset({blue})), (frozenset({green}), frozenset({, yellow, magenta, blue}))) x 30: 1.0, ((-42, frozenset()), (frozenset({yellow}), frozenset({, green, magenta, blue}))) x 30: 0.1, ((frozenset({magenta}), frozenset({blue})),) x 0: 1.0, ((-42, frozenset({magenta})), (frozenset({green}), frozenset({, yellow, magenta, blue}))) x 30: 0.4, ((-42, frozenset()), (frozenset({magenta}), frozenset({, green, blue, yellow}))) x 30: 0.9166666666666666, ((frozenset({blue, yellow}), frozenset({green, magenta})),) x 0: 1.0, ((-42, frozenset({magenta})), (frozenset({yellow}), frozenset({, green, magenta, blue}))) x 30: 0.5, ((frozenset({blue, yellow}), frozenset({green})),) x 0: 1.0, ((frozenset({magenta}), frozenset({blue, green})),) x 0: 1.0, ((frozenset({magenta}), frozenset({green})),) x 0: 1.0, ((frozenset({blue, green}), frozenset()),) x 0: 1.0, ((-42, frozenset({yellow})), (frozenset({blue}), frozenset({, yellow, magenta, green}))) x 30: 1.0, ((frozenset({blue}), frozenset({yellow, magenta})),) x 0: 1.0, ((frozenset({blue, magenta}), frozenset({green, yellow})),) x 0: 1.0, ((-42, frozenset()), (frozenset({blue}), frozenset({, yellow, magenta, green}))) x 30: 0.7727272727272727, ((frozenset({green, yellow}), frozenset()),) x 0: 1.0, ((-42, frozenset({green})), (frozenset({yellow}), frozenset({, green, magenta, blue}))) x 30: 0.4, ((-42, frozenset()), (frozenset({green}), frozenset({, yellow, magenta, blue}))) x 30: 0.35714285714285715, ((-42, frozenset({magenta})), (frozenset({blue}), frozenset({, yellow, magenta, green}))) x 30: 0.8333333333333334, ((-42, frozenset({blue})), (frozenset({yellow}), frozenset({, green, magenta, blue}))) x 30: 0.4, ((frozenset({green}), frozenset({yellow})),) x 0: 1.0, ((frozenset({blue}), frozenset()),) x 0: 1.0, ((-42, frozenset({green})), (frozenset({magenta}), frozenset({, green, blue, yellow}))) x 30: 1.0, ((frozenset({magenta}), frozenset({yellow})),) x 0: 1.0, ((-42, frozenset({green})), (frozenset({blue}), frozenset({, yellow, magenta, green}))) x 30: 0.8, ((frozenset({blue, yellow}), frozenset({magenta})),) x 0: 0.0, ((frozenset({yellow, magenta}), frozenset({blue, green})),) x 0: 0.75, ((frozenset({green}), frozenset()),) x 0: 1.0, ((frozenset({green}), frozenset({blue, magenta})),) x 0: 1.0, ((-42, frozenset({yellow})), (frozenset({green}), frozenset({, yellow, magenta, blue}))) x 30: 0.75, ((frozenset({blue}), frozenset({green})),) x 0: 1.0, ((-42, frozenset({yellow})), (frozenset({magenta}), frozenset({, green, blue, yellow}))) x 30: 0.6666666666666666, ((-42, frozenset({blue})), (frozenset({magenta}), frozenset({, green, blue, yellow}))) x 30: 0.75, ((frozenset({green, yellow}), frozenset({magenta})),) x 0: 1.0, ((frozenset({green, yellow}), frozenset({blue})),) x 0: 1.0, ((frozenset({blue, green}), frozenset({yellow, magenta})),) x 0: 1.0, ((frozenset({blue, yellow}), frozenset()),) x 0: 1.0, ((frozenset({green, yellow}), frozenset({blue, magenta})),) x 0: 1.0, ((frozenset({green, magenta}), frozenset({blue, yellow})),) x 0: 1.0, ((frozenset({yellow}), frozenset({green})),) x 0: 1.0, ((frozenset({magenta}), frozenset()),) x 0: 1.0, ((frozenset({yellow}), frozenset()),) x 0: 1.0, ((frozenset({green, magenta}), frozenset()),) x 0: 1.0, ((frozenset({yellow, magenta}), frozenset()),) x 0: 1.0, ((frozenset({yellow, magenta}), frozenset({blue})),) x 0: 1.0, ((frozenset({green, magenta}), frozenset({yellow})),) x 0: 1.0, ((frozenset({blue, magenta}), frozenset()),) x 0: 1.0, ((frozenset({yellow}), frozenset({green, magenta})),) x 0: 1.0, ((frozenset({yellow}), frozenset({blue})),) x 0: 1.0, ((frozenset({green, blue}), frozenset({yellow})),) x 0: 1.0, ((frozenset({blue}), frozenset({green, yellow})),) x 0: 1.0, ((frozenset({blue, magenta}), frozenset({yellow})),) x 0: 1.0, ((frozenset({blue}), frozenset({yellow})),) x 0: 1.0, ((frozenset({blue}), frozenset({green, magenta})),) x 0: 0.0, ((frozenset({blue, magenta}), frozenset({green})),) x 0: 1.0}",1.6875402629375458,0.05401612470708056,4849664,344.7113402061856,321.58771578461244,-0.005777150801804964,0:14:32,0.7319587628865979,0.5375673329683995,172.35095373895948,0.7783505154639175,0.41535646201903664,0.3581573888659477,0.004612744683981873,0.04639175257731959,0.21033201817632127
0.4674616742062105,0.004252006831223869,"{((-42, frozenset()), (frozenset({yellow}), frozenset({, green, magenta, blue}))) x 30: 0.0, ((-42, frozenset()), (frozenset({magenta}), frozenset({, green, blue, yellow}))) x 30: 1.0, ((-42, frozenset({magenta})), (frozenset({blue}), frozenset({, yellow, magenta, green}))) x 30: 0.6666666666666666, ((frozenset({green}), frozenset({blue, magenta})),) x 0: 1.0, ((-42, frozenset({yellow})), (frozenset({magenta}), frozenset({, green, blue, yellow}))) x 30: 0.875, ((frozenset({yellow}), frozenset({blue, green})),) x 0: 1.0, ((frozenset({yellow, magenta}), frozenset({green, blue})),) x 0: 1.0, ((-42, frozenset({yellow})), (frozenset({blue}), frozenset({, yellow, magenta, green}))) x 30: 0.7, ((-42, frozenset({magenta})), (frozenset({green}), frozenset({, yellow, magenta, blue}))) x 30: 1.0, ((frozenset({magenta}), frozenset()),) x 0: 1.0, ((-42, frozenset({blue})), (frozenset({green}), frozenset({, yellow, magenta, blue}))) x 30: 0.5, ((frozenset({green, magenta}), frozenset({blue})),) x 0: 1.0, ((-42, frozenset({green})), (frozenset({blue}), frozenset({, yellow, magenta, green}))) x 30: 1.0, ((frozenset({blue, yellow}), frozenset({green, magenta})),) x 0: 1.0, ((-42, frozenset({blue})), (frozenset({magenta}), frozenset({, green, blue, yellow}))) x 30: 1.0, ((frozenset({green, yellow}), frozenset({magenta})),) x 0: 1.0, ((frozenset({magenta}), frozenset({blue, yellow})),) x 0: 1.0, ((-42, frozenset()), (frozenset({green}), frozenset({, yellow, magenta, blue}))) x 30: 0.4, ((-42, frozenset({magenta})), (frozenset({yellow}), frozenset({, green, magenta, blue}))) x 30: 0.0, ((-42, frozenset()), (frozenset({blue}), frozenset({, yellow, magenta, green}))) x 30: 0.8333333333333334, ((frozenset({magenta}), frozenset({green, blue})),) x 0: 1.0, ((frozenset({blue, magenta}), frozenset()),) x 0: 1.0, ((frozenset({magenta}), frozenset({green, yellow})),) x 0: 1.0, ((-42, frozenset({blue})), (frozenset({yellow}), frozenset({, green, magenta, blue}))) x 30: 1.0, ((frozenset({blue}), frozenset({green, magenta})),) x 0: 1.0, ((frozenset({green, yellow}), frozenset()),) x 0: 1.0, ((frozenset({green}), frozenset({magenta})),) x 0: 1.0, ((frozenset({green, blue}), frozenset({yellow, magenta})),) x 0: 1.0, ((frozenset({green, magenta}), frozenset()),) x 0: 1.0, ((frozenset({green, yellow}), frozenset({blue})),) x 0: 0.0, ((frozenset({yellow}), frozenset()),) x 0: 1.0, ((frozenset({green, magenta}), frozenset({blue, yellow})),) x 0: 1.0, ((frozenset({blue}), frozenset()),) x 0: 1.0, ((-42, frozenset({green})), (frozenset({yellow}), frozenset({, green, magenta, blue}))) x 30: 0.6666666666666666, ((frozenset({green}), frozenset({yellow})),) x 0: 1.0, ((frozenset({blue, yellow}), frozenset()),) x 0: 1.0, ((frozenset({magenta}), frozenset({green})),) x 0: 1.0, ((frozenset({green}), frozenset()),) x 0: 1.0, ((frozenset({blue, magenta}), frozenset({green, yellow})),) x 0: 1.0, ((frozenset({green, yellow}), frozenset({blue, magenta})),) x 0: 0.5, ((frozenset({blue}), frozenset({green})),) x 0: 1.0, ((frozenset({yellow}), frozenset({green})),) x 0: 1.0, ((frozenset({green}), frozenset({yellow, magenta})),) x 0: 1.0, ((frozenset({yellow, magenta}), frozenset({blue})),) x 0: 1.0, ((frozenset({blue, yellow}), frozenset({green})),) x 0: 1.0, ((frozenset({blue, green}), frozenset()),) x 0: 1.0, ((-42, frozenset({green})), (frozenset({magenta}), frozenset({, green, blue, yellow}))) x 30: 1.0, ((frozenset({green}), frozenset({blue})),) x 0: 1.0, ((frozenset({blue, magenta}), frozenset({green})),) x 0: 1.0, ((frozenset({blue, yellow}), frozenset({magenta})),) x 0: 1.0, ((frozenset({yellow}), frozenset({magenta})),) x 0: 1.0, ((frozenset({yellow, magenta}), frozenset()),) x 0: 1.0, ((frozenset({yellow, magenta}), frozenset({green})),) x 0: 1.0, ((frozenset({blue}), frozenset({green, yellow})),) x 0: 0.0, ((frozenset({yellow}), frozenset({blue})),) x 0: 0.0}",1.6878120005130768,0.04380827012099235,4915200,362.17297297297296,321.8816339845547,-0.004034429115563398,0:06:26,0.7027027027027027,0.5725648725130966,219.4685969655869,0.7621621621621621,0.4257593225408696,0.3538118554279208,0.003887978040438611,0.05945945945945946,0.23648262545110657
0.5136011773857105,0.004816569454506848,"{((frozenset({blue, yellow}), frozenset({green})),) x 0: 1.0, ((-42, frozenset()), (frozenset({blue}), frozenset({, yellow, magenta, green}))) x 30: 0.6363636363636364, ((frozenset({green, magenta}), frozenset()),) x 0: 1.0, ((frozenset({yellow}), frozenset({blue, magenta})),) x 0: 0.5, ((frozenset({blue}), frozenset({green, magenta})),) x 0: 1.0, ((-42, frozenset({magenta})), (frozenset({blue}), frozenset({, yellow, magenta, green}))) x 30: 0.7777777777777778, ((-42, frozenset({blue})), (frozenset({yellow}), frozenset({, green, magenta, blue}))) x 30: 0.6666666666666666, ((-42, frozenset()), (frozenset({magenta}), frozenset({, green, blue, yellow}))) x 30: 0.8571428571428571, ((frozenset({blue, yellow}), frozenset({green, magenta})),) x 0: 1.0, ((frozenset({magenta}), frozenset({yellow})),) x 0: 1.0, ((-42, frozenset()), (frozenset({green}), frozenset({, yellow, magenta, blue}))) x 30: 0.6153846153846154, ((frozenset({green, yellow}), frozenset({blue})),) x 0: 1.0, ((-42, frozenset({green})), (frozenset({magenta}), frozenset({, green, blue, yellow}))) x 30: 1.0, ((frozenset({green, yellow}), frozenset({magenta})),) x 0: 1.0, ((-42, frozenset({magenta})), (frozenset({green}), frozenset({, yellow, magenta, blue}))) x 30: 0.8333333333333334, ((frozenset({yellow}), frozenset({magenta})),) x 0: 1.0, ((frozenset({green}), frozenset()),) x 0: 1.0, ((frozenset({yellow}), frozenset()),) x 0: 1.0, ((-42, frozenset()), (frozenset({yellow}), frozenset({, green, magenta, blue}))) x 30: 0.2727272727272727, ((frozenset({yellow, magenta}), frozenset()),) x 0: 1.0, ((frozenset({magenta}), frozenset()),) x 0: 1.0, ((frozenset({magenta}), frozenset({blue, yellow})),) x 0: 0.5, ((-42, frozenset({green})), (frozenset({yellow}), frozenset({, green, magenta, blue}))) x 30: 0.75, ((frozenset({magenta}), frozenset({blue})),) x 0: 1.0, ((-42, frozenset({yellow})), (frozenset({blue}), frozenset({, yellow, magenta, green}))) x 30: 0.75, ((frozenset({blue, magenta}), frozenset({green, yellow})),) x 0: 1.0, ((-42, frozenset({yellow})), (frozenset({magenta}), frozenset({, green, blue, yellow}))) x 30: 1.0, ((frozenset({blue}), frozenset()),) x 0: 1.0, ((frozenset({blue, green}), frozenset({yellow, magenta})),) x 0: 1.0, ((-42, frozenset({blue})), (frozenset({magenta}), frozenset({, green, blue, yellow}))) x 30: 0.6666666666666666, ((frozenset({green}), frozenset({blue})),) x 0: 1.0, ((frozenset({blue}), frozenset({green, yellow})),) x 0: 1.0, ((frozenset({green}), frozenset({magenta})),) x 0: 1.0, ((frozenset({magenta}), frozenset({green, yellow})),) x 0: 1.0, ((frozenset({magenta}), frozenset({blue, green})),) x 0: 1.0, ((-42, frozenset({green})), (frozenset({blue}), frozenset({, yellow, magenta, green}))) x 30: 1.0, ((frozenset({blue, green}), frozenset({yellow})),) x 0: 1.0, ((frozenset({green, magenta}), frozenset({blue, yellow})),) x 0: 1.0, ((frozenset({yellow, magenta}), frozenset({green, blue})),) x 0: 1.0, ((frozenset({green}), frozenset({blue, yellow})),) x 0: 1.0, ((frozenset({blue, magenta}), frozenset()),) x 0: 1.0, ((frozenset({blue, yellow}), frozenset({magenta})),) x 0: 1.0, ((-42, frozenset({blue})), (frozenset({green}), frozenset({, yellow, magenta, blue}))) x 30: 0.7142857142857143, ((frozenset({yellow}), frozenset({blue})),) x 0: 1.0, ((-42, frozenset({magenta})), (frozenset({yellow}), frozenset({, green, magenta, blue}))) x 30: 0.3333333333333333, ((-42, frozenset({yellow})), (frozenset({green}), frozenset({, yellow, magenta, blue}))) x 30: 0.75, ((frozenset({green}), frozenset({blue, magenta})),) x 0: 1.0, ((frozenset({green, magenta}), frozenset({blue})),) x 0: 1.0, ((frozenset({yellow}), frozenset({blue, green})),) x 0: 1.0, ((frozenset({green, yellow}), frozenset()),) x 0: 1.0, ((frozenset({yellow}), frozenset({green})),) x 0: 1.0, ((frozenset({blue}), frozenset({green})),) x 0: 1.0, ((frozenset({blue, yellow}), frozenset()),) x 0: 1.0, ((frozenset({blue, green}), frozenset({magenta})),) x 0: 1.0, ((frozenset({blue, green}), frozenset()),) x 0: 1.0, ((frozenset({blue}), frozenset({yellow, magenta})),) x 0: 1.0, ((frozenset({yellow, magenta}), frozenset({blue})),) x 0: 1.0, ((frozenset({green}), frozenset({yellow, magenta})),) x 0: 1.0}",1.6849185191094875,0.044912860826318395,4980736,298.51428571428573,282.00127032087113,-0.004026025031635072,0:01:49,0.7666666666666667,0.5587684871413402,176.16159309084048,0.8333333333333334,0.3726779962499649,0.4161986084654927,0.0050789912638720125,0.06666666666666667,0.24944382578492943
0.38317637312008107,0.0031348779099272706,"{((-42, frozenset({blue})), (frozenset({magenta}), frozenset({, green, blue, yellow}))) x 30: 1.0, ((-42, frozenset({magenta})), (frozenset({green}), frozenset({, yellow, magenta, blue}))) x 30: 0.5, ((frozenset({blue, yellow}), frozenset()),) x 0: 1.0, ((-42, frozenset({yellow})), (frozenset({green}), frozenset({, yellow, magenta, blue}))) x 30: 0.5, ((frozenset({magenta}), frozenset({yellow})),) x 0: 1.0, ((-42, frozenset({magenta})), (frozenset({yellow}), frozenset({, green, magenta, blue}))) x 30: 0.3333333333333333, ((-42, frozenset()), (frozenset({green}), frozenset({, yellow, magenta, blue}))) x 30: 0.25, ((frozenset({green}), frozenset({blue, magenta})), (frozenset({green}), frozenset({yellow, magenta}))) x 0: 1.0, ((frozenset({magenta}), frozenset({green, yellow})), (frozenset({green}), frozenset({blue, yellow}))) x 0: 0.0, ((-42, frozenset()), (frozenset({yellow}), frozenset({, green, magenta, blue}))) x 30: 0.0, ((-42, frozenset()), (frozenset({magenta}), frozenset({, green, blue, yellow}))) x 60: 1.0, ((frozenset({yellow}), frozenset({blue})),) x 0: 0.0, ((frozenset({magenta}), frozenset({green})), (frozenset({yellow}), frozenset({green, blue}))) x 0: 1.0, ((-42, frozenset()), (frozenset({blue}), frozenset({, yellow, magenta, green}))) x 60: 0.6666666666666666, ((-42, frozenset({green})), (frozenset({magenta}), frozenset({, green, blue, yellow}))) x 60: 1.0, ((frozenset({blue, magenta}), frozenset({yellow})), (frozenset({blue}), frozenset({green, yellow}))) x 0: 1.0, ((frozenset({blue, green}), frozenset({yellow})), (frozenset({magenta}), frozenset({yellow}))) x 0: 1.0, ((frozenset({green, yellow}), frozenset({blue, magenta})), (frozenset({green, yellow}), frozenset({blue, magenta}))) x 0: 1.0, ((frozenset({yellow}), frozenset({blue, magenta})), (frozenset({blue, green}), frozenset({magenta}))) x 0: 1.0, ((frozenset({blue}), frozenset({green, yellow})), (frozenset({blue, yellow}), frozenset({green, magenta}))) x 0: 1.0, ((frozenset({magenta}), frozenset({blue, yellow})), (frozenset({green, magenta}), frozenset({blue, yellow}))) x 0: 1.0, ((-42, frozenset({yellow})), (frozenset({blue}), frozenset({, yellow, magenta, green}))) x 60: 0.0, ((-42, frozenset({green})), (frozenset({yellow}), frozenset({, green, magenta, blue}))) x 30: 0.0, ((frozenset({magenta}), frozenset({green})), (frozenset({yellow}), frozenset({green}))) x 0: 1.0, ((frozenset({yellow, magenta}), frozenset({blue})), (frozenset({yellow}), frozenset({green, blue}))) x 0: 1.0, ((frozenset({green}), frozenset({blue, yellow})), (frozenset({blue, magenta}), frozenset({yellow}))) x 0: 1.0, ((frozenset({blue, magenta}), frozenset({green, yellow})), (frozenset({blue}), frozenset({green, yellow}))) x 0: 0.5, ((frozenset({magenta}), frozenset({blue})), (frozenset({yellow}), frozenset({blue, green}))) x 0: 1.0, ((frozenset({blue, yellow}), frozenset({green, magenta})), (frozenset({blue, yellow}), frozenset({magenta}))) x 0: 1.0, ((frozenset({magenta}), frozenset({green, blue})), (frozenset({green, magenta}), frozenset({yellow}))) x 0: 1.0, ((-42, frozenset({magenta})), (frozenset({blue}), frozenset({, yellow, magenta, green}))) x 60: 0.5, ((frozenset({green, yellow}), frozenset({blue})), (frozenset({yellow}), frozenset({blue, magenta}))) x 0: 1.0, ((frozenset({green, yellow}), frozenset({blue, magenta})), (frozenset({blue, magenta}), frozenset())) x 0: 1.0, ((frozenset({blue, yellow}), frozenset({magenta})), (frozenset({blue, green}), frozenset({magenta}))) x 0: 1.0, ((frozenset({green, magenta}), frozenset({blue})), (frozenset({green, yellow}), frozenset({blue}))) x 0: 1.0, ((frozenset({yellow}), frozenset({blue, magenta})), (frozenset({yellow}), frozenset({blue}))) x 0: 1.0, ((frozenset({blue, magenta}), frozenset({green})), (frozenset({green, magenta}), frozenset({yellow}))) x 0: 1.0, ((frozenset({magenta}), frozenset({yellow})), (frozenset({green}), frozenset({blue, yellow}))) x 0: 1.0, ((frozenset({blue}), frozenset({yellow, magenta})), (frozenset({blue, magenta}), frozenset({yellow}))) x 0: 1.0, ((frozenset({magenta}), frozenset({yellow})), (frozenset({green, magenta}), frozenset({blue}))) x 0: 1.0, ((frozenset({green}), frozenset({yellow})), (frozenset({yellow}), frozenset({magenta}))) x 0: 0.0, ((frozenset({yellow}), frozenset({green, magenta})), (frozenset({magenta}), frozenset({green}))) x 0: 1.0, ((frozenset({blue, green}), frozenset({yellow, magenta})), (frozenset({green, magenta}), frozenset({yellow}))) x 0: 1.0, ((frozenset({green, blue}), frozenset({magenta})), (frozenset({magenta}), frozenset({yellow}))) x 0: 1.0, ((frozenset({yellow, magenta}), frozenset({blue, green})), (frozenset({green, yellow}), frozenset({blue}))) x 0: 1.0, ((frozenset({yellow}), frozenset({blue})), (frozenset({blue, green}), frozenset({magenta}))) x 0: 1.0, ((frozenset({green}), frozenset({blue, yellow})), (frozenset({magenta}), frozenset({blue}))) x 0: 0.0, ((frozenset({blue, magenta}), frozenset({green, yellow})), (frozenset({yellow}), frozenset({green}))) x 0: 0.0, ((frozenset({blue}), frozenset({yellow})), (frozenset({yellow, magenta}), frozenset({green}))) x 0: 0.0, ((frozenset({blue}), frozenset({green})), (frozenset({green, yellow}), frozenset({magenta}))) x 0: 1.0, ((frozenset({blue, yellow}), frozenset({magenta})), (frozenset({green, magenta}), frozenset())) x 0: 1.0, ((frozenset({blue}), frozenset({magenta})), (frozenset({magenta}), frozenset({green, yellow}))) x 0: 1.0, ((frozenset({magenta}), frozenset({blue, yellow})), (frozenset({blue, magenta}), frozenset({green}))) x 0: 1.0, ((frozenset({blue, magenta}), frozenset({green, yellow})), (frozenset({green, magenta}), frozenset({yellow}))) x 0: 1.0, ((frozenset({blue}), frozenset({green, magenta})), (frozenset({blue, green}), frozenset({yellow, magenta}))) x 0: 1.0, ((frozenset({blue, green}), frozenset({yellow, magenta})), (frozenset({magenta}), frozenset({yellow}))) x 0: 1.0, ((frozenset({green}), frozenset({yellow})), (frozenset({green, blue}), frozenset({yellow, magenta}))) x 0: 1.0, ((frozenset({green}), frozenset({blue, magenta})), (frozenset({green}), frozenset({blue, yellow}))) x 0: 1.0, ((frozenset({yellow}), frozenset({magenta})), (frozenset({blue, magenta}), frozenset({green}))) x 0: 0.0, ((frozenset({magenta}), frozenset({green, blue})), (frozenset({blue, magenta}), frozenset({green, yellow}))) x 0: 1.0, ((frozenset({green, yellow}), frozenset({blue, magenta})), (frozenset({green, magenta}), frozenset({blue}))) x 0: 0.0, ((frozenset({yellow, magenta}), frozenset({green, blue})), (frozenset({green, magenta}), frozenset({blue}))) x 0: 1.0, ((frozenset({green, blue}), frozenset({yellow, magenta})), (frozenset({blue, yellow}), frozenset({magenta}))) x 0: 1.0, ((frozenset({magenta}), frozenset({blue})), (frozenset({yellow, magenta}), frozenset({blue}))) x 0: 1.0, ((-42, frozenset({yellow})), (frozenset({magenta}), frozenset({, green, blue, yellow}))) x 60: 1.0, ((frozenset({blue, yellow}), frozenset({magenta})), (frozenset({blue, yellow}), frozenset({green}))) x 0: 1.0, ((-42, frozenset({blue})), (frozenset({yellow}), frozenset({, green, magenta, blue}))) x 60: 0.0, ((frozenset({green, blue}), frozenset({yellow, magenta})), (frozenset({blue, magenta}), frozenset({yellow}))) x 0: 0.5, ((frozenset({blue}), frozenset({green})), (frozenset({green, blue}), frozenset({yellow}))) x 0: 1.0, ((frozenset({yellow}), frozenset({green, magenta})), (frozenset({yellow}), frozenset({blue, magenta}))) x 0: 0.0, ((-42, frozenset({green})), (frozenset({blue}), frozenset({, yellow, magenta, green}))) x 60: 1.0, ((frozenset({blue, magenta}), frozenset({yellow})), (frozenset({yellow}), frozenset({green}))) x 0: 1.0, ((frozenset({green}), frozenset({magenta})), (frozenset({green}), frozenset({magenta}))) x 0: 1.0, ((frozenset({magenta}), frozenset({blue, yellow})), (frozenset({blue, green}), frozenset({yellow}))) x 0: 1.0, ((frozenset({yellow}), frozenset({blue, green})), (frozenset({yellow}), frozenset({blue, magenta}))) x 0: 1.0, ((frozenset({green, blue}), frozenset({yellow})), (frozenset({blue}), frozenset({yellow}))) x 0: 1.0, ((frozenset({green}), frozenset({magenta})), (frozenset({green}), frozenset({yellow}))) x 0: 1.0, ((frozenset({blue}), frozenset({yellow})), (frozenset({green}), frozenset({yellow, magenta}))) x 0: 1.0, ((frozenset({magenta}), frozenset({blue})), (frozenset({green}), frozenset({blue, yellow}))) x 0: 1.0, ((frozenset({yellow}), frozenset({blue, magenta})), (frozenset({blue}), frozenset({green}))) x 0: 1.0, ((frozenset({yellow, magenta}), frozenset({blue})), (frozenset({green, magenta}), frozenset({blue}))) x 0: 1.0, ((frozenset({blue}), frozenset({magenta})), (frozenset({blue, yellow}), frozenset({green}))) x 0: 1.0, ((frozenset({green, yellow}), frozenset({blue, magenta})), (frozenset({blue}), frozenset({magenta}))) x 0: 1.0, ((frozenset({yellow}), frozenset({blue})), (frozenset({blue}), frozenset({green, magenta}))) x 0: 1.0, ((frozenset({blue}), frozenset({green, magenta})), (frozenset({magenta}), frozenset({green, yellow}))) x 0: 1.0, ((frozenset({green, magenta}), frozenset({blue, yellow})), (frozenset({yellow, magenta}), frozenset({blue}))) x 0: 1.0, ((frozenset({yellow}), frozenset({green, magenta})), (frozenset({yellow}), frozenset({green}))) x 0: 1.0, ((frozenset({blue}), frozenset({green, magenta})), (frozenset({magenta}), frozenset({yellow}))) x 0: 1.0, ((frozenset({magenta}), frozenset({blue})), (frozenset({blue}), frozenset({green}))) x 0: 1.0, ((frozenset({yellow, magenta}), frozenset({blue, green})), (frozenset({blue, magenta}), frozenset({green}))) x 0: 1.0, ((frozenset({blue, green}), frozenset({yellow})), (frozenset({yellow, magenta}), frozenset())) x 0: 1.0, ((frozenset({green, yellow}), frozenset({magenta})), (frozenset({yellow, magenta}), frozenset({blue}))) x 0: 1.0, ((frozenset({magenta}), frozenset({blue, green})), (frozenset({green}), frozenset({blue, yellow}))) x 0: 1.0, ((frozenset({green}), frozenset({yellow})), (frozenset({green, magenta}), frozenset({blue}))) x 0: 1.0, ((frozenset({blue, green}), frozenset({yellow, magenta})), (frozenset({yellow}), frozenset({magenta}))) x 0: 1.0, ((frozenset({green, yellow}), frozenset({magenta})), (frozenset({yellow}), frozenset({blue, magenta}))) x 0: 0.0, ((frozenset({yellow}), frozenset({blue})), (frozenset({green}), frozenset({blue}))) x 0: 1.0, ((frozenset({magenta}), frozenset({yellow})), (frozenset({yellow, magenta}), frozenset({green, blue}))) x 0: 1.0, ((frozenset({blue, magenta}), frozenset({green})), (frozenset({magenta}), frozenset({green, yellow}))) x 0: 1.0, ((frozenset({magenta}), frozenset({green, yellow})), (frozenset({blue, yellow}), frozenset({green}))) x 0: 1.0, ((frozenset({green}), frozenset({magenta})), (frozenset({blue, yellow}), frozenset({magenta}))) x 0: 1.0, ((frozenset({yellow, magenta}), frozenset({green, blue})), (frozenset({magenta}), frozenset({green, blue}))) x 0: 1.0, ((frozenset({yellow}), frozenset({green})), (frozenset({yellow}), frozenset({green, blue}))) x 0: 1.0, ((frozenset({green, magenta}), frozenset({blue})), (frozenset({green, magenta}), frozenset({blue, yellow}))) x 0: 1.0, ((frozenset({green, blue}), frozenset({magenta})), (frozenset({green}), frozenset({yellow, magenta}))) x 0: 1.0, ((frozenset({blue, magenta}), frozenset({yellow})), (frozenset({green, yellow}), frozenset())) x 0: 1.0, ((frozenset({yellow, magenta}), frozenset({blue, green})), (frozenset({green}), frozenset({blue}))) x 0: 1.0, ((frozenset({blue, yellow}), frozenset({green, magenta})), (frozenset({yellow}), frozenset({green, magenta}))) x 0: 1.0, ((frozenset({green, yellow}), frozenset({blue})), (frozenset({yellow}), frozenset({magenta}))) x 0: 1.0, ((frozenset({green}), frozenset({yellow})), (frozenset({green, yellow}), frozenset({blue}))) x 0: 0.0, ((frozenset({blue, magenta}), frozenset({green, yellow})), (frozenset({green}), frozenset({yellow}))) x 0: 1.0, ((frozenset({blue, magenta}), frozenset({green, yellow})), (frozenset({yellow, magenta}), frozenset({green}))) x 0: 1.0, ((frozenset({yellow}), frozenset({blue})), (frozenset({yellow, magenta}), frozenset({blue}))) x 0: 1.0, ((frozenset({green, yellow}), frozenset({magenta})), (frozenset({blue}), frozenset({magenta}))) x 0: 1.0, ((frozenset({green, yellow}), frozenset({blue, magenta})), (frozenset({green, yellow}), frozenset({blue}))) x 0: 0.0, ((frozenset({blue}), frozenset({yellow})), (frozenset({magenta}), frozenset({green, yellow}))) x 0: 1.0, ((frozenset({blue, magenta}), frozenset({green})), (frozenset({yellow, magenta}), frozenset({green}))) x 0: 1.0, ((frozenset({magenta}), frozenset({yellow})), (frozenset({blue, magenta}), frozenset({green, yellow}))) x 0: 1.0, ((frozenset({yellow}), frozenset({green})), (frozenset({blue, yellow}), frozenset({green, magenta}))) x 0: 1.0, ((frozenset({yellow, magenta}), frozenset({green})), (frozenset({yellow, magenta}), frozenset({green, blue}))) x 0: 1.0, ((frozenset({blue, green}), frozenset({yellow})), (frozenset({green, magenta}), frozenset({yellow}))) x 0: 0.0}",1.6869926266372204,0.04293510779291494,5046272,399.38823529411764,298.0763066187483,0.005908166800509207,0:00:00,0.6529411764705882,0.6531531187553132,171.88799614096504,0.7529411764705882,0.4313012418781967,0.4648655327036977,0.005944792712398339,0.1,0.30000000000000004
