adr,arps,avg_goal_success,entropy,grad_norm,num_steps,num_steps_per_episode_mean,num_steps_per_episode_std,policy_loss,remaining,return_per_episode_mean,return_per_episode_std,sps,success_per_episode_mean,success_per_episode_std,value,value_loss,violation_per_episode_mean,violation_per_episode_std
0.017876129103545323,0.0001353287812665088,"{((frozenset({green}), frozenset()),) x 0: 0.1111111111111111, ((frozenset({blue}), frozenset()),) x 0: 0.125, ((frozenset({magenta}), frozenset()),) x 0: 0.07142857142857142, ((frozenset({yellow}), frozenset()),) x 0: 0.058823529411764705}",1.0690899975597858,0.044814379402863216,65536,960.0,129.4318947733339,0.003339096880154102,4:57:48,0.06153846153846154,0.3453837587791331,276.1532503114848,0.09230769230769231,0.2894598111111812,0.09253529133275151,0.0027558920337469317,0.0,0.0
0.04065947060877986,0.00023433515243850224,"{((frozenset({blue}), frozenset()),) x 0: 0.21052631578947367, ((frozenset({green}), frozenset()),) x 0: 0.1111111111111111, ((frozenset({magenta}), frozenset()),) x 0: 0.0625, ((frozenset({yellow}), frozenset()),) x 0: 0.0}",1.1480089724063873,0.013019686852083288,131072,947.4179104477612,162.22686797858495,0.0031389493415190373,4:53:12,0.1044776119402985,0.30587912734207756,276.7643763854503,0.1044776119402985,0.30587912734207756,0.0898388042114675,0.0009963632774088182,0.0,0.0
0.006436492568255856,3.954917245420401e-05,"{((frozenset({yellow}), frozenset()),) x 0: 0.0, ((frozenset({blue}), frozenset()),) x 0: 0.11764705882352941, ((frozenset({magenta}), frozenset()),) x 0: 0.0, ((frozenset({green}), frozenset()),) x 0: 0.0}",1.2579889856278896,0.01116301314329296,196608,993.453125,36.56797167924925,0.0045550396462203935,4:48:52,0.03125,0.17399263633843817,277.12830461712235,0.03125,0.17399263633843817,0.08352093677967787,0.0003662600943243888,0.0,0.0
0.044835607840946916,0.00026571651573599627,"{((frozenset({blue}), frozenset()),) x 0: 0.15789473684210525, ((frozenset({magenta}), frozenset()),) x 0: 0.1, ((frozenset({yellow}), frozenset()),) x 0: 0.10526315789473684, ((frozenset({green}), frozenset()),) x 0: 0.047619047619047616}",1.3639938458800316,0.018400659344145413,262144,941.7101449275362,178.30531553841675,0.0030833124019409297,4:46:00,0.10144927536231885,0.3019227051594154,276.0877613382073,0.10144927536231885,0.3019227051594154,0.08832533564418554,0.0009581178637745325,0.0,0.0
0.009279116762716222,4.696812671294908e-05,"{((frozenset({magenta}), frozenset()),) x 0: 0.0, ((frozenset({green}), frozenset()),) x 0: 0.058823529411764705, ((frozenset({yellow}), frozenset()),) x 0: 0.0, ((frozenset({blue}), frozenset()),) x 0: 0.07692307692307693}",1.4920702278614044,0.010320184130299795,327680,983.4328358208955,89.48262966275135,0.004946285916958004,4:41:55,0.014925373134328358,0.21107665110046192,276.21855580206983,0.029850746268656716,0.17017543658196088,0.09179898980073631,0.0005291804818625678,0.0,0.0
0.033523775555671216,0.00019431644923989945,"{((frozenset({yellow}), frozenset()),) x 0: 0.0, ((frozenset({magenta}), frozenset()),) x 0: 0.23529411764705882, ((frozenset({blue}), frozenset()),) x 0: 0.1, ((frozenset({green}), frozenset()),) x 0: 0.058823529411764705}",1.6028714030981064,0.015237672322926193,393216,957.3823529411765,147.58258200787358,0.0034084478102158755,4:37:54,0.08823529411764706,0.2836367870880281,276.2711109378239,0.08823529411764706,0.2836367870880281,0.09378028544597328,0.0008200706961360993,0.0,0.0
-0.008919309383510628,-2.427049277977708e-05,"{((frozenset({yellow}), frozenset()),) x 0: 0.037037037037037035, ((frozenset({green}), frozenset()),) x 0: 0.047619047619047616, ((frozenset({blue}), frozenset()),) x 0: 0.07142857142857142, ((frozenset({magenta}), frozenset()),) x 0: 0.1}",1.672913871705532,0.021833616760797613,458752,929.5138888888889,169.8193478912514,0.006785127450712025,4:33:13,-0.06944444444444445,0.41920522979962693,277.014402127532,0.05555555555555555,0.2290614236454256,0.08985133608803153,0.0017941050809895387,0.0,0.0
0.045504730167219454,0.00026931458155900727,"{((frozenset({green}), frozenset()),) x 0: 0.13636363636363635, ((frozenset({blue}), frozenset()),) x 0: 0.125, ((frozenset({yellow}), frozenset()),) x 0: 0.0, ((frozenset({magenta}), frozenset()),) x 0: 0.15384615384615385}",1.6871760450303555,0.019344939186109862,524288,932.3432835820895,193.3339506779409,0.0035163186039426364,4:29:55,0.07462686567164178,0.35883030687078526,276.3607492858109,0.1044776119402985,0.30587912734207756,0.08881287439726293,0.0011924043392355088,0.0,0.0
0.03183593306552903,0.0001850871937988652,"{((frozenset({magenta}), frozenset()),) x 0: 0.24, ((frozenset({blue}), frozenset()),) x 0: 0.0, ((frozenset({green}), frozenset()),) x 0: 0.0, ((frozenset({yellow}), frozenset()),) x 0: 0.0}",1.691220235079527,0.02039059290363123,589824,960.1285714285714,143.46706156850792,0.00351791585853789,4:27:12,0.08571428571428572,0.27994168488950605,275.06959001300936,0.08571428571428572,0.27994168488950605,0.09299600985832512,0.0007650295101484517,0.0,0.0
0.05997495535635479,0.0004811504585135608,"{((frozenset({yellow}), frozenset()),) x 0: 0.16, ((frozenset({green}), frozenset()),) x 0: 0.08333333333333333, ((frozenset({magenta}), frozenset()),) x 0: 0.2727272727272727, ((frozenset({blue}), frozenset()),) x 0: 0.08695652173913043}",1.6915772631764412,0.01718085040475622,655360,930.4084507042254,203.82770806853748,0.0025463125512033002,4:21:13,0.14084507042253522,0.3478616629641822,277.2043239972311,0.14084507042253522,0.3478616629641822,0.09531019860878587,0.0012748189337798976,0.0,0.0
0.024089595359558874,0.00013939291816399976,"{((frozenset({blue}), frozenset()),) x 0: 0.0, ((frozenset({yellow}), frozenset()),) x 0: 0.07692307692307693, ((frozenset({magenta}), frozenset()),) x 0: 0.46153846153846156, ((frozenset({green}), frozenset()),) x 0: 0.05}",1.6915859691798687,0.018228319256450288,720896,943.0147058823529,153.8354251108344,0.0033138937469630037,4:18:37,0.07352941176470588,0.3954214605808456,275.7665984510335,0.11764705882352941,0.32218973970892123,0.08696123491972685,0.0014117282571532996,0.0,0.0
0.08340471674186516,0.0006113172807141524,"{((frozenset({yellow}), frozenset()),) x 0: 0.21052631578947367, ((frozenset({magenta}), frozenset()),) x 0: 0.6363636363636364, ((frozenset({blue}), frozenset()),) x 0: 0.047619047619047616, ((frozenset({green}), frozenset()),) x 0: 0.0}",1.691668450832367,0.016982314659858087,786432,894.3648648648649,252.2968850877508,0.0020349840060589486,4:14:35,0.14864864864864866,0.3918918918918919,275.8427054241999,0.16216216216216217,0.36859950532394203,0.09091636002995074,0.0014438090965995798,0.0,0.0
0.12497650406039092,0.0010683601486327794,"{((frozenset({blue}), frozenset()),) x 0: 0.1, ((frozenset({green}), frozenset()),) x 0: 0.10344827586206896, ((frozenset({yellow}), frozenset()),) x 0: 0.26666666666666666, ((frozenset({magenta}), frozenset()),) x 0: 0.75}",1.6916682347655296,0.030195492073389694,851968,855.3684210526316,294.7239940808699,0.00016957195248323842,4:11:14,0.23684210526315788,0.4251445900369345,275.1689696733617,0.23684210526315788,0.4251445900369345,0.09534733509644866,0.0017398284098817385,0.0,0.0
0.10212718576543106,0.0007844560012903474,"{((frozenset({green}), frozenset()),) x 0: 0.16666666666666666, ((frozenset({yellow}), frozenset()),) x 0: 0.13043478260869565, ((frozenset({magenta}), frozenset()),) x 0: 0.8, ((frozenset({blue}), frozenset()),) x 0: 0.05555555555555555}",1.6916001960635185,0.022554095301083883,917504,865.2133333333334,276.2539070412499,0.0010028426177086658,4:05:53,0.2,0.4320493798938574,276.7199500188905,0.21333333333333335,0.4096611065529924,0.09578031115233898,0.0015427378966705874,0.0,0.0
0.10416196101696067,0.0007065288201228685,"{((frozenset({yellow}), frozenset()),) x 0: 0.13636363636363635, ((frozenset({green}), frozenset()),) x 0: 0.0625, ((frozenset({magenta}), frozenset()),) x 0: 0.8571428571428571, ((frozenset({blue}), frozenset()),) x 0: 0.16129032258064516}",1.6918347217142582,0.02380320880916078,983040,871.1184210526316,271.5711095742728,0.0010771426022984087,4:02:58,0.19736842105263158,0.39801272269089927,275.5314151096713,0.19736842105263158,0.39801272269089927,0.09511260385625064,0.0013095853973936755,0.0,0.0
0.10095253086354229,0.0007311348244411583,"{((frozenset({green}), frozenset()),) x 0: 0.20689655172413793, ((frozenset({yellow}), frozenset()),) x 0: 0.391304347826087, ((frozenset({blue}), frozenset()),) x 0: 0.09523809523809523, ((frozenset({magenta}), frozenset()),) x 0: 0.6666666666666666}",1.6916648335754871,0.03256513702569473,1048576,868.2763157894736,255.1385897220841,-5.807298566651298e-05,3:58:17,0.23684210526315788,0.4550425385734364,276.3710479609451,0.25,0.4330127018922193,0.09181645605713129,0.0021530107260332443,0.0,0.0
0.09298219095175402,0.0006701196555749424,"{((frozenset({blue}), frozenset()),) x 0: 0.10344827586206896, ((frozenset({green}), frozenset()),) x 0: 0.19230769230769232, ((frozenset({yellow}), frozenset()),) x 0: 0.125, ((frozenset({magenta}), frozenset()),) x 0: 0.8}",1.6919035501778126,0.027260372316336868,1114112,886.2631578947369,254.94330476139058,0.0013234127200121293,3:54:27,0.18421052631578946,0.3876557858593746,276.2398395177417,0.18421052631578946,0.3876557858593746,0.09554245718754828,0.0013656744140462251,0.0,0.0
0.18332185644090462,0.0016031571780588652,"{((frozenset({magenta}), frozenset()),) x 0: 1.0, ((frozenset({yellow}), frozenset()),) x 0: 0.3548387096774194, ((frozenset({blue}), frozenset()),) x 0: 0.19047619047619047, ((frozenset({green}), frozenset()),) x 0: 0.21739130434782608}",1.6919739171862602,0.028126445103989026,1179648,785.722891566265,336.8014435354196,-0.0017135132620751392,3:49:59,0.3373493975903614,0.4728052257915321,276.84076527584415,0.3373493975903614,0.4728052257915321,0.10439726570621133,0.0023030611337162554,0.0,0.0
0.1165410085758172,0.0009367602011469647,"{((frozenset({green}), frozenset()),) x 0: 0.20689655172413793, ((frozenset({blue}), frozenset()),) x 0: 0.2222222222222222, ((frozenset({magenta}), frozenset()),) x 0: 1.0, ((frozenset({yellow}), frozenset()),) x 0: 0.14285714285714285}",1.6917677633464336,0.01891200737629005,1245184,862.2,273.5994152040534,0.00021185268315093708,3:46:57,0.25333333333333335,0.434920171474669,275.7343206484061,0.25333333333333335,0.434920171474669,0.09309408953413367,0.0016366081308660796,0.0,0.0
0.16651073197408872,0.0014141806516574042,"{((frozenset({yellow}), frozenset()),) x 0: 0.4230769230769231, ((frozenset({blue}), frozenset()),) x 0: 0.08695652173913043, ((frozenset({green}), frozenset()),) x 0: 0.23333333333333334, ((frozenset({magenta}), frozenset()),) x 0: 0.75}",1.6916566230356693,0.029509378191035798,1310720,803.3493975903615,335.31781125945264,-0.0008200411893994897,3:42:29,0.27710843373493976,0.447570496891728,276.36811782861037,0.27710843373493976,0.447570496891728,0.09270200715400279,0.002113058068061946,0.0,0.0
0.17455866013791788,0.0012647945205254436,"{((frozenset({yellow}), frozenset()),) x 0: 0.44, ((frozenset({green}), frozenset()),) x 0: 0.2727272727272727, ((frozenset({magenta}), frozenset()),) x 0: 1.0, ((frozenset({blue}), frozenset()),) x 0: 0.21428571428571427}",1.691609874367714,0.027673249010889092,1376256,789.074074074074,317.54617736629285,-0.0022270723111432744,3:38:26,0.35802469135802467,0.479419452813521,276.48691563737884,0.35802469135802467,0.479419452813521,0.11166451196186244,0.0023414922434312757,0.0,0.0
0.21661776665672658,0.001800792404347365,"{((frozenset({green}), frozenset()),) x 0: 0.3076923076923077, ((frozenset({yellow}), frozenset()),) x 0: 0.5238095238095238, ((frozenset({magenta}), frozenset()),) x 0: 1.0, ((frozenset({blue}), frozenset()),) x 0: 0.24242424242424243}",1.6918796561658382,0.029926194217745547,1441792,744.5,352.3009431515257,-0.0026147971530008363,3:34:20,0.3977272727272727,0.4894285333490461,276.67789864958155,0.3977272727272727,0.4894285333490461,0.11997663415968418,0.002495543118129717,0.0,0.0
0.17057727218740038,0.0013221978699199401,"{((frozenset({yellow}), frozenset()),) x 0: 0.5, ((frozenset({green}), frozenset()),) x 0: 0.39285714285714285, ((frozenset({blue}), frozenset()),) x 0: 0.1891891891891892, ((frozenset({magenta}), frozenset()),) x 0: 0.9}",1.691745650023222,0.027551354079891503,1507328,787.4470588235295,307.9382102222439,-0.001240070049334463,3:31:24,0.36470588235294116,0.5051978953784444,275.33972628204083,0.3764705882352941,0.4845002419288,0.12664310866966844,0.0022400771449611057,0.0,0.0
0.2492819140279329,0.002193755400656051,"{((frozenset({blue}), frozenset()),) x 0: 0.34782608695652173, ((frozenset({green}), frozenset()),) x 0: 0.45454545454545453, ((frozenset({magenta}), frozenset()),) x 0: 0.8888888888888888, ((frozenset({yellow}), frozenset()),) x 0: 0.4666666666666667}",1.6919602118432522,0.03015659340291256,1572864,703.9347826086956,363.6933671541306,-0.0032362677393393824,3:27:32,0.44565217391304346,0.4970375376162468,275.2156314762065,0.44565217391304346,0.4970375376162468,0.1556871091015637,0.0029728198787779547,0.0,0.0
0.2645243053379568,0.0022449919646205757,"{((frozenset({yellow}), frozenset()),) x 0: 0.4, ((frozenset({magenta}), frozenset()),) x 0: 1.0, ((frozenset({blue}), frozenset()),) x 0: 0.4473684210526316, ((frozenset({green}), frozenset()),) x 0: 0.4117647058823529}",1.6920499876141548,0.03879550961986846,1638400,685.1063829787234,364.77164142075173,-0.004368912304926198,3:22:37,0.4787234042553192,0.499547101356336,276.5011778931231,0.4787234042553192,0.499547101356336,0.1466599297709763,0.0029340866749407724,0.0,0.0
0.29433756292438606,0.002593622278514363,"{((frozenset({green}), frozenset()),) x 0: 0.5, ((frozenset({blue}), frozenset()),) x 0: 0.38461538461538464, ((frozenset({yellow}), frozenset()),) x 0: 0.5172413793103449, ((frozenset({magenta}), frozenset()),) x 0: 1.0}",1.6920204646885395,0.0409499939568198,1703936,648.5428571428571,371.9650016452886,-0.005922607648244593,3:19:44,0.5142857142857142,0.4997958767010258,275.0185310694176,0.5142857142857142,0.4997958767010258,0.15604782523587346,0.0028328007501841057,0.0,0.0
0.2636090035468585,0.0022498920556193814,"{((frozenset({yellow}), frozenset()),) x 0: 0.37037037037037035, ((frozenset({blue}), frozenset()),) x 0: 0.28125, ((frozenset({green}), frozenset()),) x 0: 0.5, ((frozenset({magenta}), frozenset()),) x 0: 1.0}",1.6920084469020367,0.030581688887705225,1769472,684.3586956521739,368.1963258655732,-0.002344433346479491,3:15:06,0.45652173913043476,0.49810605379954775,275.9636442317194,0.45652173913043476,0.49810605379954775,0.1555163161829114,0.001856227343523642,0.0,0.0
0.291022077431995,0.002271099658852888,"{((frozenset({yellow}), frozenset()),) x 0: 0.6666666666666666, ((frozenset({green}), frozenset()),) x 0: 0.6521739130434783, ((frozenset({blue}), frozenset()),) x 0: 0.34146341463414637, ((frozenset({magenta}), frozenset()),) x 0: 1.0}",1.6920390389859676,0.046485773827059505,1835008,652.495145631068,361.03233520532996,-0.006523581701912917,3:11:43,0.5533980582524272,0.49714047046571286,275.12488627928803,0.5533980582524272,0.49714047046571286,0.15628719748929143,0.002494217453204328,0.0,0.0
0.320714487029085,0.002810749071386714,"{((frozenset({blue}), frozenset()),) x 0: 0.46153846153846156, ((frozenset({yellow}), frozenset()),) x 0: 0.44, ((frozenset({magenta}), frozenset()),) x 0: 1.0, ((frozenset({green}), frozenset()),) x 0: 0.7096774193548387}",1.6919728890061378,0.04930187486877669,1900544,615.8807339449542,367.52856032741465,-0.005521655715710949,3:07:18,0.5871559633027523,0.5106392678926879,275.8007649869258,0.5963302752293578,0.49063273237141064,0.19222701946273446,0.0024364350574614946,0.0,0.0
0.3370833726012915,0.002834038334683437,"{((frozenset({yellow}), frozenset()),) x 0: 0.6944444444444444, ((frozenset({blue}), frozenset()),) x 0: 0.3939393939393939, ((frozenset({magenta}), frozenset()),) x 0: 1.0, ((frozenset({green}), frozenset()),) x 0: 0.56}",1.6920183822512627,0.04626257027208107,1966080,599.1308411214953,372.6165397353414,-0.004552216134470655,3:04:25,0.5981308411214953,0.5089812637080412,274.18572508103296,0.6074766355140186,0.48831216738740685,0.20048016589134932,0.002168762406654423,0.0,0.0
0.35081604984984766,0.003103167076646678,"{((frozenset({blue}), frozenset()),) x 0: 0.4318181818181818, ((frozenset({magenta}), frozenset()),) x 0: 1.0, ((frozenset({yellow}), frozenset()),) x 0: 0.68, ((frozenset({green}), frozenset()),) x 0: 0.7142857142857143}",1.6919126994907856,0.03903719985327109,2031616,583.719298245614,365.1980358888194,-0.0066969136241823435,3:01:43,0.6403508771929824,0.4798975216347343,272.2369140451838,0.6403508771929824,0.4798975216347343,0.20707588084042072,0.0023453626490663737,0.0,0.0
0.2698931803190802,0.0022981000616437977,"{((frozenset({yellow}), frozenset()),) x 0: 0.5294117647058824, ((frozenset({blue}), frozenset()),) x 0: 0.4230769230769231, ((frozenset({magenta}), frozenset()),) x 0: 0.8888888888888888, ((frozenset({green}), frozenset()),) x 0: 0.6956521739130435}",1.6920591481029987,0.03915997880015365,2097152,652.7920792079208,359.0572727097669,-0.0027942740216531092,2:55:40,0.5247524752475248,0.5375790875444844,275.38976674331184,0.5445544554455446,0.4980109441568036,0.1897688088938594,0.0018295643822057173,0.0,0.0
0.34511716866671993,0.002715667062803396,"{((frozenset({blue}), frozenset()),) x 0: 0.3877551020408163, ((frozenset({magenta}), frozenset()),) x 0: 0.9473684210526315, ((frozenset({green}), frozenset()),) x 0: 0.8571428571428571, ((frozenset({yellow}), frozenset()),) x 0: 0.7272727272727273}",1.6920314282178879,0.048546112502978356,2162688,538.5245901639345,353.2379779517698,-0.00481039185251575,2:55:40,0.6147540983606558,0.5499138727121151,269.17278966700775,0.6475409836065574,0.4777359711769772,0.23602744285017252,0.00256787955731852,0.0,0.0
0.35221915140971866,0.0031671265312330985,"{((frozenset({yellow}), frozenset()),) x 0: 0.6538461538461539, ((frozenset({magenta}), frozenset()),) x 0: 1.0, ((frozenset({green}), frozenset()),) x 0: 0.6666666666666666, ((frozenset({blue}), frozenset()),) x 0: 0.5098039215686274}",1.6920928694307804,0.03615592273147532,2228224,572.918918918919,369.36317573361373,-0.003592370674596168,2:51:09,0.6216216216216216,0.5032158574331149,269.91055620014384,0.6306306306306306,0.4826340625577972,0.2203276981599629,0.0019194106753275264,0.0,0.0
0.44548110622777387,0.003838956168889912,"{((frozenset({blue}), frozenset()),) x 0: 0.5614035087719298, ((frozenset({magenta}), frozenset()),) x 0: 1.0, ((frozenset({green}), frozenset()),) x 0: 0.8108108108108109, ((frozenset({yellow}), frozenset()),) x 0: 0.9259259259259259}",1.6921098716557026,0.044821791799655966,2293760,459.0551724137931,341.23774257254246,-0.012572614214150235,2:43:31,0.7586206896551724,0.4437436673695286,275.83094173987405,0.7655172413793103,0.4236751049215909,0.2709258524700999,0.002170568699511932,0.0,0.0
0.5064070262306722,0.004720549222961491,"{((frozenset({green}), frozenset()),) x 0: 0.8378378378378378, ((frozenset({magenta}), frozenset()),) x 0: 1.0, ((frozenset({blue}), frozenset()),) x 0: 0.75, ((frozenset({yellow}), frozenset()),) x 0: 0.7407407407407407}",1.6919424571096897,0.04432288244037595,2359296,404.49367088607596,331.08771155805897,-0.012469111301470548,2:39:24,0.8164556962025317,0.3871121185664058,276.10387274730425,0.8164556962025317,0.3871121185664058,0.3055690620094538,0.0023877311832620762,0.0,0.0
0.5282513829745566,0.004688878239787073,"{((frozenset({magenta}), frozenset()),) x 0: 1.0, ((frozenset({yellow}), frozenset()),) x 0: 0.9056603773584906, ((frozenset({green}), frozenset()),) x 0: 0.875, ((frozenset({blue}), frozenset()),) x 0: 0.6727272727272727}",1.6894569508731365,0.04876646910919255,2424832,377.71751412429376,316.7078522938055,-0.015092551679117605,2:35:37,0.8418079096045198,0.36492102286904277,275.7856806082189,0.8418079096045198,0.36492102286904277,0.3415303761139512,0.0022626953505096026,0.0,0.0
0.5292743915429184,0.00469929524642108,"{((frozenset({green}), frozenset()),) x 0: 0.9230769230769231, ((frozenset({blue}), frozenset()),) x 0: 0.6296296296296297, ((frozenset({yellow}), frozenset()),) x 0: 0.9, ((frozenset({magenta}), frozenset()),) x 0: 1.0}",1.6890217289328575,0.04051402826490849,2490368,372.0773480662983,306.1447759664221,-0.012219529395224527,2:33:11,0.8453038674033149,0.36161476623101807,273.04254987319877,0.8453038674033149,0.36161476623101807,0.37488218024373055,0.002053518230241025,0.0,0.0
0.5276691341295929,0.004725442027273299,"{((frozenset({green}), frozenset()),) x 0: 0.9166666666666666, ((frozenset({yellow}), frozenset()),) x 0: 0.9183673469387755, ((frozenset({magenta}), frozenset()),) x 0: 0.95, ((frozenset({blue}), frozenset()),) x 0: 0.7846153846153846}",1.6875807419419289,0.04453285231385,2555904,380.2647058823529,310.9093785904532,-0.013014933618251234,2:28:09,0.8705882352941177,0.33565512041616713,274.92904292119624,0.8705882352941177,0.33565512041616713,0.3565162057057023,0.0022528115805471316,0.0,0.0
0.5915512525610983,0.0054313649035180435,"{((frozenset({blue}), frozenset()),) x 0: 0.8235294117647058, ((frozenset({green}), frozenset()),) x 0: 1.0, ((frozenset({yellow}), frozenset()),) x 0: 0.9433962264150944, ((frozenset({magenta}), frozenset()),) x 0: 1.0}",1.686451569199562,0.046667292398034965,2621440,306.82805429864254,259.29667721505086,-0.016614328109426424,2:23:41,0.9321266968325792,0.2515283639762406,275.90045638888034,0.9321266968325792,0.2515283639762406,0.4713844945654273,0.0023178713890956715,0.0,0.0
0.33135894500175106,0.002090969374808359,"{((frozenset({blue}), frozenset()),) x 0: 0.6666666666666666, ((frozenset({green}), frozenset()),) x 0: 1.0, ((frozenset({yellow}), frozenset()),) x 0: 0.3333333333333333, ((frozenset({yellow}), frozenset()), (frozenset({blue}), frozenset())) x 0: 0.625, ((frozenset({magenta}), frozenset()), (frozenset({green}), frozenset())) x 0: 0.875, ((frozenset({magenta}), frozenset()), (frozenset({blue}), frozenset())) x 0: 0.7777777777777778, ((frozenset({blue}), frozenset()), (frozenset({green}), frozenset())) x 0: 1.0, ((frozenset({green}), frozenset()), (frozenset({yellow}), frozenset())) x 0: 0.8888888888888888, ((frozenset({blue}), frozenset()), (frozenset({magenta}), frozenset())) x 0: 0.9, ((frozenset({magenta}), frozenset()), (frozenset({yellow}), frozenset())) x 0: 0.8, ((frozenset({yellow}), frozenset()), (frozenset({magenta}), frozenset())) x 0: 0.75, ((frozenset({green}), frozenset()), (frozenset({blue}), frozenset())) x 0: 0.8461538461538461, ((frozenset({blue}), frozenset()), (frozenset({yellow}), frozenset())) x 0: 0.6666666666666666, ((frozenset({green}), frozenset()), (frozenset({magenta}), frozenset())) x 0: 1.0, ((frozenset({yellow}), frozenset()), (frozenset({green}), frozenset())) x 0: 1.0}",1.683188684284687,0.06483394951768974,2686976,584.4181818181818,273.518667530396,0.006749829430191312,2:28:50,0.8090909090909091,0.393017569476678,258.99012191546865,0.8090909090909091,0.393017569476678,0.4829190419986844,0.004522375485976227,0.0,0.0
0.31309847008341246,0.0018915644877619026,"{((frozenset({yellow}), frozenset()), (frozenset({green}), frozenset())) x 0: 1.0, ((frozenset({yellow}), frozenset()), (frozenset({magenta}), frozenset())) x 0: 1.0, ((frozenset({green}), frozenset()), (frozenset({magenta}), frozenset())) x 0: 0.8333333333333334, ((frozenset({magenta}), frozenset()), (frozenset({blue}), frozenset())) x 0: 0.8, ((frozenset({magenta}), frozenset()), (frozenset({yellow}), frozenset())) x 0: 0.8333333333333334, ((frozenset({blue}), frozenset()), (frozenset({magenta}), frozenset())) x 0: 0.42857142857142855, ((frozenset({green}), frozenset()), (frozenset({blue}), frozenset())) x 0: 0.7692307692307693, ((frozenset({magenta}), frozenset()), (frozenset({green}), frozenset())) x 0: 1.0, ((frozenset({green}), frozenset()), (frozenset({yellow}), frozenset())) x 0: 0.7, ((frozenset({yellow}), frozenset()), (frozenset({blue}), frozenset())) x 0: 0.7692307692307693, ((frozenset({blue}), frozenset()), (frozenset({yellow}), frozenset())) x 0: 0.5454545454545454, ((frozenset({blue}), frozenset()), (frozenset({green}), frozenset())) x 0: 0.625}",1.6854025311768055,0.053752887659857904,2752512,596.9449541284404,273.546830596856,0.0072131983179133385,2:25:36,0.7614678899082569,0.4471947745671171,257.26540947443874,0.7706422018348624,0.42041978852805867,0.45954054594039917,0.0035923085888498463,0.0,0.0
0.3139661693884554,0.0018671152437095056,"{((frozenset({magenta}), frozenset()), (frozenset({yellow}), frozenset())) x 0: 1.0, ((frozenset({yellow}), frozenset()), (frozenset({blue}), frozenset())) x 0: 0.6666666666666666, ((frozenset({magenta}), frozenset()), (frozenset({blue}), frozenset())) x 0: 0.8888888888888888, ((frozenset({blue}), frozenset()), (frozenset({green}), frozenset())) x 0: 0.7142857142857143, ((frozenset({blue}), frozenset()), (frozenset({yellow}), frozenset())) x 0: 0.875, ((frozenset({blue}), frozenset()), (frozenset({magenta}), frozenset())) x 0: 0.6666666666666666, ((frozenset({green}), frozenset()), (frozenset({yellow}), frozenset())) x 0: 0.75, ((frozenset({yellow}), frozenset()), (frozenset({magenta}), frozenset())) x 0: 0.8, ((frozenset({green}), frozenset()), (frozenset({magenta}), frozenset())) x 0: 0.8571428571428571, ((frozenset({green}), frozenset()), (frozenset({blue}), frozenset())) x 0: 0.42857142857142855, ((frozenset({yellow}), frozenset()), (frozenset({green}), frozenset())) x 0: 1.0, ((frozenset({magenta}), frozenset()), (frozenset({green}), frozenset())) x 0: 1.0}",1.6871794685721397,0.045531358705254314,2818048,605.8571428571429,275.24349146135455,0.00752588156319689,2:20:51,0.7904761904761904,0.40696877369945705,258.17682143112734,0.7904761904761904,0.40696877369945705,0.4638340659439564,0.0026638491108315066,0.0,0.0
0.34925519188177345,0.0020886554733287803,"{((frozenset({green}), frozenset()), (frozenset({blue}), frozenset())) x 0: 0.8571428571428571, ((frozenset({green}), frozenset()), (frozenset({yellow}), frozenset())) x 0: 0.9230769230769231, ((frozenset({blue}), frozenset()), (frozenset({magenta}), frozenset())) x 0: 0.7272727272727273, ((frozenset({yellow}), frozenset()), (frozenset({green}), frozenset())) x 0: 1.0, ((frozenset({green}), frozenset()), (frozenset({magenta}), frozenset())) x 0: 1.0, ((frozenset({magenta}), frozenset()), (frozenset({green}), frozenset())) x 0: 1.0, ((frozenset({blue}), frozenset()), (frozenset({yellow}), frozenset())) x 0: 0.8, ((frozenset({magenta}), frozenset()), (frozenset({blue}), frozenset())) x 0: 0.7272727272727273, ((frozenset({yellow}), frozenset()), (frozenset({blue}), frozenset())) x 0: 0.6, ((frozenset({magenta}), frozenset()), (frozenset({yellow}), frozenset())) x 0: 0.875, ((frozenset({yellow}), frozenset()), (frozenset({magenta}), frozenset())) x 0: 1.0, ((frozenset({blue}), frozenset()), (frozenset({green}), frozenset())) x 0: 0.75}",1.6859533339738846,0.04119845894042436,2883584,557.3559322033898,262.38151564648103,0.005135828010679688,2:16:43,0.8389830508474576,0.36754658376612614,257.9993481036682,0.8389830508474576,0.36754658376612614,0.475419944152236,0.002136643415724393,0.0,0.0
0.3338430784488323,0.0020453079545684903,"{((frozenset({blue}), frozenset()), (frozenset({green}), frozenset())) x 0: 0.75, ((frozenset({yellow}), frozenset()), (frozenset({magenta}), frozenset())) x 0: 1.0, ((frozenset({green}), frozenset()), (frozenset({blue}), frozenset())) x 0: 0.8666666666666667, ((frozenset({green}), frozenset()), (frozenset({yellow}), frozenset())) x 0: 0.8333333333333334, ((frozenset({magenta}), frozenset()), (frozenset({green}), frozenset())) x 0: 1.0, ((frozenset({magenta}), frozenset()), (frozenset({blue}), frozenset())) x 0: 0.7777777777777778, ((frozenset({yellow}), frozenset()), (frozenset({blue}), frozenset())) x 0: 0.6153846153846154, ((frozenset({blue}), frozenset()), (frozenset({yellow}), frozenset())) x 0: 0.7142857142857143, ((frozenset({green}), frozenset()), (frozenset({magenta}), frozenset())) x 0: 1.0, ((frozenset({yellow}), frozenset()), (frozenset({green}), frozenset())) x 0: 0.8333333333333334, ((frozenset({blue}), frozenset()), (frozenset({magenta}), frozenset())) x 0: 0.5714285714285714, ((frozenset({magenta}), frozenset()), (frozenset({yellow}), frozenset())) x 0: 1.0}",1.6863770596683025,0.049002023943157225,2949120,580.6608695652174,275.4693981885725,0.005402544011303689,2:13:16,0.808695652173913,0.39332810010082225,256.4614466230619,0.808695652173913,0.39332810010082225,0.49217141792178154,0.0023325114852923434,0.0,0.0
0.32809284656980975,0.002020199950426091,"{((frozenset({blue}), frozenset()), (frozenset({yellow}), frozenset())) x 0: 0.7142857142857143, ((frozenset({magenta}), frozenset()), (frozenset({green}), frozenset())) x 0: 1.0, ((frozenset({blue}), frozenset()), (frozenset({magenta}), frozenset())) x 0: 0.5238095238095238, ((frozenset({magenta}), frozenset()), (frozenset({blue}), frozenset())) x 0: 1.0, ((frozenset({green}), frozenset()), (frozenset({yellow}), frozenset())) x 0: 0.8, ((frozenset({yellow}), frozenset()), (frozenset({green}), frozenset())) x 0: 0.8888888888888888, ((frozenset({green}), frozenset()), (frozenset({magenta}), frozenset())) x 0: 1.0, ((frozenset({blue}), frozenset()), (frozenset({green}), frozenset())) x 0: 0.6, ((frozenset({green}), frozenset()), (frozenset({blue}), frozenset())) x 0: 0.75, ((frozenset({yellow}), frozenset()), (frozenset({blue}), frozenset())) x 0: 0.7272727272727273, ((frozenset({magenta}), frozenset()), (frozenset({yellow}), frozenset())) x 0: 0.8333333333333334, ((frozenset({yellow}), frozenset()), (frozenset({magenta}), frozenset())) x 0: 0.5714285714285714}",1.687350820749998,0.04093506887055214,3014656,584.5495495495495,290.86759746756576,0.007888755077146925,2:08:54,0.7477477477477478,0.434305253808791,256.6872327958522,0.7477477477477478,0.434305253808791,0.4832361191511154,0.0022212955773284193,0.0,0.0
0.38792375916080185,0.0023421812871919725,"{((frozenset({green}), frozenset()), (frozenset({yellow}), frozenset())) x 0: 0.8571428571428571, ((frozenset({blue}), frozenset()), (frozenset({magenta}), frozenset())) x 0: 0.8695652173913043, ((frozenset({yellow}), frozenset()), (frozenset({blue}), frozenset())) x 0: 0.7857142857142857, ((frozenset({blue}), frozenset()), (frozenset({green}), frozenset())) x 0: 1.0, ((frozenset({magenta}), frozenset()), (frozenset({yellow}), frozenset())) x 0: 1.0, ((frozenset({blue}), frozenset()), (frozenset({yellow}), frozenset())) x 0: 0.7272727272727273, ((frozenset({green}), frozenset()), (frozenset({magenta}), frozenset())) x 0: 1.0, ((frozenset({magenta}), frozenset()), (frozenset({blue}), frozenset())) x 0: 1.0, ((frozenset({yellow}), frozenset()), (frozenset({magenta}), frozenset())) x 0: 0.9166666666666666, ((frozenset({magenta}), frozenset()), (frozenset({green}), frozenset())) x 0: 0.8888888888888888, ((frozenset({green}), frozenset()), (frozenset({blue}), frozenset())) x 0: 1.0, ((frozenset({yellow}), frozenset()), (frozenset({green}), frozenset())) x 0: 1.0}",1.6853913143277168,0.038163993369822055,3080192,503.80916030534354,242.8755568172617,0.0014657229958174867,2:03:55,0.8854961832061069,0.34155507360606246,258.1797703913401,0.8931297709923665,0.3089481884709628,0.5201516468077898,0.00187251717215986,0.0,0.0
0.3761771610411236,0.0022525923856879155,"{((frozenset({blue}), frozenset()), (frozenset({magenta}), frozenset())) x 0: 0.7333333333333333, ((frozenset({magenta}), frozenset()), (frozenset({blue}), frozenset())) x 0: 0.875, ((frozenset({yellow}), frozenset()), (frozenset({magenta}), frozenset())) x 0: 1.0, ((frozenset({yellow}), frozenset()), (frozenset({green}), frozenset())) x 0: 0.9230769230769231, ((frozenset({magenta}), frozenset()), (frozenset({yellow}), frozenset())) x 0: 1.0, ((frozenset({green}), frozenset()), (frozenset({blue}), frozenset())) x 0: 0.9166666666666666, ((frozenset({green}), frozenset()), (frozenset({magenta}), frozenset())) x 0: 1.0, ((frozenset({yellow}), frozenset()), (frozenset({blue}), frozenset())) x 0: 0.9285714285714286, ((frozenset({blue}), frozenset()), (frozenset({green}), frozenset())) x 0: 0.7142857142857143, ((frozenset({green}), frozenset()), (frozenset({yellow}), frozenset())) x 0: 0.875, ((frozenset({magenta}), frozenset()), (frozenset({green}), frozenset())) x 0: 1.0, ((frozenset({blue}), frozenset()), (frozenset({yellow}), frozenset())) x 0: 0.8}",1.685032982379198,0.03196117136701654,3145728,525.7578125,253.8780386971564,0.0007142440836105379,1:59:29,0.890625,0.3121091305537215,258.64903262271616,0.890625,0.3121091305537215,0.499525791965425,0.0013154291336832102,0.0,0.0
0.412065660694429,0.002498449952655463,"{((frozenset({blue}), frozenset()), (frozenset({magenta}), frozenset())) x 0: 0.75, ((frozenset({green}), frozenset()), (frozenset({magenta}), frozenset())) x 0: 1.0, ((frozenset({yellow}), frozenset()), (frozenset({blue}), frozenset())) x 0: 0.7857142857142857, ((frozenset({yellow}), frozenset()), (frozenset({magenta}), frozenset())) x 0: 1.0, ((frozenset({magenta}), frozenset()), (frozenset({green}), frozenset())) x 0: 1.0, ((frozenset({magenta}), frozenset()), (frozenset({blue}), frozenset())) x 0: 1.0, ((frozenset({blue}), frozenset()), (frozenset({green}), frozenset())) x 0: 0.95, ((frozenset({green}), frozenset()), (frozenset({blue}), frozenset())) x 0: 1.0, ((frozenset({green}), frozenset()), (frozenset({yellow}), frozenset())) x 0: 1.0, ((frozenset({yellow}), frozenset()), (frozenset({green}), frozenset())) x 0: 0.8888888888888888, ((frozenset({blue}), frozenset()), (frozenset({yellow}), frozenset())) x 0: 0.8947368421052632, ((frozenset({magenta}), frozenset()), (frozenset({yellow}), frozenset())) x 0: 1.0}",1.6837770342826843,0.03432014820084034,3211264,473.6962962962963,220.55187595276215,-0.0012789391694241203,1:55:42,0.9259259259259259,0.2618914004394621,257.64004548165,0.9259259259259259,0.2618914004394621,0.5255154464393854,0.0013446062584989704,0.0,0.0
0.40691391084309486,0.002432462754908161,"{((frozenset({magenta}), frozenset()), (frozenset({green}), frozenset())) x 0: 1.0, ((frozenset({green}), frozenset()), (frozenset({magenta}), frozenset())) x 0: 1.0, ((frozenset({yellow}), frozenset()), (frozenset({magenta}), frozenset())) x 0: 0.9090909090909091, ((frozenset({blue}), frozenset()), (frozenset({magenta}), frozenset())) x 0: 0.7333333333333333, ((frozenset({blue}), frozenset()), (frozenset({green}), frozenset())) x 0: 0.9230769230769231, ((frozenset({yellow}), frozenset()), (frozenset({blue}), frozenset())) x 0: 0.9230769230769231, ((frozenset({magenta}), frozenset()), (frozenset({yellow}), frozenset())) x 0: 0.8888888888888888, ((frozenset({magenta}), frozenset()), (frozenset({blue}), frozenset())) x 0: 1.0, ((frozenset({blue}), frozenset()), (frozenset({yellow}), frozenset())) x 0: 0.8888888888888888, ((frozenset({green}), frozenset()), (frozenset({blue}), frozenset())) x 0: 1.0, ((frozenset({yellow}), frozenset()), (frozenset({green}), frozenset())) x 0: 1.0, ((frozenset({green}), frozenset()), (frozenset({yellow}), frozenset())) x 0: 1.0}",1.6850696504116058,0.03459454580857098,3276800,476.65185185185186,212.72201712715287,-0.0009431419730390189,1:51:31,0.9259259259259259,0.2618914004394621,257.514271954239,0.9259259259259259,0.2618914004394621,0.5402050279080868,0.001259837157704169,0.0,0.0
0.39646345051051896,0.00235559709944293,"{((frozenset({blue}), frozenset()), (frozenset({magenta}), frozenset())) x 0: 0.8571428571428571, ((frozenset({green}), frozenset()), (frozenset({yellow}), frozenset())) x 0: 1.0, ((frozenset({yellow}), frozenset()), (frozenset({magenta}), frozenset())) x 0: 1.0, ((frozenset({magenta}), frozenset()), (frozenset({yellow}), frozenset())) x 0: 0.8181818181818182, ((frozenset({yellow}), frozenset()), (frozenset({blue}), frozenset())) x 0: 0.8333333333333334, ((frozenset({magenta}), frozenset()), (frozenset({blue}), frozenset())) x 0: 1.0, ((frozenset({blue}), frozenset()), (frozenset({yellow}), frozenset())) x 0: 0.8333333333333334, ((frozenset({green}), frozenset()), (frozenset({magenta}), frozenset())) x 0: 1.0, ((frozenset({yellow}), frozenset()), (frozenset({green}), frozenset())) x 0: 1.0, ((frozenset({magenta}), frozenset()), (frozenset({green}), frozenset())) x 0: 1.0, ((frozenset({blue}), frozenset()), (frozenset({green}), frozenset())) x 0: 0.8461538461538461, ((frozenset({green}), frozenset()), (frozenset({blue}), frozenset())) x 0: 1.0}",1.6820416934788227,0.03695449252831065,3342336,466.4931506849315,210.81064172715676,-0.0015125329100555973,1:46:40,0.910958904109589,0.3294086207235904,258.99886864271843,0.9246575342465754,0.26394313517805057,0.5641763564199209,0.0015693614986957982,0.0,0.0
0.4093787086640017,0.0024432672821001504,"{((frozenset({magenta}), frozenset()), (frozenset({green}), frozenset())) x 0: 1.0, ((frozenset({yellow}), frozenset()), (frozenset({magenta}), frozenset())) x 0: 0.9230769230769231, ((frozenset({blue}), frozenset()), (frozenset({green}), frozenset())) x 0: 0.9, ((frozenset({yellow}), frozenset()), (frozenset({green}), frozenset())) x 0: 1.0, ((frozenset({blue}), frozenset()), (frozenset({magenta}), frozenset())) x 0: 0.9375, ((frozenset({magenta}), frozenset()), (frozenset({yellow}), frozenset())) x 0: 0.9090909090909091, ((frozenset({green}), frozenset()), (frozenset({yellow}), frozenset())) x 0: 0.9230769230769231, ((frozenset({green}), frozenset()), (frozenset({magenta}), frozenset())) x 0: 1.0, ((frozenset({blue}), frozenset()), (frozenset({yellow}), frozenset())) x 0: 0.8823529411764706, ((frozenset({magenta}), frozenset()), (frozenset({blue}), frozenset())) x 0: 0.9, ((frozenset({yellow}), frozenset()), (frozenset({blue}), frozenset())) x 0: 0.8888888888888888, ((frozenset({green}), frozenset()), (frozenset({blue}), frozenset())) x 0: 1.0}",1.6815095730125904,0.028781701434924076,3407872,464.42028985507244,216.9786208527521,0.00019877958993674838,1:43:07,0.927536231884058,0.28584178149733364,257.33342629037406,0.9347826086956522,0.24690905851305536,0.5654810536652803,0.0011363846188032767,0.0,0.0
0.3925784737354147,0.002354345032608811,"{((frozenset({blue}), frozenset()), (frozenset({yellow}), frozenset())) x 0: 0.9166666666666666, ((frozenset({magenta}), frozenset()), (frozenset({blue}), frozenset())) x 0: 1.0, ((frozenset({magenta}), frozenset()), (frozenset({yellow}), frozenset())) x 0: 1.0, ((frozenset({yellow}), frozenset()), (frozenset({green}), frozenset())) x 0: 0.9230769230769231, ((frozenset({green}), frozenset()), (frozenset({blue}), frozenset())) x 0: 1.0, ((frozenset({blue}), frozenset()), (frozenset({magenta}), frozenset())) x 0: 1.0, ((frozenset({yellow}), frozenset()), (frozenset({magenta}), frozenset())) x 0: 0.8181818181818182, ((frozenset({magenta}), frozenset()), (frozenset({green}), frozenset())) x 0: 1.0, ((frozenset({green}), frozenset()), (frozenset({yellow}), frozenset())) x 0: 1.0, ((frozenset({green}), frozenset()), (frozenset({magenta}), frozenset())) x 0: 1.0, ((frozenset({blue}), frozenset()), (frozenset({green}), frozenset())) x 0: 0.8333333333333334, ((frozenset({yellow}), frozenset()), (frozenset({blue}), frozenset())) x 0: 1.0}",1.680494051426649,0.03137417333802783,3473408,500.6412213740458,211.3297798656172,-0.0001905144845295581,1:39:01,0.9541984732824428,0.20905441126151378,256.9181452276129,0.9541984732824428,0.20905441126151378,0.5513461399823427,0.0011259634902671678,0.0,0.0
0.5407025316750654,0.005216027221689168,"{((frozenset({blue}), frozenset()), (frozenset({magenta}), frozenset())) x 0: 0.5, ((frozenset({magenta}), frozenset()), (frozenset({yellow}), frozenset())) x 0: 1.0, ((frozenset({green}), frozenset({blue})),) x 0: 0.9642857142857143, ((frozenset({blue}), frozenset()), (frozenset({green}), frozenset())) x 0: 1.0, ((frozenset({yellow}), frozenset()), (frozenset({blue}), frozenset())) x 0: 0.0, ((frozenset({green}), frozenset({magenta})),) x 0: 0.9333333333333333, ((frozenset({green}), frozenset()), (frozenset({yellow}), frozenset())) x 0: 0.5, ((frozenset({yellow}), frozenset()), (frozenset({green}), frozenset())) x 0: 1.0, ((frozenset({green}), frozenset()), (frozenset({blue}), frozenset())) x 0: 1.0, ((frozenset({yellow}), frozenset({blue})),) x 0: 0.8695652173913043, ((frozenset({yellow}), frozenset()), (frozenset({magenta}), frozenset())) x 0: 1.0, ((frozenset({blue}), frozenset({green})),) x 0: 0.95, ((frozenset({magenta}), frozenset()), (frozenset({blue}), frozenset())) x 0: 1.0, ((frozenset({yellow}), frozenset({magenta})),) x 0: 0.92, ((frozenset({yellow}), frozenset({green})),) x 0: 0.8333333333333334, ((frozenset({blue}), frozenset({yellow})),) x 0: 0.9090909090909091, ((frozenset({magenta}), frozenset({blue})),) x 0: 0.875, ((frozenset({green}), frozenset({yellow})),) x 0: 0.9230769230769231, ((frozenset({magenta}), frozenset({yellow})),) x 0: 0.9629629629629629, ((frozenset({magenta}), frozenset({green})),) x 0: 0.8148148148148148, ((frozenset({blue}), frozenset({magenta})),) x 0: 0.7307692307692307}",1.681162066757679,0.060620771296972374,3538944,209.75460122699386,161.09590528529148,0.008095458426396362,1:29:08,0.7852760736196319,0.6040998098204255,273.1673947272168,0.8834355828220859,0.32090053572078575,0.6825920455157757,0.009469024633290246,0.09815950920245399,0.2975302000731814
0.5110611250168451,0.004713920963819748,"{((frozenset({green}), frozenset({blue})),) x 0: 0.9459459459459459, ((frozenset({blue}), frozenset({magenta})),) x 0: 0.7058823529411765, ((frozenset({magenta}), frozenset({yellow})),) x 0: 1.0, ((frozenset({magenta}), frozenset({green})),) x 0: 0.95, ((frozenset({yellow}), frozenset({blue})),) x 0: 0.8333333333333334, ((frozenset({blue}), frozenset({green})),) x 0: 0.92, ((frozenset({green}), frozenset({magenta})),) x 0: 0.68, ((frozenset({blue}), frozenset({yellow})),) x 0: 0.7037037037037037, ((frozenset({green}), frozenset({yellow})),) x 0: 0.96875, ((frozenset({yellow}), frozenset({green})),) x 0: 0.8620689655172413, ((frozenset({yellow}), frozenset({magenta})),) x 0: 0.8421052631578947, ((frozenset({magenta}), frozenset({blue})),) x 0: 0.9523809523809523}",1.6803360432386398,0.05939646614336855,3604480,195.47197640117994,133.25521107849653,0.011298565063043498,1:24:22,0.7433628318584071,0.6622402454467152,275.64831669999313,0.8672566371681416,0.3392971595164746,0.6770770382136106,0.011224670146475546,0.12094395280235988,0.32606213070962475
0.5564380076274383,0.00533323614430203,"{((frozenset({blue}), frozenset({green})),) x 0: 0.9, ((frozenset({green}), frozenset({yellow})),) x 0: 0.875, ((frozenset({magenta}), frozenset({blue})),) x 0: 0.9655172413793104, ((frozenset({magenta}), frozenset({yellow})),) x 0: 1.0, ((frozenset({yellow}), frozenset({green})),) x 0: 1.0, ((frozenset({magenta}), frozenset({green})),) x 0: 0.9615384615384616, ((frozenset({yellow}), frozenset({blue})),) x 0: 0.782608695652174, ((frozenset({yellow}), frozenset({magenta})),) x 0: 0.8529411764705882, ((frozenset({blue}), frozenset({yellow})),) x 0: 0.88, ((frozenset({green}), frozenset({magenta})),) x 0: 0.9230769230769231, ((frozenset({blue}), frozenset({magenta})),) x 0: 0.8181818181818182, ((frozenset({green}), frozenset({blue})),) x 0: 0.875}",1.682593211531639,0.06212196661666411,3670016,185.0653409090909,109.04924212408964,0.00401765142350996,1:20:58,0.8011363636363636,0.5984818517377984,273.7598945305683,0.9005681818181818,0.2992409258688992,0.675059612840414,0.009021849822602235,0.09659090909090909,0.2953999075353627
0.5988202228979502,0.005908271290661778,"{((frozenset({blue}), frozenset({magenta})),) x 0: 0.8205128205128205, ((frozenset({yellow}), frozenset({blue})),) x 0: 0.875, ((frozenset({yellow}), frozenset({green})),) x 0: 0.9354838709677419, ((frozenset({green}), frozenset({yellow})),) x 0: 0.9142857142857143, ((frozenset({yellow}), frozenset({magenta})),) x 0: 1.0, ((frozenset({magenta}), frozenset({green})),) x 0: 1.0, ((frozenset({magenta}), frozenset({yellow})),) x 0: 1.0, ((frozenset({green}), frozenset({blue})),) x 0: 0.9, ((frozenset({green}), frozenset({magenta})),) x 0: 0.9375, ((frozenset({blue}), frozenset({green})),) x 0: 0.868421052631579, ((frozenset({blue}), frozenset({yellow})),) x 0: 0.88, ((frozenset({magenta}), frozenset({blue})),) x 0: 1.0}",1.684620764106512,0.05259315456180857,3735552,177.5162162162162,106.44222392608879,-0.0013184650342736859,1:16:50,0.8405405405405405,0.5392484557280746,274.22609947660624,0.918918918918919,0.2729595929287048,0.6959141809493303,0.007252344716107473,0.07297297297297298,0.26009213403803416
0.5639727698257087,0.005804599254861809,"{((frozenset({magenta}), frozenset({yellow})),) x 0: 0.8846153846153846, ((frozenset({yellow}), frozenset({magenta})),) x 0: 0.9, ((frozenset({green}), frozenset({yellow})),) x 0: 0.926829268292683, ((frozenset({green}), frozenset({magenta})),) x 0: 0.9459459459459459, ((frozenset({yellow}), frozenset({blue})),) x 0: 0.8372093023255814, ((frozenset({green}), frozenset({blue})),) x 0: 0.9, ((frozenset({magenta}), frozenset({green})),) x 0: 0.9259259259259259, ((frozenset({blue}), frozenset({green})),) x 0: 0.9210526315789473, ((frozenset({blue}), frozenset({magenta})),) x 0: 0.8529411764705882, ((frozenset({blue}), frozenset({yellow})),) x 0: 0.925, ((frozenset({magenta}), frozenset({blue})),) x 0: 0.782608695652174, ((frozenset({yellow}), frozenset({green})),) x 0: 0.8148148148148148}",1.6878004893660545,0.06312344148913934,3801088,171.31117021276594,107.0721147057756,0.008773309215030167,1:12:56,0.7792553191489362,0.6245811181183791,273.92917952790634,0.8882978723404256,0.3149996227551687,0.6946687623858452,0.010758226067991927,0.10904255319148937,0.3116925966155927
0.592681846278875,0.005706116771006196,"{((frozenset({magenta}), frozenset({yellow})),) x 0: 0.9459459459459459, ((frozenset({green}), frozenset({magenta})),) x 0: 0.9259259259259259, ((frozenset({yellow}), frozenset({green})),) x 0: 0.9302325581395349, ((frozenset({green}), frozenset({blue})),) x 0: 0.8421052631578947, ((frozenset({blue}), frozenset({yellow})),) x 0: 0.9142857142857143, ((frozenset({blue}), frozenset({magenta})),) x 0: 0.8846153846153846, ((frozenset({yellow}), frozenset({blue})),) x 0: 0.8620689655172413, ((frozenset({yellow}), frozenset({magenta})),) x 0: 0.896551724137931, ((frozenset({magenta}), frozenset({green})),) x 0: 1.0, ((frozenset({blue}), frozenset({green})),) x 0: 0.8928571428571429, ((frozenset({green}), frozenset({yellow})),) x 0: 0.9705882352941176, ((frozenset({magenta}), frozenset({blue})),) x 0: 0.9032258064516129}",1.6898972056806087,0.06338832773158778,3866624,186.7122905027933,118.16491843818199,0.0008684822478244314,1:08:40,0.8379888268156425,0.5405442941641067,275.055659463483,0.9162011173184358,0.2770859612879831,0.707358717918396,0.007370117280515842,0.0782122905027933,0.26850535956866856
0.5583819975422657,0.005272188414720972,"{((frozenset({yellow}), frozenset({magenta})),) x 0: 0.8787878787878788, ((frozenset({blue}), frozenset({green})),) x 0: 0.8461538461538461, ((frozenset({magenta}), frozenset({blue})),) x 0: 0.9696969696969697, ((frozenset({green}), frozenset({magenta})),) x 0: 0.9230769230769231, ((frozenset({blue}), frozenset({yellow})),) x 0: 0.9310344827586207, ((frozenset({magenta}), frozenset({green})),) x 0: 0.9310344827586207, ((frozenset({yellow}), frozenset({blue})),) x 0: 0.9032258064516129, ((frozenset({green}), frozenset({blue})),) x 0: 0.9210526315789473, ((frozenset({blue}), frozenset({magenta})),) x 0: 0.7777777777777778, ((frozenset({magenta}), frozenset({yellow})),) x 0: 0.7878787878787878, ((frozenset({yellow}), frozenset({green})),) x 0: 0.9583333333333334, ((frozenset({green}), frozenset({yellow})),) x 0: 0.9565217391304348}",1.691014178097248,0.07792233120477624,3932160,187.9403409090909,116.0167717494178,0.007504910703573842,1:04:50,0.8011363636363636,0.5937160168613325,274.4836301486619,0.8977272727272727,0.30300662786303145,0.7076184414327145,0.009078160233912058,0.09375,0.2914805954090255
0.5575882312806147,0.005554658632141189,"{((frozenset({yellow}), frozenset({blue})),) x 0: 0.8846153846153846, ((frozenset({magenta}), frozenset({yellow})),) x 0: 0.9722222222222222, ((frozenset({magenta}), frozenset({blue})),) x 0: 0.8333333333333334, ((frozenset({yellow}), frozenset({green})),) x 0: 0.8333333333333334, ((frozenset({blue}), frozenset({yellow})),) x 0: 0.8888888888888888, ((frozenset({green}), frozenset({blue})),) x 0: 0.9705882352941176, ((frozenset({green}), frozenset({magenta})),) x 0: 0.8928571428571429, ((frozenset({magenta}), frozenset({green})),) x 0: 0.875, ((frozenset({blue}), frozenset({green})),) x 0: 0.8484848484848485, ((frozenset({yellow}), frozenset({magenta})),) x 0: 0.9, ((frozenset({blue}), frozenset({magenta})),) x 0: 0.75, ((frozenset({green}), frozenset({yellow})),) x 0: 0.9032258064516129}",1.6903595589101315,0.0678433933921051,3997696,173.28533333333334,108.57941449259872,0.009460486951866187,1:00:51,0.768,0.6383645771291929,274.5071087806155,0.8826666666666667,0.3218170632863059,0.6987756993621588,0.010240071409498341,0.112,0.3153664535108324
0.5680031141788908,0.005515728106182828,"{((frozenset({green}), frozenset({blue})),) x 0: 0.9444444444444444, ((frozenset({magenta}), frozenset({blue})),) x 0: 0.84, ((frozenset({yellow}), frozenset({blue})),) x 0: 0.8947368421052632, ((frozenset({blue}), frozenset({yellow})),) x 0: 0.9310344827586207, ((frozenset({green}), frozenset({magenta})),) x 0: 0.8666666666666667, ((frozenset({magenta}), frozenset({green})),) x 0: 0.9259259259259259, ((frozenset({yellow}), frozenset({magenta})),) x 0: 0.71875, ((frozenset({magenta}), frozenset({yellow})),) x 0: 0.96, ((frozenset({blue}), frozenset({green})),) x 0: 0.9428571428571428, ((frozenset({blue}), frozenset({magenta})),) x 0: 0.8571428571428571, ((frozenset({green}), frozenset({yellow})),) x 0: 1.0, ((frozenset({yellow}), frozenset({green})),) x 0: 0.9523809523809523}",1.691495481878519,0.06804509466992628,4063232,177.36612021857923,106.96530436781457,0.003406984486446163,0:56:50,0.8005464480874317,0.596986720134911,274.66716910783634,0.8989071038251366,0.3014516918477017,0.699198741465807,0.007741897890809923,0.09836065573770492,0.2978016741735238
0.6035682079955752,0.006123195932347212,"{((frozenset({yellow}), frozenset({green})),) x 0: 0.896551724137931, ((frozenset({magenta}), frozenset({green})),) x 0: 1.0, ((frozenset({green}), frozenset({magenta})),) x 0: 0.9428571428571428, ((frozenset({magenta}), frozenset({blue})),) x 0: 0.9285714285714286, ((frozenset({green}), frozenset({blue})),) x 0: 0.9655172413793104, ((frozenset({blue}), frozenset({green})),) x 0: 0.7894736842105263, ((frozenset({magenta}), frozenset({yellow})),) x 0: 1.0, ((frozenset({green}), frozenset({yellow})),) x 0: 0.9, ((frozenset({blue}), frozenset({magenta})),) x 0: 1.0, ((frozenset({yellow}), frozenset({blue})),) x 0: 0.9666666666666667, ((frozenset({yellow}), frozenset({magenta})),) x 0: 0.8979591836734694, ((frozenset({blue}), frozenset({yellow})),) x 0: 0.8333333333333334}",1.691286500543356,0.05568076201038111,4128768,181.14754098360655,119.99544655280378,0.0025918672308762325,0:52:49,0.8469945355191257,0.5264368679399493,274.85912664445374,0.9207650273224044,0.2701051494925195,0.7178540956228971,0.00648573599755764,0.06830601092896176,0.2522702911560026
0.5859028202872237,0.005840268594455937,"{((frozenset({magenta}), frozenset({yellow})),) x 0: 0.9411764705882353, ((frozenset({yellow}), frozenset({magenta})),) x 0: 0.8157894736842105, ((frozenset({blue}), frozenset({yellow})),) x 0: 0.8571428571428571, ((frozenset({magenta}), frozenset({blue})),) x 0: 0.9523809523809523, ((frozenset({green}), frozenset({magenta})),) x 0: 0.9629629629629629, ((frozenset({blue}), frozenset({green})),) x 0: 0.8367346938775511, ((frozenset({blue}), frozenset({magenta})),) x 0: 0.9428571428571428, ((frozenset({magenta}), frozenset({green})),) x 0: 0.9444444444444444, ((frozenset({yellow}), frozenset({green})),) x 0: 0.8461538461538461, ((frozenset({yellow}), frozenset({blue})),) x 0: 0.9047619047619048, ((frozenset({green}), frozenset({blue})),) x 0: 0.9411764705882353, ((frozenset({green}), frozenset({yellow})),) x 0: 0.9487179487179487}",1.6913582757115364,0.07009633411779218,4194304,164.60759493670886,95.87201618105637,0.00460518647741992,0:49:12,0.810126582278481,0.5840918379126413,272.919990937494,0.9037974683544304,0.29486879209328476,0.7238671369850636,0.008203885940019973,0.09113924050632911,0.2878070175417177
0.6143842130216629,0.006154881316305816,"{((frozenset({magenta}), frozenset({blue})),) x 0: 0.9629629629629629, ((frozenset({green}), frozenset({magenta})),) x 0: 0.9354838709677419, ((frozenset({yellow}), frozenset({blue})),) x 0: 0.8857142857142857, ((frozenset({blue}), frozenset({yellow})),) x 0: 0.875, ((frozenset({blue}), frozenset({green})),) x 0: 0.975, ((frozenset({blue}), frozenset({magenta})),) x 0: 0.9428571428571428, ((frozenset({yellow}), frozenset({magenta})),) x 0: 0.9285714285714286, ((frozenset({magenta}), frozenset({green})),) x 0: 0.90625, ((frozenset({green}), frozenset({blue})),) x 0: 0.896551724137931, ((frozenset({green}), frozenset({yellow})),) x 0: 0.9090909090909091, ((frozenset({magenta}), frozenset({yellow})),) x 0: 0.9642857142857143, ((frozenset({yellow}), frozenset({green})),) x 0: 0.9230769230769231}",1.6914728805422783,0.05912429477958006,4259840,171.36197916666666,105.02614611093865,-0.0005639766914100619,0:44:54,0.8541666666666666,0.5149669622628448,274.6694841687095,0.9244791666666666,0.2642298943457614,0.7256748527288437,0.006422756574465893,0.0703125,0.25567294018677456
0.6333442270747839,0.006238031424557605,"{((frozenset({green}), frozenset({yellow})),) x 0: 0.9354838709677419, ((frozenset({green}), frozenset({magenta})),) x 0: 0.9615384615384616, ((frozenset({yellow}), frozenset({blue})),) x 0: 0.9393939393939394, ((frozenset({magenta}), frozenset({yellow})),) x 0: 0.9714285714285714, ((frozenset({yellow}), frozenset({magenta})),) x 0: 1.0, ((frozenset({green}), frozenset({blue})),) x 0: 0.975609756097561, ((frozenset({blue}), frozenset({yellow})),) x 0: 0.9655172413793104, ((frozenset({magenta}), frozenset({green})),) x 0: 1.0, ((frozenset({magenta}), frozenset({blue})),) x 0: 0.8529411764705882, ((frozenset({yellow}), frozenset({green})),) x 0: 0.9696969696969697, ((frozenset({blue}), frozenset({magenta})),) x 0: 0.8666666666666667, ((frozenset({blue}), frozenset({green})),) x 0: 0.84}",1.691540639847517,0.05172090525629449,4325376,173.7154255319149,106.73321970026427,-0.0010408663092675852,0:40:52,0.8856382978723404,0.46150322953766904,275.05924772978403,0.9414893617021277,0.2347065050309597,0.7287506014108658,0.005014271089748945,0.05319148936170213,0.22441513946520197
0.6160446191174794,0.00622271677767823,"{((frozenset({green}), frozenset({blue})),) x 0: 1.0, ((frozenset({magenta}), frozenset({green})),) x 0: 0.8518518518518519, ((frozenset({blue}), frozenset({magenta})),) x 0: 0.9142857142857143, ((frozenset({yellow}), frozenset({magenta})),) x 0: 1.0, ((frozenset({green}), frozenset({yellow})),) x 0: 0.9523809523809523, ((frozenset({green}), frozenset({magenta})),) x 0: 1.0, ((frozenset({yellow}), frozenset({green})),) x 0: 0.9411764705882353, ((frozenset({yellow}), frozenset({blue})),) x 0: 0.7857142857142857, ((frozenset({magenta}), frozenset({yellow})),) x 0: 0.896551724137931, ((frozenset({blue}), frozenset({green})),) x 0: 0.9473684210526315, ((frozenset({blue}), frozenset({yellow})),) x 0: 0.8695652173913043, ((frozenset({magenta}), frozenset({blue})),) x 0: 1.0}",1.6917694620788097,0.06291893732995547,4390912,172.6042216358839,106.29498747412796,0.0018882202120948932,0:37:00,0.8548812664907651,0.5162746340618574,274.2792666622586,0.9261213720316622,0.26157327137506553,0.7224773038178682,0.0065078754123533145,0.06596306068601583,0.24821751612436382
0.6475494148074737,0.006498204850718534,"{((frozenset({green}), frozenset({yellow})),) x 0: 0.9032258064516129, ((frozenset({blue}), frozenset({yellow})),) x 0: 0.967741935483871, ((frozenset({yellow}), frozenset({magenta})),) x 0: 0.9629629629629629, ((frozenset({magenta}), frozenset({blue})),) x 0: 0.9, ((frozenset({blue}), frozenset({magenta})),) x 0: 0.9, ((frozenset({yellow}), frozenset({blue})),) x 0: 0.9347826086956522, ((frozenset({magenta}), frozenset({green})),) x 0: 0.9545454545454546, ((frozenset({magenta}), frozenset({yellow})),) x 0: 1.0, ((frozenset({green}), frozenset({blue})),) x 0: 0.9545454545454546, ((frozenset({blue}), frozenset({green})),) x 0: 0.9534883720930233, ((frozenset({yellow}), frozenset({green})),) x 0: 0.9545454545454546, ((frozenset({green}), frozenset({magenta})),) x 0: 1.0}",1.6913360878825188,0.050893079758841775,4456448,178.71506849315068,106.32115173937446,-0.0008807300087028125,0:32:59,0.8958904109589041,0.4442751079588928,274.5927336031856,0.947945205479452,0.2221375539794464,0.7396075241267681,0.005541234895645175,0.04657534246575343,0.2107275016222401
0.6484135485232496,0.006578308590022497,"{((frozenset({blue}), frozenset({green})),) x 0: 0.9512195121951219, ((frozenset({magenta}), frozenset({yellow})),) x 0: 0.9696969696969697, ((frozenset({magenta}), frozenset({blue})),) x 0: 0.9705882352941176, ((frozenset({yellow}), frozenset({magenta})),) x 0: 1.0, ((frozenset({yellow}), frozenset({blue})),) x 0: 0.8666666666666667, ((frozenset({blue}), frozenset({magenta})),) x 0: 0.90625, ((frozenset({green}), frozenset({blue})),) x 0: 0.9310344827586207, ((frozenset({yellow}), frozenset({green})),) x 0: 1.0, ((frozenset({green}), frozenset({magenta})),) x 0: 1.0, ((frozenset({blue}), frozenset({yellow})),) x 0: 0.9333333333333333, ((frozenset({magenta}), frozenset({green})),) x 0: 0.96875, ((frozenset({green}), frozenset({yellow})),) x 0: 0.9166666666666666}",1.6919821724295616,0.04713832100875533,4521984,175.9385026737968,109.38940384070261,-0.0006950508477530093,0:29:08,0.9010695187165776,0.43058091649355695,273.44854246524505,0.9491978609625669,0.21959344641098577,0.7351716067641973,0.0044303504400886595,0.0481283422459893,0.21403739140309624
0.4083014087577072,0.002501503403766952,"{((frozenset({blue}), frozenset({magenta})),) x 0: 1.0, ((frozenset({yellow}), frozenset({blue})),) x 0: 1.0, ((frozenset({magenta}), frozenset({blue})),) x 0: 0.8, ((frozenset({magenta}), frozenset({green})),) x 0: 1.0, ((frozenset({yellow}), frozenset({green})),) x 0: 1.0, ((frozenset({green}), frozenset({yellow})),) x 0: 1.0, ((frozenset({blue}), frozenset({yellow})), (frozenset({magenta}), frozenset({yellow}))) x 0: 0.6666666666666666, ((frozenset({green}), frozenset({blue})), (frozenset({magenta}), frozenset({yellow}))) x 0: 0.75, ((frozenset({green}), frozenset({magenta})), (frozenset({yellow}), frozenset({blue}))) x 0: 0.5, ((frozenset({blue}), frozenset({magenta})), (frozenset({magenta}), frozenset({yellow}))) x 0: 1.0, ((frozenset({green}), frozenset({yellow})), (frozenset({magenta}), frozenset({blue}))) x 0: 1.0, ((frozenset({green}), frozenset({yellow})), (frozenset({yellow}), frozenset({magenta}))) x 0: 1.0, ((frozenset({green}), frozenset({yellow})), (frozenset({blue}), frozenset({magenta}))) x 0: 1.0, ((frozenset({blue}), frozenset({yellow})), (frozenset({yellow}), frozenset({magenta}))) x 0: 1.0, ((frozenset({blue}), frozenset({green})), (frozenset({green}), frozenset({yellow}))) x 0: 1.0, ((frozenset({magenta}), frozenset({green})), (frozenset({yellow}), frozenset({blue}))) x 0: 1.0, ((frozenset({magenta}), frozenset({yellow})), (frozenset({blue}), frozenset({yellow}))) x 0: 1.0, ((frozenset({green}), frozenset({magenta})), (frozenset({yellow}), frozenset({magenta}))) x 0: 1.0, ((frozenset({blue}), frozenset({green})), (frozenset({yellow}), frozenset({magenta}))) x 0: 1.0, ((frozenset({magenta}), frozenset({blue})), (frozenset({yellow}), frozenset({green}))) x 0: 1.0, ((frozenset({magenta}), frozenset({blue})), (frozenset({yellow}), frozenset({blue}))) x 0: 0.5, ((frozenset({green}), frozenset({blue})), (frozenset({blue}), frozenset({magenta}))) x 0: 0.6666666666666666, ((frozenset({magenta}), frozenset({green})), (frozenset({yellow}), frozenset({green}))) x 0: 0.8, ((frozenset({green}), frozenset({yellow})), (frozenset({yellow}), frozenset({blue}))) x 0: 1.0, ((frozenset({magenta}), frozenset({yellow})), (frozenset({yellow}), frozenset({blue}))) x 0: 0.0, ((frozenset({blue}), frozenset({magenta})), (frozenset({green}), frozenset({magenta}))) x 0: 1.0, ((frozenset({magenta}), frozenset({yellow})),) x 0: 1.0, ((frozenset({magenta}), frozenset({green})), (frozenset({blue}), frozenset({green}))) x 0: 1.0, ((frozenset({magenta}), frozenset({blue})), (frozenset({green}), frozenset({yellow}))) x 0: 0.5, ((frozenset({yellow}), frozenset({magenta})), (frozenset({blue}), frozenset({magenta}))) x 0: 0.0, ((frozenset({yellow}), frozenset({magenta})), (frozenset({green}), frozenset({magenta}))) x 0: 1.0, ((frozenset({yellow}), frozenset({green})), (frozenset({magenta}), frozenset({blue}))) x 0: 1.0, ((frozenset({magenta}), frozenset({green})), (frozenset({green}), frozenset({yellow}))) x 0: 1.0, ((frozenset({yellow}), frozenset({blue})), (frozenset({blue}), frozenset({magenta}))) x 0: 1.0, ((frozenset({magenta}), frozenset({yellow})), (frozenset({green}), frozenset({blue}))) x 0: 0.0, ((frozenset({green}), frozenset({magenta})), (frozenset({blue}), frozenset({magenta}))) x 0: 1.0, ((frozenset({magenta}), frozenset({blue})), (frozenset({green}), frozenset({blue}))) x 0: 1.0, ((frozenset({magenta}), frozenset({yellow})), (frozenset({blue}), frozenset({green}))) x 0: 1.0, ((frozenset({yellow}), frozenset({magenta})), (frozenset({green}), frozenset({blue}))) x 0: 1.0, ((frozenset({blue}), frozenset({green})), (frozenset({yellow}), frozenset({green}))) x 0: 1.0, ((frozenset({magenta}), frozenset({blue})), (frozenset({blue}), frozenset({green}))) x 0: 1.0, ((frozenset({blue}), frozenset({magenta})), (frozenset({yellow}), frozenset({magenta}))) x 0: 0.8571428571428571, ((frozenset({yellow}), frozenset({green})), (frozenset({magenta}), frozenset({green}))) x 0: 1.0, ((frozenset({yellow}), frozenset({magenta})), (frozenset({magenta}), frozenset({blue}))) x 0: 1.0, ((frozenset({green}), frozenset({magenta})), (frozenset({magenta}), frozenset({yellow}))) x 0: 1.0, ((frozenset({green}), frozenset({yellow})), (frozenset({blue}), frozenset({yellow}))) x 0: 1.0, ((frozenset({yellow}), frozenset({blue})), (frozenset({green}), frozenset({blue}))) x 0: 1.0, ((frozenset({yellow}), frozenset({blue})), (frozenset({magenta}), frozenset({green}))) x 0: 1.0, ((frozenset({magenta}), frozenset({yellow})), (frozenset({yellow}), frozenset({green}))) x 0: 1.0, ((frozenset({yellow}), frozenset({green})), (frozenset({green}), frozenset({magenta}))) x 0: 1.0, ((frozenset({green}), frozenset({blue})), (frozenset({blue}), frozenset({yellow}))) x 0: 0.8, ((frozenset({yellow}), frozenset({green})), (frozenset({blue}), frozenset({green}))) x 0: 1.0, ((frozenset({blue}), frozenset({yellow})), (frozenset({yellow}), frozenset({green}))) x 0: 1.0, ((frozenset({blue}), frozenset({magenta})), (frozenset({magenta}), frozenset({green}))) x 0: 1.0, ((frozenset({blue}), frozenset({yellow})), (frozenset({green}), frozenset({yellow}))) x 0: 1.0, ((frozenset({blue}), frozenset({yellow})), (frozenset({green}), frozenset({magenta}))) x 0: 1.0, ((frozenset({yellow}), frozenset({green})), (frozenset({green}), frozenset({blue}))) x 0: 1.0, ((frozenset({green}), frozenset({magenta})), (frozenset({blue}), frozenset({yellow}))) x 0: 0.0, ((frozenset({blue}), frozenset({green})), (frozenset({magenta}), frozenset({yellow}))) x 0: 1.0, ((frozenset({green}), frozenset({blue})), (frozenset({yellow}), frozenset({magenta}))) x 0: 1.0, ((frozenset({green}), frozenset({blue})), (frozenset({yellow}), frozenset({blue}))) x 0: 1.0, ((frozenset({blue}), frozenset({yellow})), (frozenset({magenta}), frozenset({green}))) x 0: 0.5, ((frozenset({magenta}), frozenset({yellow})), (frozenset({green}), frozenset({yellow}))) x 0: 1.0, ((frozenset({blue}), frozenset({magenta})), (frozenset({yellow}), frozenset({green}))) x 0: 1.0, ((frozenset({yellow}), frozenset({magenta})), (frozenset({magenta}), frozenset({green}))) x 0: 1.0, ((frozenset({yellow}), frozenset({blue})), (frozenset({green}), frozenset({magenta}))) x 0: 1.0, ((frozenset({blue}), frozenset({green})), (frozenset({green}), frozenset({magenta}))) x 0: 1.0, ((frozenset({blue}), frozenset({magenta})), (frozenset({green}), frozenset({yellow}))) x 0: 1.0, ((frozenset({magenta}), frozenset({green})), (frozenset({blue}), frozenset({yellow}))) x 0: 1.0, ((frozenset({yellow}), frozenset({blue})), (frozenset({magenta}), frozenset({blue}))) x 0: 1.0}",1.6918057575821877,0.04921096431426964,4587520,371.698224852071,185.9169759583873,0.006733913498464972,0:26:28,0.834319526627219,0.5404411234925652,259.64623273731644,0.9112426035502958,0.28439325066740634,0.6268684286624193,0.0037119699045433663,0.07100591715976332,0.25683472679539293
0.38568168795457053,0.002274572467745775,"{((frozenset({blue}), frozenset({yellow})), (frozenset({yellow}), frozenset({green}))) x 0: 1.0, ((frozenset({green}), frozenset({blue})), (frozenset({blue}), frozenset({yellow}))) x 0: 1.0, ((frozenset({yellow}), frozenset({green})), (frozenset({blue}), frozenset({magenta}))) x 0: 1.0, ((frozenset({green}), frozenset({magenta})), (frozenset({magenta}), frozenset({yellow}))) x 0: 0.75, ((frozenset({green}), frozenset({yellow})), (frozenset({magenta}), frozenset({blue}))) x 0: 1.0, ((frozenset({magenta}), frozenset({green})), (frozenset({blue}), frozenset({yellow}))) x 0: 1.0, ((frozenset({yellow}), frozenset({green})), (frozenset({green}), frozenset({magenta}))) x 0: 1.0, ((frozenset({blue}), frozenset({green})), (frozenset({magenta}), frozenset({green}))) x 0: 1.0, ((frozenset({yellow}), frozenset({green})), (frozenset({magenta}), frozenset({blue}))) x 0: 1.0, ((frozenset({blue}), frozenset({magenta})), (frozenset({yellow}), frozenset({green}))) x 0: 1.0, ((frozenset({yellow}), frozenset({green})), (frozenset({blue}), frozenset({green}))) x 0: 0.75, ((frozenset({yellow}), frozenset({blue})), (frozenset({blue}), frozenset({green}))) x 0: 0.875, ((frozenset({magenta}), frozenset({blue})), (frozenset({green}), frozenset({yellow}))) x 0: 0.6666666666666666, ((frozenset({green}), frozenset({magenta})), (frozenset({magenta}), frozenset({blue}))) x 0: 0.75, ((frozenset({magenta}), frozenset({green})), (frozenset({yellow}), frozenset({green}))) x 0: 1.0, ((frozenset({green}), frozenset({yellow})), (frozenset({magenta}), frozenset({yellow}))) x 0: 0.8888888888888888, ((frozenset({magenta}), frozenset({yellow})), (frozenset({blue}), frozenset({green}))) x 0: 1.0, ((frozenset({green}), frozenset({blue})), (frozenset({blue}), frozenset({magenta}))) x 0: 1.0, ((frozenset({magenta}), frozenset({yellow})), (frozenset({yellow}), frozenset({blue}))) x 0: 0.625, ((frozenset({blue}), frozenset({green})), (frozenset({yellow}), frozenset({magenta}))) x 0: 1.0, ((frozenset({yellow}), frozenset({green})), (frozenset({magenta}), frozenset({green}))) x 0: 1.0, ((frozenset({magenta}), frozenset({blue})), (frozenset({blue}), frozenset({yellow}))) x 0: 1.0, ((frozenset({yellow}), frozenset({blue})), (frozenset({blue}), frozenset({magenta}))) x 0: 0.0, ((frozenset({green}), frozenset({yellow})), (frozenset({blue}), frozenset({magenta}))) x 0: 1.0, ((frozenset({green}), frozenset({yellow})), (frozenset({blue}), frozenset({yellow}))) x 0: 1.0, ((frozenset({green}), frozenset({magenta})), (frozenset({blue}), frozenset({yellow}))) x 0: 0.875, ((frozenset({magenta}), frozenset({green})), (frozenset({blue}), frozenset({green}))) x 0: 1.0, ((frozenset({blue}), frozenset({yellow})), (frozenset({magenta}), frozenset({yellow}))) x 0: 1.0, ((frozenset({green}), frozenset({blue})), (frozenset({magenta}), frozenset({blue}))) x 0: 0.6666666666666666, ((frozenset({yellow}), frozenset({magenta})), (frozenset({blue}), frozenset({magenta}))) x 0: 0.8333333333333334, ((frozenset({magenta}), frozenset({green})), (frozenset({green}), frozenset({blue}))) x 0: 0.8571428571428571, ((frozenset({yellow}), frozenset({magenta})), (frozenset({green}), frozenset({magenta}))) x 0: 1.0, ((frozenset({green}), frozenset({blue})), (frozenset({yellow}), frozenset({blue}))) x 0: 0.6666666666666666, ((frozenset({blue}), frozenset({yellow})), (frozenset({magenta}), frozenset({green}))) x 0: 1.0, ((frozenset({blue}), frozenset({magenta})), (frozenset({magenta}), frozenset({green}))) x 0: 1.0, ((frozenset({green}), frozenset({magenta})), (frozenset({yellow}), frozenset({blue}))) x 0: 0.5, ((frozenset({magenta}), frozenset({blue})), (frozenset({yellow}), frozenset({green}))) x 0: 1.0, ((frozenset({magenta}), frozenset({yellow})), (frozenset({green}), frozenset({blue}))) x 0: 0.8, ((frozenset({green}), frozenset({magenta})), (frozenset({yellow}), frozenset({magenta}))) x 0: 1.0, ((frozenset({green}), frozenset({magenta})), (frozenset({blue}), frozenset({magenta}))) x 0: 1.0, ((frozenset({blue}), frozenset({yellow})), (frozenset({green}), frozenset({magenta}))) x 0: 1.0, ((frozenset({yellow}), frozenset({magenta})), (frozenset({blue}), frozenset({green}))) x 0: 0.75, ((frozenset({magenta}), frozenset({green})), (frozenset({green}), frozenset({yellow}))) x 0: 1.0, ((frozenset({magenta}), frozenset({blue})), (frozenset({green}), frozenset({blue}))) x 0: 1.0, ((frozenset({yellow}), frozenset({green})), (frozenset({green}), frozenset({blue}))) x 0: 1.0, ((frozenset({green}), frozenset({blue})), (frozenset({magenta}), frozenset({yellow}))) x 0: 1.0, ((frozenset({yellow}), frozenset({blue})), (frozenset({green}), frozenset({blue}))) x 0: 1.0, ((frozenset({yellow}), frozenset({blue})), (frozenset({magenta}), frozenset({green}))) x 0: 1.0, ((frozenset({yellow}), frozenset({blue})), (frozenset({green}), frozenset({magenta}))) x 0: 1.0, ((frozenset({blue}), frozenset({green})), (frozenset({green}), frozenset({yellow}))) x 0: 1.0, ((frozenset({blue}), frozenset({green})), (frozenset({green}), frozenset({magenta}))) x 0: 1.0, ((frozenset({yellow}), frozenset({magenta})), (frozenset({magenta}), frozenset({green}))) x 0: 1.0, ((frozenset({yellow}), frozenset({magenta})), (frozenset({magenta}), frozenset({blue}))) x 0: 0.0, ((frozenset({magenta}), frozenset({blue})), (frozenset({yellow}), frozenset({blue}))) x 0: 1.0}",1.6918426230549812,0.0461836141862845,4653056,405.46583850931677,197.5788554286507,0.005628904968034476,0:22:22,0.8012422360248447,0.5552669972329692,258.4107430684854,0.8757763975155279,0.3298364732261305,0.5961260721087456,0.004181213196716271,0.06832298136645963,0.2522993293365205
0.29383299456303114,0.0015266219270139204,"{((frozenset({magenta}), frozenset({green})), (frozenset({blue}), frozenset({green}))) x 0: 1.0, ((frozenset({blue}), frozenset({yellow})), (frozenset({green}), frozenset({yellow}))) x 0: 0.75, ((frozenset({yellow}), frozenset({magenta})), (frozenset({magenta}), frozenset({blue}))) x 0: 0.7777777777777778, ((frozenset({yellow}), frozenset({green})), (frozenset({blue}), frozenset({magenta}))) x 0: 1.0, ((frozenset({yellow}), frozenset({magenta})), (frozenset({magenta}), frozenset({green}))) x 0: 0.6666666666666666, ((frozenset({magenta}), frozenset({yellow})), (frozenset({yellow}), frozenset({blue}))) x 0: 0.6, ((frozenset({yellow}), frozenset({blue})), (frozenset({blue}), frozenset({green}))) x 0: 1.0, ((frozenset({magenta}), frozenset({green})), (frozenset({green}), frozenset({blue}))) x 0: 1.0, ((frozenset({green}), frozenset({yellow})), (frozenset({magenta}), frozenset({yellow}))) x 0: 0.5, ((frozenset({magenta}), frozenset({blue})), (frozenset({blue}), frozenset({yellow}))) x 0: 1.0, ((frozenset({green}), frozenset({yellow})), (frozenset({yellow}), frozenset({blue}))) x 0: 1.0, ((frozenset({blue}), frozenset({magenta})), (frozenset({magenta}), frozenset({yellow}))) x 0: 1.0, ((frozenset({green}), frozenset({magenta})), (frozenset({blue}), frozenset({magenta}))) x 0: 1.0, ((frozenset({magenta}), frozenset({yellow})), (frozenset({yellow}), frozenset({green}))) x 0: 1.0, ((frozenset({green}), frozenset({magenta})), (frozenset({blue}), frozenset({yellow}))) x 0: 0.8, ((frozenset({magenta}), frozenset({green})), (frozenset({yellow}), frozenset({blue}))) x 0: 1.0, ((frozenset({blue}), frozenset({green})), (frozenset({green}), frozenset({magenta}))) x 0: 0.0, ((frozenset({blue}), frozenset({yellow})), (frozenset({magenta}), frozenset({yellow}))) x 0: 1.0, ((frozenset({magenta}), frozenset({blue})), (frozenset({yellow}), frozenset({blue}))) x 0: 1.0, ((frozenset({green}), frozenset({magenta})), (frozenset({yellow}), frozenset({blue}))) x 0: 0.8333333333333334, ((frozenset({blue}), frozenset({green})), (frozenset({yellow}), frozenset({green}))) x 0: 0.0, ((frozenset({yellow}), frozenset({blue})), (frozenset({magenta}), frozenset({green}))) x 0: 0.8, ((frozenset({magenta}), frozenset({blue})), (frozenset({yellow}), frozenset({green}))) x 0: 1.0, ((frozenset({blue}), frozenset({yellow})), (frozenset({magenta}), frozenset({green}))) x 0: 1.0, ((frozenset({yellow}), frozenset({blue})), (frozenset({blue}), frozenset({magenta}))) x 0: 0.8333333333333334, ((frozenset({magenta}), frozenset({blue})), (frozenset({green}), frozenset({yellow}))) x 0: 1.0, ((frozenset({yellow}), frozenset({blue})), (frozenset({green}), frozenset({magenta}))) x 0: 1.0, ((frozenset({yellow}), frozenset({blue})), (frozenset({green}), frozenset({blue}))) x 0: 0.5, ((frozenset({blue}), frozenset({magenta})), (frozenset({green}), frozenset({yellow}))) x 0: 0.0, ((frozenset({yellow}), frozenset({blue})), (frozenset({magenta}), frozenset({blue}))) x 0: 1.0, ((frozenset({magenta}), frozenset({yellow})), (frozenset({green}), frozenset({yellow}))) x 0: 0.5, ((frozenset({magenta}), frozenset({green})), (frozenset({blue}), frozenset({yellow}))) x 0: 1.0, ((frozenset({green}), frozenset({blue})), (frozenset({yellow}), frozenset({blue}))) x 0: 0.5, ((frozenset({green}), frozenset({yellow})), (frozenset({yellow}), frozenset({magenta}))) x 0: 0.6666666666666666, ((frozenset({yellow}), frozenset({magenta})), (frozenset({blue}), frozenset({green}))) x 0: 1.0, ((frozenset({magenta}), frozenset({yellow})), (frozenset({blue}), frozenset({yellow}))) x 0: 1.0, ((frozenset({yellow}), frozenset({green})), (frozenset({magenta}), frozenset({blue}))) x 0: 1.0, ((frozenset({green}), frozenset({magenta})), (frozenset({magenta}), frozenset({yellow}))) x 0: 0.6666666666666666, ((frozenset({green}), frozenset({yellow})), (frozenset({blue}), frozenset({magenta}))) x 0: 1.0, ((frozenset({yellow}), frozenset({magenta})), (frozenset({green}), frozenset({magenta}))) x 0: 1.0, ((frozenset({yellow}), frozenset({green})), (frozenset({green}), frozenset({blue}))) x 0: 0.5, ((frozenset({magenta}), frozenset({yellow})), (frozenset({blue}), frozenset({green}))) x 0: 0.0, ((frozenset({blue}), frozenset({magenta})), (frozenset({yellow}), frozenset({green}))) x 0: 1.0, ((frozenset({green}), frozenset({magenta})), (frozenset({yellow}), frozenset({magenta}))) x 0: 0.0, ((frozenset({blue}), frozenset({yellow})), (frozenset({green}), frozenset({magenta}))) x 0: 1.0, ((frozenset({magenta}), frozenset({yellow})), (frozenset({green}), frozenset({blue}))) x 0: 1.0, ((frozenset({green}), frozenset({yellow})), (frozenset({blue}), frozenset({yellow}))) x 0: 1.0, ((frozenset({yellow}), frozenset({magenta})), (frozenset({blue}), frozenset({magenta}))) x 0: 1.0, ((frozenset({green}), frozenset({magenta})), (frozenset({magenta}), frozenset({blue}))) x 0: 0.5, ((frozenset({blue}), frozenset({green})), (frozenset({magenta}), frozenset({green}))) x 0: 1.0, ((frozenset({green}), frozenset({blue})), (frozenset({magenta}), frozenset({blue}))) x 0: 1.0, ((frozenset({blue}), frozenset({yellow})), (frozenset({yellow}), frozenset({green}))) x 0: 1.0, ((frozenset({green}), frozenset({blue})), (frozenset({magenta}), frozenset({yellow}))) x 0: 1.0, ((frozenset({blue}), frozenset({magenta})), (frozenset({yellow}), frozenset({magenta}))) x 0: 1.0, ((frozenset({blue}), frozenset({green})), (frozenset({magenta}), frozenset({yellow}))) x 0: 0.5, ((frozenset({green}), frozenset({yellow})), (frozenset({magenta}), frozenset({blue}))) x 0: 1.0, ((frozenset({yellow}), frozenset({magenta})), (frozenset({green}), frozenset({blue}))) x 0: 0.0, ((frozenset({magenta}), frozenset({blue})), (frozenset({green}), frozenset({blue}))) x 0: 0.0, ((frozenset({blue}), frozenset({green})), (frozenset({yellow}), frozenset({magenta}))) x 0: 1.0, ((frozenset({green}), frozenset({blue})), (frozenset({blue}), frozenset({magenta}))) x 0: 0.0, ((frozenset({blue}), frozenset({magenta})), (frozenset({green}), frozenset({magenta}))) x 0: 1.0}",1.6921355910599232,0.05937496383383814,4718592,396.4011627906977,193.00366486108678,0.014470731548499316,0:18:10,0.6744186046511628,0.7143359327166358,258.10236850933023,0.8197674418604651,0.38438103897826964,0.6188097931444645,0.005947553909209091,0.12790697674418605,0.3339862003801179
0.32690557945257437,0.0016689005883050918,"{((frozenset({green}), frozenset({magenta})), (frozenset({yellow}), frozenset({magenta}))) x 0: 0.8421052631578947, ((frozenset({yellow}), frozenset({blue})), (frozenset({blue}), frozenset({magenta}))) x 0: 0.8, ((frozenset({yellow}), frozenset({green})), (frozenset({green}), frozenset({blue}))) x 0: 0.75, ((frozenset({magenta}), frozenset({yellow})), (frozenset({green}), frozenset({yellow}))) x 0: 1.0, ((frozenset({green}), frozenset({magenta})), (frozenset({magenta}), frozenset({yellow}))) x 0: 0.75, ((frozenset({yellow}), frozenset({magenta})), (frozenset({green}), frozenset({blue}))) x 0: 1.0, ((frozenset({magenta}), frozenset({green})), (frozenset({yellow}), frozenset({green}))) x 0: 1.0, ((frozenset({yellow}), frozenset({green})), (frozenset({green}), frozenset({magenta}))) x 0: 1.0, ((frozenset({magenta}), frozenset({blue})), (frozenset({yellow}), frozenset({green}))) x 0: 1.0, ((frozenset({yellow}), frozenset({magenta})), (frozenset({magenta}), frozenset({blue}))) x 0: 0.75, ((frozenset({green}), frozenset({yellow})), (frozenset({magenta}), frozenset({yellow}))) x 0: 1.0, ((frozenset({yellow}), frozenset({blue})), (frozenset({green}), frozenset({magenta}))) x 0: 0.6666666666666666, ((frozenset({blue}), frozenset({green})), (frozenset({green}), frozenset({magenta}))) x 0: 0.75, ((frozenset({green}), frozenset({blue})), (frozenset({blue}), frozenset({magenta}))) x 0: 1.0, ((frozenset({blue}), frozenset({green})), (frozenset({magenta}), frozenset({green}))) x 0: 1.0, ((frozenset({yellow}), frozenset({blue})), (frozenset({green}), frozenset({blue}))) x 0: 1.0, ((frozenset({magenta}), frozenset({blue})), (frozenset({blue}), frozenset({green}))) x 0: 0.6666666666666666, ((frozenset({green}), frozenset({magenta})), (frozenset({magenta}), frozenset({blue}))) x 0: 0.8333333333333334, ((frozenset({blue}), frozenset({yellow})), (frozenset({green}), frozenset({yellow}))) x 0: 0.6666666666666666, ((frozenset({magenta}), frozenset({green})), (frozenset({green}), frozenset({yellow}))) x 0: 0.5, ((frozenset({blue}), frozenset({green})), (frozenset({green}), frozenset({yellow}))) x 0: 1.0, ((frozenset({yellow}), frozenset({magenta})), (frozenset({magenta}), frozenset({green}))) x 0: 0.6666666666666666, ((frozenset({blue}), frozenset({green})), (frozenset({magenta}), frozenset({yellow}))) x 0: 1.0, ((frozenset({magenta}), frozenset({yellow})), (frozenset({blue}), frozenset({green}))) x 0: 0.42857142857142855, ((frozenset({green}), frozenset({blue})), (frozenset({blue}), frozenset({yellow}))) x 0: 0.5, ((frozenset({green}), frozenset({blue})), (frozenset({yellow}), frozenset({blue}))) x 0: 0.8, ((frozenset({yellow}), frozenset({green})), (frozenset({magenta}), frozenset({blue}))) x 0: 1.0, ((frozenset({blue}), frozenset({magenta})), (frozenset({green}), frozenset({yellow}))) x 0: 0.625, ((frozenset({magenta}), frozenset({green})), (frozenset({green}), frozenset({blue}))) x 0: 1.0, ((frozenset({magenta}), frozenset({yellow})), (frozenset({yellow}), frozenset({blue}))) x 0: 1.0, ((frozenset({blue}), frozenset({magenta})), (frozenset({magenta}), frozenset({green}))) x 0: 1.0, ((frozenset({blue}), frozenset({green})), (frozenset({yellow}), frozenset({green}))) x 0: 0.8, ((frozenset({magenta}), frozenset({yellow})), (frozenset({blue}), frozenset({yellow}))) x 0: 1.0, ((frozenset({green}), frozenset({magenta})), (frozenset({blue}), frozenset({yellow}))) x 0: 1.0, ((frozenset({green}), frozenset({yellow})), (frozenset({blue}), frozenset({magenta}))) x 0: 1.0, ((frozenset({blue}), frozenset({yellow})), (frozenset({yellow}), frozenset({green}))) x 0: 0.6666666666666666, ((frozenset({magenta}), frozenset({yellow})), (frozenset({yellow}), frozenset({green}))) x 0: 0.0, ((frozenset({yellow}), frozenset({green})), (frozenset({blue}), frozenset({green}))) x 0: 1.0, ((frozenset({green}), frozenset({yellow})), (frozenset({magenta}), frozenset({blue}))) x 0: 1.0, ((frozenset({blue}), frozenset({yellow})), (frozenset({magenta}), frozenset({yellow}))) x 0: 1.0, ((frozenset({magenta}), frozenset({blue})), (frozenset({green}), frozenset({yellow}))) x 0: 1.0, ((frozenset({blue}), frozenset({yellow})), (frozenset({green}), frozenset({magenta}))) x 0: 1.0, ((frozenset({yellow}), frozenset({blue})), (frozenset({magenta}), frozenset({green}))) x 0: 1.0, ((frozenset({yellow}), frozenset({magenta})), (frozenset({blue}), frozenset({green}))) x 0: 1.0, ((frozenset({magenta}), frozenset({green})), (frozenset({blue}), frozenset({green}))) x 0: 0.0, ((frozenset({yellow}), frozenset({blue})), (frozenset({magenta}), frozenset({blue}))) x 0: 1.0, ((frozenset({magenta}), frozenset({blue})), (frozenset({green}), frozenset({blue}))) x 0: 0.75, ((frozenset({green}), frozenset({yellow})), (frozenset({yellow}), frozenset({magenta}))) x 0: 1.0, ((frozenset({blue}), frozenset({magenta})), (frozenset({yellow}), frozenset({magenta}))) x 0: 1.0, ((frozenset({green}), frozenset({blue})), (frozenset({yellow}), frozenset({magenta}))) x 0: 1.0, ((frozenset({magenta}), frozenset({green})), (frozenset({yellow}), frozenset({blue}))) x 0: 1.0, ((frozenset({yellow}), frozenset({magenta})), (frozenset({blue}), frozenset({magenta}))) x 0: 1.0, ((frozenset({magenta}), frozenset({green})), (frozenset({blue}), frozenset({yellow}))) x 0: 1.0}",1.691985011100769,0.047864768363754376,4784128,368.91954022988506,192.2091305012966,0.011937311937799677,0:13:56,0.6954022988505747,0.6983408985369738,258.1486980260776,0.8333333333333334,0.372677996249965,0.6102676223963499,0.006107521832745988,0.12643678160919541,0.33234097229427495
0.3117859217880414,0.0015417926274665175,"{((frozenset({yellow}), frozenset({magenta})), (frozenset({green}), frozenset({blue}))) x 0: 0.8, ((frozenset({blue}), frozenset({magenta})), (frozenset({yellow}), frozenset({green}))) x 0: 1.0, ((frozenset({green}), frozenset({blue})), (frozenset({blue}), frozenset({magenta}))) x 0: 1.0, ((frozenset({blue}), frozenset({magenta})), (frozenset({green}), frozenset({yellow}))) x 0: 0.5, ((frozenset({magenta}), frozenset({yellow})), (frozenset({green}), frozenset({yellow}))) x 0: 1.0, ((frozenset({blue}), frozenset({yellow})), (frozenset({green}), frozenset({yellow}))) x 0: 1.0, ((frozenset({yellow}), frozenset({green})), (frozenset({blue}), frozenset({green}))) x 0: 1.0, ((frozenset({green}), frozenset({blue})), (frozenset({blue}), frozenset({yellow}))) x 0: 0.6666666666666666, ((frozenset({blue}), frozenset({magenta})), (frozenset({magenta}), frozenset({yellow}))) x 0: 1.0, ((frozenset({magenta}), frozenset({green})), (frozenset({blue}), frozenset({green}))) x 0: 0.9285714285714286, ((frozenset({magenta}), frozenset({blue})), (frozenset({yellow}), frozenset({blue}))) x 0: 1.0, ((frozenset({yellow}), frozenset({blue})), (frozenset({blue}), frozenset({magenta}))) x 0: 0.6666666666666666, ((frozenset({blue}), frozenset({yellow})), (frozenset({yellow}), frozenset({green}))) x 0: 0.8, ((frozenset({magenta}), frozenset({blue})), (frozenset({blue}), frozenset({green}))) x 0: 1.0, ((frozenset({green}), frozenset({yellow})), (frozenset({magenta}), frozenset({blue}))) x 0: 1.0, ((frozenset({magenta}), frozenset({blue})), (frozenset({green}), frozenset({blue}))) x 0: 0.75, ((frozenset({yellow}), frozenset({green})), (frozenset({green}), frozenset({blue}))) x 0: 0.8, ((frozenset({green}), frozenset({magenta})), (frozenset({yellow}), frozenset({magenta}))) x 0: 1.0, ((frozenset({magenta}), frozenset({yellow})), (frozenset({yellow}), frozenset({green}))) x 0: 0.7692307692307693, ((frozenset({blue}), frozenset({magenta})), (frozenset({magenta}), frozenset({green}))) x 0: 0.0, ((frozenset({yellow}), frozenset({green})), (frozenset({magenta}), frozenset({blue}))) x 0: 0.6666666666666666, ((frozenset({magenta}), frozenset({yellow})), (frozenset({blue}), frozenset({yellow}))) x 0: 1.0, ((frozenset({magenta}), frozenset({green})), (frozenset({green}), frozenset({yellow}))) x 0: 0.5, ((frozenset({magenta}), frozenset({yellow})), (frozenset({blue}), frozenset({green}))) x 0: 1.0, ((frozenset({green}), frozenset({magenta})), (frozenset({magenta}), frozenset({yellow}))) x 0: 0.75, ((frozenset({yellow}), frozenset({blue})), (frozenset({green}), frozenset({magenta}))) x 0: 1.0, ((frozenset({blue}), frozenset({yellow})), (frozenset({green}), frozenset({magenta}))) x 0: 1.0, ((frozenset({yellow}), frozenset({magenta})), (frozenset({magenta}), frozenset({blue}))) x 0: 1.0, ((frozenset({blue}), frozenset({green})), (frozenset({green}), frozenset({yellow}))) x 0: 0.5, ((frozenset({green}), frozenset({magenta})), (frozenset({blue}), frozenset({magenta}))) x 0: 1.0, ((frozenset({blue}), frozenset({yellow})), (frozenset({magenta}), frozenset({yellow}))) x 0: 0.75, ((frozenset({blue}), frozenset({green})), (frozenset({yellow}), frozenset({magenta}))) x 0: 1.0, ((frozenset({magenta}), frozenset({green})), (frozenset({yellow}), frozenset({green}))) x 0: 0.6666666666666666, ((frozenset({green}), frozenset({blue})), (frozenset({yellow}), frozenset({blue}))) x 0: 1.0, ((frozenset({green}), frozenset({yellow})), (frozenset({magenta}), frozenset({yellow}))) x 0: 1.0, ((frozenset({green}), frozenset({magenta})), (frozenset({blue}), frozenset({yellow}))) x 0: 0.4, ((frozenset({blue}), frozenset({green})), (frozenset({yellow}), frozenset({green}))) x 0: 0.7142857142857143, ((frozenset({magenta}), frozenset({blue})), (frozenset({blue}), frozenset({yellow}))) x 0: 0.6666666666666666, ((frozenset({green}), frozenset({blue})), (frozenset({magenta}), frozenset({yellow}))) x 0: 1.0, ((frozenset({yellow}), frozenset({blue})), (frozenset({magenta}), frozenset({green}))) x 0: 1.0, ((frozenset({magenta}), frozenset({yellow})), (frozenset({green}), frozenset({blue}))) x 0: 1.0, ((frozenset({magenta}), frozenset({blue})), (frozenset({yellow}), frozenset({green}))) x 0: 0.0, ((frozenset({green}), frozenset({magenta})), (frozenset({yellow}), frozenset({blue}))) x 0: 1.0, ((frozenset({yellow}), frozenset({magenta})), (frozenset({magenta}), frozenset({green}))) x 0: 0.5, ((frozenset({yellow}), frozenset({blue})), (frozenset({green}), frozenset({blue}))) x 0: 1.0, ((frozenset({blue}), frozenset({yellow})), (frozenset({magenta}), frozenset({green}))) x 0: 1.0, ((frozenset({yellow}), frozenset({blue})), (frozenset({magenta}), frozenset({blue}))) x 0: 0.5, ((frozenset({blue}), frozenset({green})), (frozenset({green}), frozenset({magenta}))) x 0: 0.6666666666666666, ((frozenset({green}), frozenset({blue})), (frozenset({magenta}), frozenset({blue}))) x 0: 1.0, ((frozenset({yellow}), frozenset({green})), (frozenset({magenta}), frozenset({green}))) x 0: 1.0, ((frozenset({blue}), frozenset({magenta})), (frozenset({green}), frozenset({magenta}))) x 0: 1.0, ((frozenset({green}), frozenset({blue})), (frozenset({yellow}), frozenset({magenta}))) x 0: 1.0, ((frozenset({yellow}), frozenset({magenta})), (frozenset({blue}), frozenset({green}))) x 0: 0.0, ((frozenset({yellow}), frozenset({blue})), (frozenset({blue}), frozenset({green}))) x 0: 1.0, ((frozenset({yellow}), frozenset({magenta})), (frozenset({green}), frozenset({magenta}))) x 0: 1.0, ((frozenset({blue}), frozenset({magenta})), (frozenset({yellow}), frozenset({magenta}))) x 0: 1.0, ((frozenset({magenta}), frozenset({yellow})), (frozenset({yellow}), frozenset({blue}))) x 0: 1.0, ((frozenset({magenta}), frozenset({blue})), (frozenset({green}), frozenset({yellow}))) x 0: 1.0, ((frozenset({magenta}), frozenset({green})), (frozenset({blue}), frozenset({yellow}))) x 0: 1.0, ((frozenset({green}), frozenset({magenta})), (frozenset({magenta}), frozenset({blue}))) x 0: 1.0}",1.6913339458405972,0.04875817693979309,4849664,366.64444444444445,178.23681569511896,0.012109802890336141,0:09:41,0.6722222222222223,0.7290065961868594,258.7311704048504,0.8277777777777777,0.37757347416769327,0.612541014328599,0.006611847493331879,0.13333333333333333,0.339934634239519
0.35272760335513187,0.0018120062552616505,"{((frozenset({magenta}), frozenset({green})), (frozenset({blue}), frozenset({green}))) x 0: 1.0, ((frozenset({blue}), frozenset({magenta})), (frozenset({magenta}), frozenset({green}))) x 0: 0.5714285714285714, ((frozenset({blue}), frozenset({magenta})), (frozenset({yellow}), frozenset({green}))) x 0: 1.0, ((frozenset({yellow}), frozenset({blue})), (frozenset({green}), frozenset({magenta}))) x 0: 1.0, ((frozenset({green}), frozenset({magenta})), (frozenset({yellow}), frozenset({magenta}))) x 0: 0.5, ((frozenset({yellow}), frozenset({blue})), (frozenset({magenta}), frozenset({green}))) x 0: 1.0, ((frozenset({yellow}), frozenset({magenta})), (frozenset({green}), frozenset({blue}))) x 0: 1.0, ((frozenset({magenta}), frozenset({green})), (frozenset({green}), frozenset({yellow}))) x 0: 1.0, ((frozenset({yellow}), frozenset({green})), (frozenset({blue}), frozenset({magenta}))) x 0: 1.0, ((frozenset({magenta}), frozenset({blue})), (frozenset({green}), frozenset({blue}))) x 0: 1.0, ((frozenset({magenta}), frozenset({yellow})), (frozenset({blue}), frozenset({yellow}))) x 0: 1.0, ((frozenset({magenta}), frozenset({yellow})), (frozenset({yellow}), frozenset({green}))) x 0: 1.0, ((frozenset({yellow}), frozenset({green})), (frozenset({magenta}), frozenset({green}))) x 0: 1.0, ((frozenset({green}), frozenset({magenta})), (frozenset({blue}), frozenset({yellow}))) x 0: 1.0, ((frozenset({yellow}), frozenset({green})), (frozenset({magenta}), frozenset({blue}))) x 0: 0.6666666666666666, ((frozenset({magenta}), frozenset({yellow})), (frozenset({green}), frozenset({yellow}))) x 0: 1.0, ((frozenset({magenta}), frozenset({blue})), (frozenset({yellow}), frozenset({green}))) x 0: 1.0, ((frozenset({yellow}), frozenset({magenta})), (frozenset({green}), frozenset({magenta}))) x 0: 1.0, ((frozenset({yellow}), frozenset({magenta})), (frozenset({magenta}), frozenset({green}))) x 0: 1.0, ((frozenset({magenta}), frozenset({green})), (frozenset({blue}), frozenset({yellow}))) x 0: 0.5, ((frozenset({magenta}), frozenset({green})), (frozenset({yellow}), frozenset({green}))) x 0: 1.0, ((frozenset({blue}), frozenset({magenta})), (frozenset({green}), frozenset({magenta}))) x 0: 1.0, ((frozenset({green}), frozenset({magenta})), (frozenset({blue}), frozenset({magenta}))) x 0: 1.0, ((frozenset({magenta}), frozenset({yellow})), (frozenset({blue}), frozenset({green}))) x 0: 1.0, ((frozenset({green}), frozenset({yellow})), (frozenset({magenta}), frozenset({yellow}))) x 0: 1.0, ((frozenset({blue}), frozenset({magenta})), (frozenset({magenta}), frozenset({yellow}))) x 0: 1.0, ((frozenset({yellow}), frozenset({green})), (frozenset({blue}), frozenset({green}))) x 0: 0.6666666666666666, ((frozenset({yellow}), frozenset({blue})), (frozenset({magenta}), frozenset({blue}))) x 0: 1.0, ((frozenset({green}), frozenset({yellow})), (frozenset({blue}), frozenset({yellow}))) x 0: 0.6666666666666666, ((frozenset({blue}), frozenset({green})), (frozenset({magenta}), frozenset({yellow}))) x 0: 1.0, ((frozenset({blue}), frozenset({yellow})), (frozenset({magenta}), frozenset({yellow}))) x 0: 0.6666666666666666, ((frozenset({yellow}), frozenset({green})), (frozenset({green}), frozenset({blue}))) x 0: 0.75, ((frozenset({magenta}), frozenset({blue})), (frozenset({green}), frozenset({yellow}))) x 0: 1.0, ((frozenset({blue}), frozenset({magenta})), (frozenset({yellow}), frozenset({magenta}))) x 0: 1.0, ((frozenset({green}), frozenset({blue})), (frozenset({magenta}), frozenset({blue}))) x 0: 1.0, ((frozenset({blue}), frozenset({green})), (frozenset({green}), frozenset({yellow}))) x 0: 1.0, ((frozenset({green}), frozenset({yellow})), (frozenset({yellow}), frozenset({blue}))) x 0: 0.75, ((frozenset({yellow}), frozenset({magenta})), (frozenset({blue}), frozenset({green}))) x 0: 1.0, ((frozenset({green}), frozenset({blue})), (frozenset({yellow}), frozenset({blue}))) x 0: 0.5, ((frozenset({blue}), frozenset({green})), (frozenset({yellow}), frozenset({green}))) x 0: 1.0, ((frozenset({yellow}), frozenset({magenta})), (frozenset({magenta}), frozenset({blue}))) x 0: 0.0, ((frozenset({green}), frozenset({magenta})), (frozenset({magenta}), frozenset({yellow}))) x 0: 1.0, ((frozenset({green}), frozenset({magenta})), (frozenset({magenta}), frozenset({blue}))) x 0: 1.0, ((frozenset({magenta}), frozenset({green})), (frozenset({green}), frozenset({blue}))) x 0: 0.0, ((frozenset({yellow}), frozenset({green})), (frozenset({green}), frozenset({magenta}))) x 0: 0.6666666666666666, ((frozenset({magenta}), frozenset({blue})), (frozenset({blue}), frozenset({green}))) x 0: 0.6666666666666666, ((frozenset({magenta}), frozenset({blue})), (frozenset({blue}), frozenset({yellow}))) x 0: 0.6, ((frozenset({magenta}), frozenset({yellow})), (frozenset({green}), frozenset({blue}))) x 0: 0.6666666666666666, ((frozenset({green}), frozenset({yellow})), (frozenset({magenta}), frozenset({blue}))) x 0: 0.0, ((frozenset({magenta}), frozenset({green})), (frozenset({yellow}), frozenset({blue}))) x 0: 1.0, ((frozenset({yellow}), frozenset({blue})), (frozenset({blue}), frozenset({magenta}))) x 0: 0.75, ((frozenset({blue}), frozenset({yellow})), (frozenset({yellow}), frozenset({magenta}))) x 0: 1.0, ((frozenset({blue}), frozenset({magenta})), (frozenset({green}), frozenset({yellow}))) x 0: 1.0, ((frozenset({blue}), frozenset({green})), (frozenset({magenta}), frozenset({green}))) x 0: 0.5, ((frozenset({green}), frozenset({yellow})), (frozenset({blue}), frozenset({magenta}))) x 0: 1.0, ((frozenset({magenta}), frozenset({blue})), (frozenset({yellow}), frozenset({blue}))) x 0: 1.0, ((frozenset({blue}), frozenset({yellow})), (frozenset({green}), frozenset({magenta}))) x 0: 1.0, ((frozenset({green}), frozenset({blue})), (frozenset({blue}), frozenset({magenta}))) x 0: 1.0, ((frozenset({green}), frozenset({blue})), (frozenset({magenta}), frozenset({yellow}))) x 0: 1.0, ((frozenset({green}), frozenset({blue})), (frozenset({yellow}), frozenset({magenta}))) x 0: 1.0, ((frozenset({blue}), frozenset({green})), (frozenset({yellow}), frozenset({magenta}))) x 0: 1.0, ((frozenset({yellow}), frozenset({magenta})), (frozenset({blue}), frozenset({magenta}))) x 0: 1.0, ((frozenset({blue}), frozenset({green})), (frozenset({green}), frozenset({magenta}))) x 0: 0.0}",1.691672895103693,0.043426478896320106,4915200,373.13142857142856,184.02816519129203,0.007059856980049517,0:05:29,0.7485714285714286,0.6366750364517336,257.59754324293544,0.8571428571428571,0.34992710611188266,0.6103666834533215,0.0047104148179641925,0.09714285714285714,0.2961521947394271
0.3579869870897452,0.0020764957029056966,"{((frozenset({yellow}), frozenset({magenta})), (frozenset({blue}), frozenset({green}))) x 0: 1.0, ((frozenset({green}), frozenset({magenta})), (frozenset({magenta}), frozenset({yellow}))) x 0: 1.0, ((frozenset({magenta}), frozenset({blue})), (frozenset({yellow}), frozenset({blue}))) x 0: 1.0, ((frozenset({magenta}), frozenset({yellow})), (frozenset({yellow}), frozenset({blue}))) x 0: 0.3333333333333333, ((frozenset({yellow}), frozenset({magenta})), (frozenset({magenta}), frozenset({green}))) x 0: 0.6666666666666666, ((frozenset({blue}), frozenset({green})), (frozenset({yellow}), frozenset({magenta}))) x 0: 1.0, ((frozenset({green}), frozenset({magenta})), (frozenset({yellow}), frozenset({blue}))) x 0: 0.6666666666666666, ((frozenset({blue}), frozenset({magenta})), (frozenset({magenta}), frozenset({green}))) x 0: 1.0, ((frozenset({magenta}), frozenset({blue})), (frozenset({blue}), frozenset({yellow}))) x 0: 0.8, ((frozenset({magenta}), frozenset({yellow})), (frozenset({blue}), frozenset({green}))) x 0: 1.0, ((frozenset({magenta}), frozenset({blue})), (frozenset({yellow}), frozenset({green}))) x 0: 1.0, ((frozenset({magenta}), frozenset({green})), (frozenset({green}), frozenset({yellow}))) x 0: 1.0, ((frozenset({yellow}), frozenset({magenta})), (frozenset({magenta}), frozenset({blue}))) x 0: 0.8571428571428571, ((frozenset({blue}), frozenset({green})), (frozenset({green}), frozenset({magenta}))) x 0: 0.8333333333333334, ((frozenset({blue}), frozenset({magenta})), (frozenset({yellow}), frozenset({magenta}))) x 0: 1.0, ((frozenset({yellow}), frozenset({magenta})), (frozenset({green}), frozenset({blue}))) x 0: 0.5, ((frozenset({green}), frozenset({magenta})), (frozenset({blue}), frozenset({yellow}))) x 0: 1.0, ((frozenset({magenta}), frozenset({green})), (frozenset({green}), frozenset({blue}))) x 0: 0.7142857142857143, ((frozenset({magenta}), frozenset({green})), (frozenset({yellow}), frozenset({green}))) x 0: 1.0, ((frozenset({yellow}), frozenset({blue})), (frozenset({green}), frozenset({magenta}))) x 0: 1.0, ((frozenset({green}), frozenset({blue})), (frozenset({blue}), frozenset({yellow}))) x 0: 1.0, ((frozenset({yellow}), frozenset({blue})), (frozenset({green}), frozenset({blue}))) x 0: 1.0, ((frozenset({yellow}), frozenset({green})), (frozenset({green}), frozenset({blue}))) x 0: 1.0, ((frozenset({green}), frozenset({yellow})), (frozenset({magenta}), frozenset({blue}))) x 0: 0.8571428571428571, ((frozenset({yellow}), frozenset({green})), (frozenset({magenta}), frozenset({blue}))) x 0: 1.0, ((frozenset({magenta}), frozenset({green})), (frozenset({blue}), frozenset({yellow}))) x 0: 0.5, ((frozenset({blue}), frozenset({yellow})), (frozenset({yellow}), frozenset({green}))) x 0: 1.0, ((frozenset({magenta}), frozenset({yellow})), (frozenset({yellow}), frozenset({green}))) x 0: 0.6666666666666666, ((frozenset({green}), frozenset({yellow})), (frozenset({yellow}), frozenset({blue}))) x 0: 1.0, ((frozenset({blue}), frozenset({green})), (frozenset({magenta}), frozenset({green}))) x 0: 1.0, ((frozenset({yellow}), frozenset({blue})), (frozenset({blue}), frozenset({magenta}))) x 0: 1.0, ((frozenset({yellow}), frozenset({magenta})), (frozenset({blue}), frozenset({magenta}))) x 0: 1.0, ((frozenset({magenta}), frozenset({yellow})), (frozenset({green}), frozenset({blue}))) x 0: 1.0, ((frozenset({green}), frozenset({blue})), (frozenset({yellow}), frozenset({magenta}))) x 0: 1.0, ((frozenset({yellow}), frozenset({green})), (frozenset({green}), frozenset({magenta}))) x 0: 1.0, ((frozenset({yellow}), frozenset({green})), (frozenset({blue}), frozenset({magenta}))) x 0: 1.0, ((frozenset({blue}), frozenset({yellow})), (frozenset({green}), frozenset({yellow}))) x 0: 0.6666666666666666, ((frozenset({blue}), frozenset({yellow})), (frozenset({magenta}), frozenset({green}))) x 0: 1.0, ((frozenset({blue}), frozenset({green})), (frozenset({green}), frozenset({yellow}))) x 0: 1.0, ((frozenset({green}), frozenset({blue})), (frozenset({yellow}), frozenset({blue}))) x 0: 0.75, ((frozenset({blue}), frozenset({green})), (frozenset({yellow}), frozenset({green}))) x 0: 1.0, ((frozenset({yellow}), frozenset({green})), (frozenset({magenta}), frozenset({green}))) x 0: 1.0, ((frozenset({blue}), frozenset({magenta})), (frozenset({yellow}), frozenset({green}))) x 0: 0.0, ((frozenset({green}), frozenset({yellow})), (frozenset({magenta}), frozenset({yellow}))) x 0: 1.0, ((frozenset({yellow}), frozenset({green})), (frozenset({blue}), frozenset({green}))) x 0: 1.0, ((frozenset({green}), frozenset({blue})), (frozenset({blue}), frozenset({magenta}))) x 0: 1.0, ((frozenset({blue}), frozenset({green})), (frozenset({magenta}), frozenset({yellow}))) x 0: 1.0, ((frozenset({magenta}), frozenset({green})), (frozenset({blue}), frozenset({green}))) x 0: 0.5, ((frozenset({green}), frozenset({magenta})), (frozenset({yellow}), frozenset({magenta}))) x 0: 0.8, ((frozenset({yellow}), frozenset({magenta})), (frozenset({green}), frozenset({magenta}))) x 0: 0.6666666666666666, ((frozenset({magenta}), frozenset({green})), (frozenset({yellow}), frozenset({blue}))) x 0: 1.0, ((frozenset({green}), frozenset({yellow})), (frozenset({yellow}), frozenset({magenta}))) x 0: 1.0, ((frozenset({magenta}), frozenset({blue})), (frozenset({blue}), frozenset({green}))) x 0: 1.0, ((frozenset({green}), frozenset({blue})), (frozenset({magenta}), frozenset({blue}))) x 0: 1.0, ((frozenset({green}), frozenset({yellow})), (frozenset({blue}), frozenset({magenta}))) x 0: 1.0, ((frozenset({green}), frozenset({yellow})), (frozenset({blue}), frozenset({yellow}))) x 0: 0.5, ((frozenset({yellow}), frozenset({blue})), (frozenset({magenta}), frozenset({blue}))) x 0: 1.0, ((frozenset({blue}), frozenset({magenta})), (frozenset({green}), frozenset({yellow}))) x 0: 1.0, ((frozenset({yellow}), frozenset({blue})), (frozenset({magenta}), frozenset({green}))) x 0: 1.0, ((frozenset({magenta}), frozenset({yellow})), (frozenset({green}), frozenset({yellow}))) x 0: 1.0, ((frozenset({magenta}), frozenset({blue})), (frozenset({green}), frozenset({yellow}))) x 0: 1.0, ((frozenset({magenta}), frozenset({blue})), (frozenset({green}), frozenset({blue}))) x 0: 1.0, ((frozenset({blue}), frozenset({yellow})), (frozenset({magenta}), frozenset({yellow}))) x 0: 1.0, ((frozenset({magenta}), frozenset({yellow})), (frozenset({blue}), frozenset({yellow}))) x 0: 1.0}",1.6909303925931454,0.043734011742834686,4980736,372.64739884393066,176.77400567625705,0.009204300833516754,0:01:14,0.7398843930635838,0.6597196711016767,258.2974702328105,0.861271676300578,0.3456628066526255,0.6139884125441313,0.0038664192470605485,0.06936416184971098,0.25407238122353654
0.31576699521457485,0.0015746472033156742,"{((frozenset({blue}), frozenset({green})), (frozenset({green}), frozenset({magenta}))) x 0: 0.8, ((frozenset({yellow}), frozenset({magenta})), (frozenset({magenta}), frozenset({green}))) x 0: 0.5, ((frozenset({yellow}), frozenset({blue})), (frozenset({blue}), frozenset({magenta}))) x 0: 1.0, ((frozenset({yellow}), frozenset({green})), (frozenset({magenta}), frozenset({blue}))) x 0: 1.0, ((frozenset({blue}), frozenset({yellow})), (frozenset({yellow}), frozenset({green}))) x 0: 0.6666666666666666, ((frozenset({magenta}), frozenset({yellow})), (frozenset({green}), frozenset({blue}))) x 0: 1.0, ((frozenset({magenta}), frozenset({blue})), (frozenset({yellow}), frozenset({blue}))) x 0: 0.5, ((frozenset({blue}), frozenset({green})), (frozenset({magenta}), frozenset({green}))) x 0: 1.0, ((frozenset({magenta}), frozenset({blue})), (frozenset({blue}), frozenset({yellow}))) x 0: 0.0, ((frozenset({green}), frozenset({magenta})), (frozenset({yellow}), frozenset({magenta}))) x 0: 1.0, ((frozenset({blue}), frozenset({magenta})), (frozenset({yellow}), frozenset({green}))) x 0: 0.8333333333333334, ((frozenset({yellow}), frozenset({green})), (frozenset({blue}), frozenset({magenta}))) x 0: 0.5, ((frozenset({magenta}), frozenset({yellow})), (frozenset({blue}), frozenset({green}))) x 0: 1.0, ((frozenset({magenta}), frozenset({green})), (frozenset({blue}), frozenset({green}))) x 0: 0.7142857142857143, ((frozenset({green}), frozenset({magenta})), (frozenset({blue}), frozenset({yellow}))) x 0: 1.0, ((frozenset({yellow}), frozenset({blue})), (frozenset({blue}), frozenset({green}))) x 0: 1.0, ((frozenset({magenta}), frozenset({yellow})), (frozenset({blue}), frozenset({yellow}))) x 0: 1.0, ((frozenset({green}), frozenset({magenta})), (frozenset({magenta}), frozenset({blue}))) x 0: 1.0, ((frozenset({magenta}), frozenset({blue})), (frozenset({blue}), frozenset({green}))) x 0: 1.0, ((frozenset({blue}), frozenset({yellow})), (frozenset({magenta}), frozenset({green}))) x 0: 1.0, ((frozenset({yellow}), frozenset({magenta})), (frozenset({green}), frozenset({blue}))) x 0: 0.8333333333333334, ((frozenset({blue}), frozenset({green})), (frozenset({yellow}), frozenset({magenta}))) x 0: 1.0, ((frozenset({magenta}), frozenset({green})), (frozenset({green}), frozenset({blue}))) x 0: 1.0, ((frozenset({blue}), frozenset({yellow})), (frozenset({green}), frozenset({yellow}))) x 0: 0.5, ((frozenset({yellow}), frozenset({green})), (frozenset({green}), frozenset({blue}))) x 0: 1.0, ((frozenset({blue}), frozenset({yellow})), (frozenset({yellow}), frozenset({magenta}))) x 0: 1.0, ((frozenset({green}), frozenset({blue})), (frozenset({blue}), frozenset({magenta}))) x 0: 0.3333333333333333, ((frozenset({blue}), frozenset({green})), (frozenset({yellow}), frozenset({green}))) x 0: 1.0, ((frozenset({green}), frozenset({yellow})), (frozenset({yellow}), frozenset({magenta}))) x 0: 1.0, ((frozenset({magenta}), frozenset({yellow})), (frozenset({green}), frozenset({yellow}))) x 0: 0.0, ((frozenset({green}), frozenset({yellow})), (frozenset({blue}), frozenset({yellow}))) x 0: 1.0, ((frozenset({yellow}), frozenset({green})), (frozenset({blue}), frozenset({green}))) x 0: 0.5, ((frozenset({green}), frozenset({blue})), (frozenset({magenta}), frozenset({blue}))) x 0: 1.0, ((frozenset({blue}), frozenset({green})), (frozenset({magenta}), frozenset({yellow}))) x 0: 0.5, ((frozenset({magenta}), frozenset({yellow})), (frozenset({yellow}), frozenset({blue}))) x 0: 1.0, ((frozenset({yellow}), frozenset({blue})), (frozenset({magenta}), frozenset({blue}))) x 0: 1.0, ((frozenset({magenta}), frozenset({green})), (frozenset({yellow}), frozenset({blue}))) x 0: 1.0, ((frozenset({magenta}), frozenset({green})), (frozenset({blue}), frozenset({yellow}))) x 0: 0.75, ((frozenset({magenta}), frozenset({green})), (frozenset({yellow}), frozenset({green}))) x 0: 1.0, ((frozenset({green}), frozenset({magenta})), (frozenset({blue}), frozenset({magenta}))) x 0: 1.0, ((frozenset({yellow}), frozenset({magenta})), (frozenset({magenta}), frozenset({blue}))) x 0: 1.0, ((frozenset({yellow}), frozenset({blue})), (frozenset({magenta}), frozenset({green}))) x 0: 0.75, ((frozenset({green}), frozenset({magenta})), (frozenset({yellow}), frozenset({blue}))) x 0: 1.0, ((frozenset({magenta}), frozenset({blue})), (frozenset({yellow}), frozenset({green}))) x 0: 1.0, ((frozenset({yellow}), frozenset({magenta})), (frozenset({green}), frozenset({magenta}))) x 0: 0.8333333333333334, ((frozenset({blue}), frozenset({green})), (frozenset({green}), frozenset({yellow}))) x 0: 0.6666666666666666, ((frozenset({blue}), frozenset({yellow})), (frozenset({green}), frozenset({magenta}))) x 0: 1.0, ((frozenset({green}), frozenset({yellow})), (frozenset({magenta}), frozenset({blue}))) x 0: 0.75, ((frozenset({blue}), frozenset({magenta})), (frozenset({yellow}), frozenset({magenta}))) x 0: 1.0, ((frozenset({blue}), frozenset({magenta})), (frozenset({magenta}), frozenset({green}))) x 0: 0.0, ((frozenset({yellow}), frozenset({blue})), (frozenset({green}), frozenset({magenta}))) x 0: 1.0, ((frozenset({blue}), frozenset({magenta})), (frozenset({magenta}), frozenset({yellow}))) x 0: 1.0, ((frozenset({blue}), frozenset({yellow})), (frozenset({magenta}), frozenset({yellow}))) x 0: 1.0, ((frozenset({green}), frozenset({yellow})), (frozenset({blue}), frozenset({magenta}))) x 0: 0.6666666666666666, ((frozenset({blue}), frozenset({magenta})), (frozenset({green}), frozenset({yellow}))) x 0: 1.0, ((frozenset({yellow}), frozenset({green})), (frozenset({magenta}), frozenset({green}))) x 0: 1.0, ((frozenset({magenta}), frozenset({green})), (frozenset({green}), frozenset({yellow}))) x 0: 0.0, ((frozenset({blue}), frozenset({magenta})), (frozenset({green}), frozenset({magenta}))) x 0: 1.0}",1.6914398148655891,0.051241272643512845,5046272,385.9428571428571,205.20191350502182,0.00968493647815194,0:00:00,0.6914285714285714,0.6983128355733772,256.64432042163025,0.8285714285714286,0.3768830273792263,0.5878238454461098,0.005259015328192618,0.09714285714285714,0.29615219473942717
