adr,arps,avg_goal_success,entropy,grad_norm,num_steps,num_steps_per_episode_mean,num_steps_per_episode_std,policy_loss,remaining,return_per_episode_mean,return_per_episode_std,sps,success_per_episode_mean,success_per_episode_std,value,value_loss,violation_per_episode_mean,violation_per_episode_std
-0.015267513051906939,-9.326065884037253e-05,"{((frozenset({blue}), frozenset()),) x 0: 0.125, ((frozenset({magenta}), frozenset()),) x 0: 0.06666666666666667, ((frozenset({yellow}), frozenset()),) x 0: 0.08333333333333333, ((frozenset({green}), frozenset()),) x 0: 0.21428571428571427}",1.1058139018714428,0.0415193330352133,65536,882.4057971014493,196.26382117605246,-0.006484186578745721,6:37:02,-0.10144927536231885,0.5683672913370312,207.1380161804522,0.11594202898550725,0.32015539180252933,-0.11801095772534609,0.005455133315990679,0.0,0.0
-0.022692801564760372,-0.00011800554229171082,"{((frozenset({green}), frozenset()),) x 0: 0.05263157894736842, ((frozenset({yellow}), frozenset()),) x 0: 0.05263157894736842, ((frozenset({magenta}), frozenset()),) x 0: 0.0, ((frozenset({blue}), frozenset()),) x 0: 0.0}",1.151489045470953,0.016950774638366327,131072,945.530303030303,156.20055287382945,-0.00510376256715972,6:48:08,-0.09090909090909091,0.37848472717566045,198.82708151770896,0.030303030303030304,0.17141982574219336,-0.1141617395915091,0.001438638819308835,0.0,0.0
0.01352770177817249,8.460062545547885e-05,"{((frozenset({yellow}), frozenset()),) x 0: 0.0, ((frozenset({blue}), frozenset()),) x 0: 0.043478260869565216, ((frozenset({magenta}), frozenset()),) x 0: 0.08333333333333333, ((frozenset({green}), frozenset()),) x 0: 0.2222222222222222}",1.1792696118354797,0.023608376831918985,196608,937.4117647058823,170.17665866889425,-0.006441644625738263,8:45:23,0.014705882352941176,0.40193089319754255,152.37492046411225,0.08823529411764706,0.2836367870880281,-0.09859910234808922,0.0016914920270210132,0.0,0.0
0.026147105616449364,0.00016390576904085538,"{((frozenset({green}), frozenset()),) x 0: 0.0, ((frozenset({yellow}), frozenset()),) x 0: 0.05, ((frozenset({blue}), frozenset()),) x 0: 0.05, ((frozenset({magenta}), frozenset()),) x 0: 0.2222222222222222}",1.206305205821991,0.016338340148691892,262144,958.0140845070423,146.72226258082964,-0.007421100715873763,7:39:21,0.056338028169014086,0.33091098942171066,171.90294409947856,0.08450704225352113,0.2781467275793169,-0.09589623962529004,0.001414998132531764,0.0,0.0
0.029088052484408426,0.00017457340093588288,"{((frozenset({yellow}), frozenset()),) x 0: 0.05555555555555555, ((frozenset({magenta}), frozenset()),) x 0: 0.058823529411764705, ((frozenset({green}), frozenset()),) x 0: 0.23529411764705882, ((frozenset({blue}), frozenset()),) x 0: 0.13333333333333333}",1.2602177634835243,0.02006876664356457,327680,969.9701492537314,107.14197167313831,-0.0072535591025371104,7:29:58,0.11940298507462686,0.32426210421493185,173.0577035061332,0.11940298507462686,0.32426210421493185,-0.07411081506870687,0.001383862050715834,0.0,0.0
0.026007198268836716,0.00015048363248611324,"{((frozenset({yellow}), frozenset()),) x 0: 0.0, ((frozenset({green}), frozenset()),) x 0: 0.1, ((frozenset({blue}), frozenset()),) x 0: 0.3333333333333333, ((frozenset({magenta}), frozenset()),) x 0: 0.13043478260869565}",1.3067955113947392,0.021061744954778763,393216,914.2428571428571,179.4534906490326,-0.005977662935038097,7:38:07,0.05714285714285714,0.47466422073817577,167.5960372688331,0.14285714285714285,0.3499271061118826,-0.0720831633079797,0.0022904891666257754,0.0,0.0
0.04239110701553094,0.00034056872765203115,"{((frozenset({green}), frozenset()),) x 0: 0.047619047619047616, ((frozenset({yellow}), frozenset()),) x 0: 0.1111111111111111, ((frozenset({magenta}), frozenset()),) x 0: 0.23529411764705882, ((frozenset({blue}), frozenset()),) x 0: 0.1111111111111111}",1.3447907082736492,0.01933475798155325,458752,929.6756756756756,201.62536225788793,-0.005515112112334464,7:39:47,0.08108108108108109,0.39444647349530876,164.61078160657937,0.12162162162162163,0.3268482870931844,-0.05491152044851333,0.0017278153918596217,0.0,0.0
0.10194369923477054,0.0007291778304502206,"{((frozenset({green}), frozenset()),) x 0: 0.3, ((frozenset({yellow}), frozenset()),) x 0: 0.0, ((frozenset({blue}), frozenset()),) x 0: 0.42105263157894735, ((frozenset({magenta}), frozenset()),) x 0: 0.2631578947368421}",1.3504070453345776,0.0294271969201641,524288,866.0,251.1973460581673,-0.008894478582078591,6:51:12,0.24,0.4572380853195266,181.40407406955273,0.25333333333333335,0.43492017147466905,-0.04569835588335991,0.0030754843282920774,0.0,0.0
0.03679902305973689,0.00022455284956133528,"{((frozenset({blue}), frozenset()),) x 0: 0.3333333333333333, ((frozenset({green}), frozenset()),) x 0: 0.0, ((frozenset({magenta}), frozenset()),) x 0: 0.11764705882352941, ((frozenset({yellow}), frozenset()),) x 0: 0.11538461538461539}",1.4401506409049034,0.016823677208692614,589824,949.1594202898551,143.9901992627342,-0.0051390543449088,6:50:54,0.11594202898550725,0.362608579802806,178.88223481026887,0.13043478260869565,0.33678116053977547,-0.044259088463149965,0.0015539455034740968,0.0,0.0
0.10325015601507849,0.0008077995361726135,"{((frozenset({magenta}), frozenset()),) x 0: 0.2916666666666667, ((frozenset({blue}), frozenset()),) x 0: 0.36363636363636365, ((frozenset({yellow}), frozenset()),) x 0: 0.15789473684210525, ((frozenset({green}), frozenset()),) x 0: 0.1111111111111111}",1.484559889882803,0.02761994784455949,655360,878.0972222222222,262.3098337485136,-0.006834808315034024,7:45:19,0.2222222222222222,0.41573970964154905,155.6146674186303,0.2222222222222222,0.41573970964154905,-0.027422576094977558,0.0023092929914128035,0.0,0.0
0.08662306042438235,0.0006090921884953411,"{((frozenset({yellow}), frozenset()),) x 0: 0.125, ((frozenset({blue}), frozenset()),) x 0: 0.3181818181818182, ((frozenset({magenta}), frozenset()),) x 0: 0.21428571428571427, ((frozenset({green}), frozenset()),) x 0: 0.06666666666666667}",1.5423860177397728,0.022184889037867653,720896,893.6533333333333,247.7565199052399,-0.005485598143422976,6:56:17,0.17333333333333334,0.4122566622330749,171.3188656017485,0.18666666666666668,0.38964371189873215,-0.01288619301340077,0.0018616602192196297,0.0,0.0
0.10818574233821067,0.0007564621676878086,"{((frozenset({magenta}), frozenset()),) x 0: 0.2857142857142857, ((frozenset({green}), frozenset()),) x 0: 0.07692307692307693, ((frozenset({blue}), frozenset()),) x 0: 0.4, ((frozenset({yellow}), frozenset()),) x 0: 0.375}",1.5615836828947067,0.0226617253985243,786432,870.3098591549295,256.9645994991427,-0.006696207288769074,6:36:00,0.2535211267605634,0.43502662567550704,177.3352530545364,0.2535211267605634,0.43502662567550704,-0.003742748502190807,0.0023296748477150686,0.0,0.0
0.09691367897152764,0.0007635035685353508,"{((frozenset({yellow}), frozenset()),) x 0: 0.058823529411764705, ((frozenset({green}), frozenset()),) x 0: 0.3076923076923077, ((frozenset({magenta}), frozenset()),) x 0: 0.1, ((frozenset({blue}), frozenset()),) x 0: 0.3125}",1.5752346962690353,0.025728590241854685,851968,890.7215189873418,262.2279391456576,-0.005224770866334438,6:52:05,0.20253164556962025,0.4018862750984189,167.76047379966113,0.20253164556962025,0.4018862750984189,0.008206956909816654,0.0020436816030269256,0.0,0.0
0.11635667573172642,0.000871159510361794,"{((frozenset({magenta}), frozenset()),) x 0: 0.15, ((frozenset({yellow}), frozenset()),) x 0: 0.34782608695652173, ((frozenset({green}), frozenset()),) x 0: 0.1, ((frozenset({blue}), frozenset()),) x 0: 0.46153846153846156}",1.6157403327524662,0.024424585829730366,917504,860.3947368421053,272.7584761067722,-0.0054593766399193555,7:04:41,0.25,0.4330127018922193,160.21105051475985,0.25,0.4330127018922193,0.016197936871321872,0.0022743025110685267,0.0,0.0
0.07046321916582866,0.00043370434469243316,"{((frozenset({magenta}), frozenset()),) x 0: 0.19047619047619047, ((frozenset({green}), frozenset()),) x 0: 0.08695652173913043, ((frozenset({blue}), frozenset()),) x 0: 0.3333333333333333, ((frozenset({yellow}), frozenset()),) x 0: 0.1875}",1.634560216218233,0.01985051749054198,983040,912.8840579710145,212.0875220097319,-0.0032233129495580215,6:13:18,0.17391304347826086,0.37903469074266727,179.3412918159918,0.17391304347826086,0.37903469074266727,0.01700298278592527,0.0014254752331908094,0.0,0.0
0.1773736261788333,0.001508023754704541,"{((frozenset({green}), frozenset()),) x 0: 0.13043478260869565, ((frozenset({blue}), frozenset()),) x 0: 0.7692307692307693, ((frozenset({yellow}), frozenset()),) x 0: 0.42857142857142855, ((frozenset({magenta}), frozenset()),) x 0: 0.2777777777777778}",1.6375044286251068,0.029190362478776277,1048576,791.0,319.54006581106006,-0.007805154178640805,6:13:32,0.36585365853658536,0.48166872336906086,176.30798542609443,0.36585365853658536,0.48166872336906086,0.034766013035550714,0.002867626095394371,0.0,0.0
0.19567849788876573,0.0014992318784620442,"{((frozenset({magenta}), frozenset()),) x 0: 0.5, ((frozenset({yellow}), frozenset()),) x 0: 0.3684210526315789, ((frozenset({blue}), frozenset()),) x 0: 0.9285714285714286, ((frozenset({green}), frozenset()),) x 0: 0.14285714285714285}",1.626942753791809,0.030899348850526906,1114112,773.6067415730337,326.33968027324437,-0.009172540536383167,6:57:51,0.42696629213483145,0.49463731916977843,154.99382275106848,0.42696629213483145,0.49463731916977843,0.049201986636035144,0.00322373271046672,0.0,0.0
0.17361836627233918,0.0013521158654643058,"{((frozenset({green}), frozenset()),) x 0: 0.2222222222222222, ((frozenset({magenta}), frozenset()),) x 0: 0.45, ((frozenset({yellow}), frozenset()),) x 0: 0.4166666666666667, ((frozenset({blue}), frozenset()),) x 0: 0.5}",1.6594024263322353,0.03439828014960461,1179648,795.3780487804878,326.05927338759494,-0.006508371719974093,5:36:37,0.34146341463414637,0.4742005389078922,189.14998765781428,0.34146341463414637,0.4742005389078922,0.04245382244698703,0.0031786942017788533,0.0,0.0
0.13673402536782525,0.0008765913272715958,"{((frozenset({yellow}), frozenset()),) x 0: 0.4782608695652174, ((frozenset({green}), frozenset()),) x 0: 0.11764705882352941, ((frozenset({magenta}), frozenset()),) x 0: 0.25, ((frozenset({blue}), frozenset()),) x 0: 0.8571428571428571}",1.6528492644429207,0.03307230143835803,1245184,833.7125,282.8455936438643,-0.0049549523027963005,5:22:27,0.3125,0.46351240544347894,194.07407207122912,0.3125,0.46351240544347894,0.05195378896314651,0.0020488809823291376,0.0,0.0
0.24135947500825994,0.002113292534364937,"{((frozenset({green}), frozenset()),) x 0: 0.38235294117647056, ((frozenset({yellow}), frozenset()),) x 0: 0.4, ((frozenset({magenta}), frozenset()),) x 0: 0.4642857142857143, ((frozenset({blue}), frozenset()),) x 0: 0.5}",1.64716038107872,0.029707478246566374,1310720,715.2555555555556,364.75235316006183,-0.00820848936564289,6:44:05,0.4222222222222222,0.4939135726865081,152.16206309556486,0.4222222222222222,0.4939135726865081,0.06547246489208192,0.0029868017518310808,0.0,0.0
0.3038257095536305,0.002542740107447392,"{((frozenset({blue}), frozenset()),) x 0: 0.7419354838709677, ((frozenset({green}), frozenset()),) x 0: 0.41379310344827586, ((frozenset({magenta}), frozenset()),) x 0: 0.5909090909090909, ((frozenset({yellow}), frozenset()),) x 0: 0.5714285714285714}",1.593975704163313,0.03735956785587241,1376256,636.757281553398,357.7338183301602,-0.012743917817715555,4:46:36,0.5825242718446602,0.49314272229904055,210.72324978987234,0.5825242718446602,0.49314272229904055,0.09897153731435537,0.003185099885740783,0.0,0.0
0.3409141418293284,0.0028654575793792933,"{((frozenset({blue}), frozenset()),) x 0: 0.782608695652174, ((frozenset({green}), frozenset()),) x 0: 0.4827586206896552, ((frozenset({magenta}), frozenset()),) x 0: 0.6111111111111112, ((frozenset({yellow}), frozenset()),) x 0: 0.6956521739130435}",1.6005018055438995,0.04199315471773259,1441792,590.3783783783783,358.7491797160237,-0.014429794071475044,6:03:33,0.6306306306306306,0.4826340625577973,163.11993340283672,0.6306306306306306,0.4826340625577973,0.11608677706681192,0.003497313467960339,0.0,0.0
0.3135725084394668,0.002792972752585092,"{((frozenset({green}), frozenset()),) x 0: 0.4375, ((frozenset({yellow}), frozenset()),) x 0: 0.6538461538461539, ((frozenset({blue}), frozenset()),) x 0: 0.92, ((frozenset({magenta}), frozenset()),) x 0: 0.6086956521739131}",1.606821559369564,0.040248337970400457,1507328,634.066037735849,352.8381228297706,-0.012313120678300038,6:16:52,0.6415094339622641,0.4795571708354277,154.46021908015808,0.6415094339622641,0.4795571708354277,0.12786197708919644,0.0029449001667671837,0.0,0.0
0.40404192168124486,0.0035634519478094664,"{((frozenset({green}), frozenset()),) x 0: 0.7027027027027027, ((frozenset({magenta}), frozenset()),) x 0: 0.6944444444444444, ((frozenset({blue}), frozenset()),) x 0: 0.8695652173913043, ((frozenset({yellow}), frozenset()),) x 0: 0.8333333333333334}",1.5927129313349724,0.042046058194789813,1572864,520.75,343.8888931520373,-0.017951031011762097,5:30:38,0.7583333333333333,0.42809331796804406,172.75184680769442,0.7583333333333333,0.42809331796804406,0.14980821078643203,0.003435978607740253,0.0,0.0
0.4451998470917774,0.004001332716284918,"{((frozenset({green}), frozenset()),) x 0: 0.72, ((frozenset({blue}), frozenset()),) x 0: 1.0, ((frozenset({magenta}), frozenset()),) x 0: 0.75, ((frozenset({yellow}), frozenset()),) x 0: 0.7037037037037037}",1.5685263648629189,0.04946391303574857,1638400,475.31205673758865,345.89436207141495,-0.02048334205755964,5:33:43,0.7801418439716312,0.4141503920753598,167.88444409599634,0.7801418439716312,0.4141503920753598,0.18563329055905342,0.003100956470007077,0.0,0.0
0.436314054758351,0.004047209425814866,"{((frozenset({blue}), frozenset()),) x 0: 1.0, ((frozenset({yellow}), frozenset()),) x 0: 0.8571428571428571, ((frozenset({magenta}), frozenset()),) x 0: 0.5909090909090909, ((frozenset({green}), frozenset()),) x 0: 0.75}",1.5784853994846344,0.04898000112456498,1703936,489.18978102189783,360.35759880937724,-0.01613180074491538,6:02:09,0.7518248175182481,0.4319540036646275,151.68553322771982,0.7518248175182481,0.4319540036646275,0.21153785986825824,0.0028463237395044416,0.0,0.0
0.506568709151735,0.00472438417640206,"{((frozenset({yellow}), frozenset()),) x 0: 0.9032258064516129, ((frozenset({green}), frozenset()),) x 0: 0.8780487804878049, ((frozenset({magenta}), frozenset()),) x 0: 0.8225806451612904, ((frozenset({blue}), frozenset()),) x 0: 1.0}",1.5488001331686974,0.048068474897206746,1769472,413.11464968152865,328.54266062275855,-0.023510987521149218,5:24:00,0.8789808917197452,0.32614948062400273,166.17893337187448,0.8789808917197452,0.32614948062400273,0.2434855834580958,0.0029750389367109165,0.0,0.0
0.2686308652087734,0.001695127418463533,"{((frozenset({magenta}), frozenset()),) x 0: 0.6666666666666666, ((frozenset({green}), frozenset()),) x 0: 1.0, ((frozenset({yellow}), frozenset()),) x 0: 0.5, ((frozenset({blue}), frozenset()),) x 0: 1.0, ((frozenset({blue}), frozenset()), (frozenset({magenta}), frozenset())) x 0: 0.9166666666666666, ((frozenset({blue}), frozenset()), (frozenset({green}), frozenset())) x 0: 0.8333333333333334, ((frozenset({yellow}), frozenset()), (frozenset({green}), frozenset())) x 0: 0.8888888888888888, ((frozenset({green}), frozenset()), (frozenset({blue}), frozenset())) x 0: 1.0, ((frozenset({green}), frozenset()), (frozenset({yellow}), frozenset())) x 0: 0.8, ((frozenset({yellow}), frozenset()), (frozenset({blue}), frozenset())) x 0: 0.8, ((frozenset({blue}), frozenset()), (frozenset({yellow}), frozenset())) x 0: 1.0, ((frozenset({magenta}), frozenset()), (frozenset({yellow}), frozenset())) x 0: 0.375, ((frozenset({magenta}), frozenset()), (frozenset({blue}), frozenset())) x 0: 0.5, ((frozenset({yellow}), frozenset()), (frozenset({magenta}), frozenset())) x 0: 0.875, ((frozenset({magenta}), frozenset()), (frozenset({green}), frozenset())) x 0: 0.375, ((frozenset({green}), frozenset()), (frozenset({magenta}), frozenset())) x 0: 0.5}",1.5180897191166878,0.07321367686705184,1835008,673.4845360824743,270.3035374133806,-0.0029925969338364666,5:43:01,0.7525773195876289,0.4315144234320897,153.77608369983187,0.7525773195876289,0.4315144234320897,0.3282446702942252,0.007152104444685392,0.0,0.0
0.2786203090362476,0.0017293625035284938,"{((frozenset({green}), frozenset()), (frozenset({blue}), frozenset())) x 0: 0.8, ((frozenset({yellow}), frozenset()), (frozenset({magenta}), frozenset())) x 0: 0.5714285714285714, ((frozenset({blue}), frozenset()), (frozenset({yellow}), frozenset())) x 0: 1.0, ((frozenset({blue}), frozenset()), (frozenset({green}), frozenset())) x 0: 0.5555555555555556, ((frozenset({blue}), frozenset()), (frozenset({magenta}), frozenset())) x 0: 0.875, ((frozenset({yellow}), frozenset()), (frozenset({blue}), frozenset())) x 0: 1.0, ((frozenset({magenta}), frozenset()), (frozenset({yellow}), frozenset())) x 0: 0.7894736842105263, ((frozenset({magenta}), frozenset()), (frozenset({blue}), frozenset())) x 0: 0.8181818181818182, ((frozenset({green}), frozenset()), (frozenset({yellow}), frozenset())) x 0: 0.75, ((frozenset({magenta}), frozenset()), (frozenset({green}), frozenset())) x 0: 0.5454545454545454, ((frozenset({yellow}), frozenset()), (frozenset({green}), frozenset())) x 0: 0.75, ((frozenset({green}), frozenset()), (frozenset({magenta}), frozenset())) x 0: 0.42857142857142855}",1.5361747108399868,0.062149883639133645,1900544,661.69,288.06289920779454,-0.0015605270974674568,6:07:06,0.74,0.4386342439892262,140.7138403610529,0.74,0.4386342439892262,0.33159853518009186,0.0044781027536373585,0.0,0.0
0.2976141592293363,0.0017708949356879462,"{((frozenset({magenta}), frozenset()), (frozenset({yellow}), frozenset())) x 0: 0.8571428571428571, ((frozenset({magenta}), frozenset()), (frozenset({green}), frozenset())) x 0: 0.6, ((frozenset({blue}), frozenset()), (frozenset({green}), frozenset())) x 0: 0.9230769230769231, ((frozenset({green}), frozenset()), (frozenset({blue}), frozenset())) x 0: 0.7777777777777778, ((frozenset({blue}), frozenset()), (frozenset({magenta}), frozenset())) x 0: 1.0, ((frozenset({green}), frozenset()), (frozenset({magenta}), frozenset())) x 0: 0.8095238095238095, ((frozenset({yellow}), frozenset()), (frozenset({green}), frozenset())) x 0: 0.75, ((frozenset({yellow}), frozenset()), (frozenset({blue}), frozenset())) x 0: 0.75, ((frozenset({magenta}), frozenset()), (frozenset({blue}), frozenset())) x 0: 1.0, ((frozenset({yellow}), frozenset()), (frozenset({magenta}), frozenset())) x 0: 0.8888888888888888, ((frozenset({blue}), frozenset()), (frozenset({yellow}), frozenset())) x 0: 1.0, ((frozenset({green}), frozenset()), (frozenset({yellow}), frozenset())) x 0: 0.6}",1.5585232339799404,0.05678423044807369,1966080,630.0388349514564,252.8973053148963,-0.00327701718742901,5:43:42,0.8252427184466019,0.3797593634098631,147.11834549722872,0.8252427184466019,0.3797593634098631,0.34604834858328104,0.003174752062477637,0.0,0.0
0.35278055685948284,0.0021401902326681098,"{((frozenset({blue}), frozenset()), (frozenset({magenta}), frozenset())) x 0: 1.0, ((frozenset({yellow}), frozenset()), (frozenset({magenta}), frozenset())) x 0: 0.8333333333333334, ((frozenset({magenta}), frozenset()), (frozenset({yellow}), frozenset())) x 0: 0.8571428571428571, ((frozenset({yellow}), frozenset()), (frozenset({green}), frozenset())) x 0: 0.7142857142857143, ((frozenset({magenta}), frozenset()), (frozenset({green}), frozenset())) x 0: 0.8125, ((frozenset({magenta}), frozenset()), (frozenset({blue}), frozenset())) x 0: 1.0, ((frozenset({green}), frozenset()), (frozenset({magenta}), frozenset())) x 0: 0.7272727272727273, ((frozenset({blue}), frozenset()), (frozenset({green}), frozenset())) x 0: 0.8333333333333334, ((frozenset({green}), frozenset()), (frozenset({blue}), frozenset())) x 0: 1.0, ((frozenset({blue}), frozenset()), (frozenset({yellow}), frozenset())) x 0: 1.0, ((frozenset({yellow}), frozenset()), (frozenset({blue}), frozenset())) x 0: 1.0, ((frozenset({green}), frozenset()), (frozenset({yellow}), frozenset())) x 0: 0.7857142857142857}",1.5531090199947357,0.04645695186206905,2031616,550.5409836065573,247.0892235325486,-0.006529919788590632,5:22:47,0.860655737704918,0.3463054126930756,153.269480936756,0.860655737704918,0.3463054126930756,0.37618254590779543,0.0024710747675271705,0.0,0.0
0.370742534525785,0.002308566051715275,"{((frozenset({magenta}), frozenset()), (frozenset({yellow}), frozenset())) x 0: 0.7142857142857143, ((frozenset({green}), frozenset()), (frozenset({blue}), frozenset())) x 0: 0.875, ((frozenset({magenta}), frozenset()), (frozenset({green}), frozenset())) x 0: 0.8461538461538461, ((frozenset({magenta}), frozenset()), (frozenset({blue}), frozenset())) x 0: 0.9090909090909091, ((frozenset({yellow}), frozenset()), (frozenset({green}), frozenset())) x 0: 1.0, ((frozenset({yellow}), frozenset()), (frozenset({magenta}), frozenset())) x 0: 1.0, ((frozenset({green}), frozenset()), (frozenset({yellow}), frozenset())) x 0: 0.75, ((frozenset({green}), frozenset()), (frozenset({magenta}), frozenset())) x 0: 0.8333333333333334, ((frozenset({yellow}), frozenset()), (frozenset({blue}), frozenset())) x 0: 1.0, ((frozenset({blue}), frozenset()), (frozenset({green}), frozenset())) x 0: 1.0, ((frozenset({blue}), frozenset()), (frozenset({yellow}), frozenset())) x 0: 1.0, ((frozenset({blue}), frozenset()), (frozenset({magenta}), frozenset())) x 0: 1.0}",1.552647653967142,0.04660805560394425,2097152,533.8032786885246,244.55290886667416,-0.007617379436851479,5:35:08,0.9016393442622951,0.2978016741735238,144.3574953963444,0.9016393442622951,0.2978016741735238,0.3957614814862609,0.0019659817007777747,0.0,0.0
0.3751432785394582,0.0022587242051640647,"{((frozenset({green}), frozenset()), (frozenset({magenta}), frozenset())) x 0: 0.9090909090909091, ((frozenset({yellow}), frozenset()), (frozenset({green}), frozenset())) x 0: 0.7692307692307693, ((frozenset({green}), frozenset()), (frozenset({yellow}), frozenset())) x 0: 0.8333333333333334, ((frozenset({green}), frozenset()), (frozenset({blue}), frozenset())) x 0: 1.0, ((frozenset({magenta}), frozenset()), (frozenset({blue}), frozenset())) x 0: 1.0, ((frozenset({magenta}), frozenset()), (frozenset({yellow}), frozenset())) x 0: 0.6842105263157895, ((frozenset({blue}), frozenset()), (frozenset({yellow}), frozenset())) x 0: 1.0, ((frozenset({magenta}), frozenset()), (frozenset({green}), frozenset())) x 0: 1.0, ((frozenset({yellow}), frozenset()), (frozenset({magenta}), frozenset())) x 0: 1.0, ((frozenset({blue}), frozenset()), (frozenset({magenta}), frozenset())) x 0: 1.0, ((frozenset({yellow}), frozenset()), (frozenset({blue}), frozenset())) x 0: 1.0, ((frozenset({blue}), frozenset()), (frozenset({green}), frozenset())) x 0: 0.8571428571428571}",1.5572461150586605,0.04906642408087718,2162688,522.0588235294117,239.825296852481,-0.005417315027443692,5:31:14,0.8907563025210085,0.31194472593732087,142.76484928302727,0.8907563025210085,0.31194472593732087,0.41500475723296404,0.0019211036087654065,0.0,0.0
0.3672828425064992,0.002244843958497374,"{((frozenset({green}), frozenset()), (frozenset({magenta}), frozenset())) x 0: 0.7777777777777778, ((frozenset({yellow}), frozenset()), (frozenset({green}), frozenset())) x 0: 0.8181818181818182, ((frozenset({yellow}), frozenset()), (frozenset({blue}), frozenset())) x 0: 0.9, ((frozenset({magenta}), frozenset()), (frozenset({green}), frozenset())) x 0: 0.9, ((frozenset({blue}), frozenset()), (frozenset({magenta}), frozenset())) x 0: 1.0, ((frozenset({yellow}), frozenset()), (frozenset({magenta}), frozenset())) x 0: 1.0, ((frozenset({magenta}), frozenset()), (frozenset({yellow}), frozenset())) x 0: 0.7222222222222222, ((frozenset({blue}), frozenset()), (frozenset({yellow}), frozenset())) x 0: 1.0, ((frozenset({green}), frozenset()), (frozenset({yellow}), frozenset())) x 0: 0.9375, ((frozenset({blue}), frozenset()), (frozenset({green}), frozenset())) x 0: 1.0, ((frozenset({magenta}), frozenset()), (frozenset({blue}), frozenset())) x 0: 0.875, ((frozenset({green}), frozenset()), (frozenset({blue}), frozenset())) x 0: 1.0}",1.5543741881847382,0.03960419079292649,2228224,535.536,240.9223457963167,-0.005148852811544202,5:01:08,0.896,0.30526054445342266,153.4006240443835,0.896,0.30526054445342266,0.4225013945251703,0.0016475897864438593,0.0,0.0
0.3958016149128416,0.0024433970248254806,"{((frozenset({yellow}), frozenset()), (frozenset({magenta}), frozenset())) x 0: 1.0, ((frozenset({magenta}), frozenset()), (frozenset({yellow}), frozenset())) x 0: 0.75, ((frozenset({yellow}), frozenset()), (frozenset({green}), frozenset())) x 0: 0.8571428571428571, ((frozenset({magenta}), frozenset()), (frozenset({green}), frozenset())) x 0: 0.8, ((frozenset({green}), frozenset()), (frozenset({yellow}), frozenset())) x 0: 0.9090909090909091, ((frozenset({green}), frozenset()), (frozenset({blue}), frozenset())) x 0: 1.0, ((frozenset({green}), frozenset()), (frozenset({magenta}), frozenset())) x 0: 0.875, ((frozenset({blue}), frozenset()), (frozenset({green}), frozenset())) x 0: 1.0, ((frozenset({magenta}), frozenset()), (frozenset({blue}), frozenset())) x 0: 1.0, ((frozenset({blue}), frozenset()), (frozenset({magenta}), frozenset())) x 0: 1.0, ((frozenset({yellow}), frozenset()), (frozenset({blue}), frozenset())) x 0: 1.0, ((frozenset({blue}), frozenset()), (frozenset({yellow}), frozenset())) x 0: 1.0}",1.5443293116986752,0.044156148142968345,2293760,500.4736842105263,241.90828371209582,-0.007244755557621829,5:10:39,0.9097744360902256,0.2865046448610173,145.18692869296854,0.9097744360902256,0.2865046448610173,0.4410594627261162,0.0015242714725900441,0.0,0.0
0.4087480711330419,0.0025709397545726023,"{((frozenset({blue}), frozenset()), (frozenset({green}), frozenset())) x 0: 0.9090909090909091, ((frozenset({magenta}), frozenset()), (frozenset({blue}), frozenset())) x 0: 0.9, ((frozenset({magenta}), frozenset()), (frozenset({yellow}), frozenset())) x 0: 0.6666666666666666, ((frozenset({green}), frozenset()), (frozenset({yellow}), frozenset())) x 0: 0.875, ((frozenset({green}), frozenset()), (frozenset({magenta}), frozenset())) x 0: 1.0, ((frozenset({magenta}), frozenset()), (frozenset({green}), frozenset())) x 0: 0.875, ((frozenset({green}), frozenset()), (frozenset({blue}), frozenset())) x 0: 1.0, ((frozenset({yellow}), frozenset()), (frozenset({green}), frozenset())) x 0: 0.7857142857142857, ((frozenset({blue}), frozenset()), (frozenset({magenta}), frozenset())) x 0: 0.9411764705882353, ((frozenset({yellow}), frozenset()), (frozenset({magenta}), frozenset())) x 0: 0.8333333333333334, ((frozenset({yellow}), frozenset()), (frozenset({blue}), frozenset())) x 0: 1.0, ((frozenset({blue}), frozenset()), (frozenset({yellow}), frozenset())) x 0: 1.0}",1.5685056559741497,0.04280849953827213,2359296,484.3021582733813,253.7232292197574,-0.008004932664334774,5:10:58,0.8848920863309353,0.31915212968084655,141.52932890907402,0.8848920863309353,0.31915212968084655,0.4372895024716854,0.0015014444288681261,0.0,0.0
0.3915183350130361,0.002415505441235081,"{((frozenset({yellow}), frozenset()), (frozenset({green}), frozenset())) x 0: 0.6875, ((frozenset({yellow}), frozenset()), (frozenset({blue}), frozenset())) x 0: 1.0, ((frozenset({magenta}), frozenset()), (frozenset({green}), frozenset())) x 0: 0.8461538461538461, ((frozenset({blue}), frozenset()), (frozenset({yellow}), frozenset())) x 0: 0.8888888888888888, ((frozenset({yellow}), frozenset()), (frozenset({magenta}), frozenset())) x 0: 1.0, ((frozenset({green}), frozenset()), (frozenset({magenta}), frozenset())) x 0: 1.0, ((frozenset({magenta}), frozenset()), (frozenset({yellow}), frozenset())) x 0: 0.8181818181818182, ((frozenset({green}), frozenset()), (frozenset({yellow}), frozenset())) x 0: 0.875, ((frozenset({blue}), frozenset()), (frozenset({green}), frozenset())) x 0: 0.75, ((frozenset({green}), frozenset()), (frozenset({blue}), frozenset())) x 0: 1.0, ((frozenset({magenta}), frozenset()), (frozenset({blue}), frozenset())) x 0: 0.8888888888888888, ((frozenset({blue}), frozenset()), (frozenset({magenta}), frozenset())) x 0: 0.875}",1.570345427840948,0.035990703965476364,2424832,506.45669291338584,257.33610351394606,-0.004609687879565172,4:46:38,0.8818897637795275,0.32273860680187705,149.73141080580024,0.8818897637795275,0.32273860680187705,0.4542336128652096,0.001503756644524401,0.0,0.0
0.3587721471691354,0.002208788874067772,"{((frozenset({blue}), frozenset()), (frozenset({green}), frozenset())) x 0: 0.7692307692307693, ((frozenset({magenta}), frozenset()), (frozenset({green}), frozenset())) x 0: 0.9090909090909091, ((frozenset({blue}), frozenset()), (frozenset({yellow}), frozenset())) x 0: 0.8333333333333334, ((frozenset({green}), frozenset()), (frozenset({blue}), frozenset())) x 0: 1.0, ((frozenset({yellow}), frozenset()), (frozenset({blue}), frozenset())) x 0: 1.0, ((frozenset({magenta}), frozenset()), (frozenset({yellow}), frozenset())) x 0: 0.7692307692307693, ((frozenset({green}), frozenset()), (frozenset({yellow}), frozenset())) x 0: 0.9, ((frozenset({yellow}), frozenset()), (frozenset({green}), frozenset())) x 0: 0.8571428571428571, ((frozenset({magenta}), frozenset()), (frozenset({blue}), frozenset())) x 0: 0.8888888888888888, ((frozenset({green}), frozenset()), (frozenset({magenta}), frozenset())) x 0: 0.875, ((frozenset({yellow}), frozenset()), (frozenset({magenta}), frozenset())) x 0: 0.3333333333333333, ((frozenset({blue}), frozenset()), (frozenset({magenta}), frozenset())) x 0: 0.875}",1.5874993838369846,0.03718636999483974,2490368,549.1282051282051,271.9677751920846,-0.0025416861062694807,4:52:55,0.8376068376068376,0.3688110941947251,142.79242578843386,0.8376068376068376,0.3688110941947251,0.4266850994899869,0.0011473768718133215,0.0,0.0
0.3370432819327598,0.0019620959052775834,"{((frozenset({magenta}), frozenset()), (frozenset({yellow}), frozenset())) x 0: 0.8333333333333334, ((frozenset({yellow}), frozenset()), (frozenset({magenta}), frozenset())) x 0: 0.7727272727272727, ((frozenset({blue}), frozenset()), (frozenset({yellow}), frozenset())) x 0: 0.875, ((frozenset({blue}), frozenset()), (frozenset({green}), frozenset())) x 0: 0.6153846153846154, ((frozenset({green}), frozenset()), (frozenset({yellow}), frozenset())) x 0: 0.8571428571428571, ((frozenset({yellow}), frozenset()), (frozenset({green}), frozenset())) x 0: 0.7142857142857143, ((frozenset({magenta}), frozenset()), (frozenset({blue}), frozenset())) x 0: 0.8333333333333334, ((frozenset({blue}), frozenset()), (frozenset({magenta}), frozenset())) x 0: 0.8461538461538461, ((frozenset({magenta}), frozenset()), (frozenset({green}), frozenset())) x 0: 0.875, ((frozenset({green}), frozenset()), (frozenset({magenta}), frozenset())) x 0: 1.0, ((frozenset({yellow}), frozenset()), (frozenset({blue}), frozenset())) x 0: 1.0, ((frozenset({green}), frozenset()), (frozenset({blue}), frozenset())) x 0: 1.0}",1.5890658497810364,0.036985425133918864,2555904,551.9421487603306,251.08848321916355,-0.002396004017782616,4:51:31,0.8264462809917356,0.3999521862004251,139.72728638374483,0.8347107438016529,0.3714414058552766,0.453489325940609,0.001485150663938839,0.0,0.0
0.3830166303972282,0.002370808503097343,"{((frozenset({green}), frozenset()), (frozenset({magenta}), frozenset())) x 0: 1.0, ((frozenset({blue}), frozenset()), (frozenset({green}), frozenset())) x 0: 0.6153846153846154, ((frozenset({yellow}), frozenset()), (frozenset({magenta}), frozenset())) x 0: 0.8181818181818182, ((frozenset({magenta}), frozenset()), (frozenset({blue}), frozenset())) x 0: 0.9285714285714286, ((frozenset({yellow}), frozenset()), (frozenset({green}), frozenset())) x 0: 0.9166666666666666, ((frozenset({yellow}), frozenset()), (frozenset({blue}), frozenset())) x 0: 1.0, ((frozenset({magenta}), frozenset()), (frozenset({green}), frozenset())) x 0: 1.0, ((frozenset({green}), frozenset()), (frozenset({yellow}), frozenset())) x 0: 0.875, ((frozenset({blue}), frozenset()), (frozenset({yellow}), frozenset())) x 0: 0.38461538461538464, ((frozenset({blue}), frozenset()), (frozenset({magenta}), frozenset())) x 0: 0.5555555555555556, ((frozenset({magenta}), frozenset()), (frozenset({yellow}), frozenset())) x 0: 0.6, ((frozenset({green}), frozenset()), (frozenset({blue}), frozenset())) x 0: 1.0}",1.6087136790156364,0.03630215986587179,2621440,507.968992248062,275.42116974543853,-0.0016244884687921513,3:19:04,0.7984496124031008,0.420037742144002,199.13999494004662,0.8062015503875969,0.3952728305110686,0.45369622483849525,0.001461281757656252,0.0,0.0
0.3768134631766318,0.0023436016687162237,"{((frozenset({blue}), frozenset()), (frozenset({magenta}), frozenset())) x 0: 0.6842105263157895, ((frozenset({green}), frozenset()), (frozenset({blue}), frozenset())) x 0: 0.9090909090909091, ((frozenset({magenta}), frozenset()), (frozenset({yellow}), frozenset())) x 0: 0.7272727272727273, ((frozenset({blue}), frozenset()), (frozenset({green}), frozenset())) x 0: 0.6153846153846154, ((frozenset({magenta}), frozenset()), (frozenset({blue}), frozenset())) x 0: 1.0, ((frozenset({blue}), frozenset()), (frozenset({yellow}), frozenset())) x 0: 0.8421052631578947, ((frozenset({yellow}), frozenset()), (frozenset({blue}), frozenset())) x 0: 1.0, ((frozenset({yellow}), frozenset()), (frozenset({magenta}), frozenset())) x 0: 0.75, ((frozenset({yellow}), frozenset()), (frozenset({green}), frozenset())) x 0: 0.5714285714285714, ((frozenset({green}), frozenset()), (frozenset({yellow}), frozenset())) x 0: 1.0, ((frozenset({magenta}), frozenset()), (frozenset({green}), frozenset())) x 0: 1.0, ((frozenset({green}), frozenset()), (frozenset({magenta}), frozenset())) x 0: 1.0}",1.6004202775657177,0.03539012941729344,2686976,520.3671875,284.14124654094104,-0.0006710336870128231,3:43:22,0.7890625,0.4079741059108409,172.58526655873388,0.7890625,0.4079741059108409,0.4501325786113739,0.001336979174084263,0.0,0.0
0.42605782286766963,0.0026583120420727606,"{((frozenset({blue}), frozenset()), (frozenset({green}), frozenset())) x 0: 0.8571428571428571, ((frozenset({blue}), frozenset()), (frozenset({magenta}), frozenset())) x 0: 0.6666666666666666, ((frozenset({blue}), frozenset()), (frozenset({yellow}), frozenset())) x 0: 0.9090909090909091, ((frozenset({magenta}), frozenset()), (frozenset({blue}), frozenset())) x 0: 1.0, ((frozenset({yellow}), frozenset()), (frozenset({green}), frozenset())) x 0: 0.96, ((frozenset({magenta}), frozenset()), (frozenset({yellow}), frozenset())) x 0: 0.7272727272727273, ((frozenset({green}), frozenset()), (frozenset({magenta}), frozenset())) x 0: 0.8, ((frozenset({magenta}), frozenset()), (frozenset({green}), frozenset())) x 0: 1.0, ((frozenset({green}), frozenset()), (frozenset({blue}), frozenset())) x 0: 1.0, ((frozenset({green}), frozenset()), (frozenset({yellow}), frozenset())) x 0: 0.8571428571428571, ((frozenset({yellow}), frozenset()), (frozenset({blue}), frozenset())) x 0: 1.0, ((frozenset({yellow}), frozenset()), (frozenset({magenta}), frozenset())) x 0: 1.0}",1.609453834593296,0.03422089065397511,2752512,460.5144927536232,249.70798120387866,-0.0046983218780951574,3:24:03,0.8840579710144928,0.3201553918025293,183.56060711615882,0.8840579710144928,0.3201553918025293,0.48503981344401836,0.0012108997343602823,0.0,0.0
0.4105360039923851,0.0025760690859170893,"{((frozenset({blue}), frozenset()), (frozenset({magenta}), frozenset())) x 0: 0.5, ((frozenset({yellow}), frozenset()), (frozenset({green}), frozenset())) x 0: 0.8888888888888888, ((frozenset({blue}), frozenset()), (frozenset({green}), frozenset())) x 0: 0.8333333333333334, ((frozenset({green}), frozenset()), (frozenset({magenta}), frozenset())) x 0: 1.0, ((frozenset({magenta}), frozenset()), (frozenset({blue}), frozenset())) x 0: 1.0, ((frozenset({yellow}), frozenset()), (frozenset({magenta}), frozenset())) x 0: 0.8333333333333334, ((frozenset({magenta}), frozenset()), (frozenset({yellow}), frozenset())) x 0: 0.8125, ((frozenset({yellow}), frozenset()), (frozenset({blue}), frozenset())) x 0: 1.0, ((frozenset({blue}), frozenset()), (frozenset({yellow}), frozenset())) x 0: 1.0, ((frozenset({magenta}), frozenset()), (frozenset({green}), frozenset())) x 0: 1.0, ((frozenset({green}), frozenset()), (frozenset({yellow}), frozenset())) x 0: 1.0, ((frozenset({green}), frozenset()), (frozenset({blue}), frozenset())) x 0: 1.0}",1.5932752639055252,0.029411775411666313,2818048,480.84892086330933,247.64795486576338,-0.004893720324616879,2:52:21,0.8920863309352518,0.3102713475229903,210.9861164152701,0.8920863309352518,0.3102713475229903,0.5110846664756536,0.0009260306323994882,0.0,0.0
0.4110417672343422,0.0025522896169683507,"{((frozenset({magenta}), frozenset()), (frozenset({yellow}), frozenset())) x 0: 0.8823529411764706, ((frozenset({blue}), frozenset()), (frozenset({magenta}), frozenset())) x 0: 0.6, ((frozenset({blue}), frozenset()), (frozenset({yellow}), frozenset())) x 0: 1.0, ((frozenset({green}), frozenset()), (frozenset({magenta}), frozenset())) x 0: 1.0, ((frozenset({green}), frozenset()), (frozenset({blue}), frozenset())) x 0: 1.0, ((frozenset({yellow}), frozenset()), (frozenset({blue}), frozenset())) x 0: 1.0, ((frozenset({magenta}), frozenset()), (frozenset({green}), frozenset())) x 0: 1.0, ((frozenset({yellow}), frozenset()), (frozenset({green}), frozenset())) x 0: 0.9166666666666666, ((frozenset({magenta}), frozenset()), (frozenset({blue}), frozenset())) x 0: 0.8333333333333334, ((frozenset({green}), frozenset()), (frozenset({yellow}), frozenset())) x 0: 1.0, ((frozenset({blue}), frozenset()), (frozenset({green}), frozenset())) x 0: 0.7692307692307693, ((frozenset({yellow}), frozenset()), (frozenset({magenta}), frozenset())) x 0: 1.0}",1.6029002517461777,0.036791993445899084,2883584,476.64028776978415,246.64788659064038,-0.003367128399986541,3:24:48,0.8776978417266187,0.3276344614887971,172.22777441212534,0.8776978417266187,0.3276344614887971,0.504052983596921,0.001096661531846621,0.0,0.0
0.454480589440743,0.0028083159917270985,"{((frozenset({blue}), frozenset()), (frozenset({magenta}), frozenset())) x 0: 0.7391304347826086, ((frozenset({yellow}), frozenset()), (frozenset({magenta}), frozenset())) x 0: 1.0, ((frozenset({yellow}), frozenset()), (frozenset({blue}), frozenset())) x 0: 1.0, ((frozenset({magenta}), frozenset()), (frozenset({yellow}), frozenset())) x 0: 0.9090909090909091, ((frozenset({blue}), frozenset()), (frozenset({green}), frozenset())) x 0: 0.9333333333333333, ((frozenset({blue}), frozenset()), (frozenset({yellow}), frozenset())) x 0: 1.0, ((frozenset({green}), frozenset()), (frozenset({magenta}), frozenset())) x 0: 1.0, ((frozenset({green}), frozenset()), (frozenset({yellow}), frozenset())) x 0: 1.0, ((frozenset({green}), frozenset()), (frozenset({blue}), frozenset())) x 0: 1.0, ((frozenset({magenta}), frozenset()), (frozenset({blue}), frozenset())) x 0: 1.0, ((frozenset({yellow}), frozenset()), (frozenset({green}), frozenset())) x 0: 0.8571428571428571, ((frozenset({magenta}), frozenset()), (frozenset({green}), frozenset())) x 0: 1.0}",1.587194949388504,0.028603106857165397,2949120,418.5796178343949,196.49784450896462,-0.006112211354775354,2:33:58,0.9426751592356688,0.23246226230439054,221.98716902131773,0.9426751592356688,0.23246226230439054,0.5750789921730757,0.0007675331289647147,0.0,0.0
0.5604539370014702,0.0056304918445792655,"{((frozenset({green}), frozenset()), (frozenset({magenta}), frozenset())) x 0: 1.0, ((frozenset({yellow}), frozenset()), (frozenset({magenta}), frozenset())) x 0: 0.6666666666666666, ((frozenset({blue}), frozenset()), (frozenset({green}), frozenset())) x 0: 1.0, ((frozenset({blue}), frozenset()), (frozenset({yellow}), frozenset())) x 0: 1.0, ((frozenset({magenta}), frozenset()), (frozenset({green}), frozenset())) x 0: 1.0, ((frozenset({green}), frozenset({yellow})),) x 0: 0.9032258064516129, ((frozenset({yellow}), frozenset({magenta})),) x 0: 0.9655172413793104, ((frozenset({magenta}), frozenset()), (frozenset({yellow}), frozenset())) x 0: 1.0, ((frozenset({yellow}), frozenset()), (frozenset({blue}), frozenset())) x 0: 1.0, ((frozenset({yellow}), frozenset({blue})),) x 0: 0.8846153846153846, ((frozenset({magenta}), frozenset({yellow})),) x 0: 0.7307692307692307, ((frozenset({yellow}), frozenset({green})),) x 0: 0.7555555555555555, ((frozenset({green}), frozenset({blue})),) x 0: 0.9310344827586207, ((frozenset({blue}), frozenset({yellow})),) x 0: 0.9259259259259259, ((frozenset({magenta}), frozenset({green})),) x 0: 0.9512195121951219, ((frozenset({magenta}), frozenset({blue})),) x 0: 0.8709677419354839, ((frozenset({blue}), frozenset({magenta})),) x 0: 0.875, ((frozenset({green}), frozenset()), (frozenset({blue}), frozenset())) x 0: 1.0, ((frozenset({green}), frozenset({magenta})),) x 0: 0.92, ((frozenset({blue}), frozenset({green})),) x 0: 0.9736842105263158, ((frozenset({blue}), frozenset()), (frozenset({magenta}), frozenset())) x 0: 0.0}",1.5485757663846016,0.059521726838730006,3014656,171.15656565656565,112.53594591755481,0.02047543035587296,2:59:41,0.7803030303030303,0.6193152858796159,184.14250106180015,0.8863636363636364,0.3173690919038396,0.7820692975074053,0.014364978909725323,0.10606060606060606,0.3079151732257814
0.571969314078468,0.005956158946301774,"{((frozenset({yellow}), frozenset({blue})),) x 0: 0.9210526315789473, ((frozenset({green}), frozenset({magenta})),) x 0: 0.925, ((frozenset({blue}), frozenset({magenta})),) x 0: 0.68, ((frozenset({green}), frozenset({blue})),) x 0: 0.967741935483871, ((frozenset({magenta}), frozenset({yellow})),) x 0: 0.8653846153846154, ((frozenset({blue}), frozenset({green})),) x 0: 0.9411764705882353, ((frozenset({yellow}), frozenset({magenta})),) x 0: 0.8928571428571429, ((frozenset({magenta}), frozenset({blue})),) x 0: 0.8648648648648649, ((frozenset({yellow}), frozenset({green})),) x 0: 0.9142857142857143, ((frozenset({blue}), frozenset({yellow})),) x 0: 0.8928571428571429, ((frozenset({magenta}), frozenset({green})),) x 0: 0.9166666666666666, ((frozenset({green}), frozenset({yellow})),) x 0: 0.9032258064516129}",1.5501137860119343,0.06329142932764402,3080192,163.41935483870967,84.81110420872008,0.01749427820323035,2:32:33,0.7866004962779156,0.61746227354822,209.73097798697236,0.8933002481389578,0.30873113677411,0.7688427399843931,0.013106022990541533,0.10669975186104218,0.30873113677411
0.5689187830778527,0.006053488509258275,"{((frozenset({yellow}), frozenset({magenta})),) x 0: 0.8974358974358975, ((frozenset({magenta}), frozenset({yellow})),) x 0: 0.8333333333333334, ((frozenset({yellow}), frozenset({green})),) x 0: 0.7272727272727273, ((frozenset({blue}), frozenset({magenta})),) x 0: 0.9245283018867925, ((frozenset({yellow}), frozenset({blue})),) x 0: 0.875, ((frozenset({magenta}), frozenset({green})),) x 0: 0.9285714285714286, ((frozenset({magenta}), frozenset({blue})),) x 0: 0.9411764705882353, ((frozenset({green}), frozenset({blue})),) x 0: 0.9259259259259259, ((frozenset({green}), frozenset({yellow})),) x 0: 0.9375, ((frozenset({blue}), frozenset({yellow})),) x 0: 0.9487179487179487, ((frozenset({blue}), frozenset({green})),) x 0: 0.9487179487179487, ((frozenset({green}), frozenset({magenta})),) x 0: 0.7692307692307693}",1.5611317344009876,0.0658606582328605,3145728,159.8063725490196,79.67048718326046,0.017373355833115056,2:28:17,0.7794117647058824,0.6265120118864939,208.39443681871865,0.8897058823529411,0.313256005943247,0.7632557600736618,0.012890739308204502,0.11029411764705882,0.31325600594324693
0.5654567021013737,0.00567121284647477,"{((frozenset({blue}), frozenset({yellow})),) x 0: 0.8857142857142857, ((frozenset({blue}), frozenset({green})),) x 0: 0.9393939393939394, ((frozenset({green}), frozenset({yellow})),) x 0: 0.8275862068965517, ((frozenset({magenta}), frozenset({yellow})),) x 0: 0.967741935483871, ((frozenset({yellow}), frozenset({magenta})),) x 0: 0.8387096774193549, ((frozenset({yellow}), frozenset({green})),) x 0: 0.7692307692307693, ((frozenset({green}), frozenset({magenta})),) x 0: 0.9696969696969697, ((frozenset({magenta}), frozenset({blue})),) x 0: 1.0, ((frozenset({yellow}), frozenset({blue})),) x 0: 0.8157894736842105, ((frozenset({blue}), frozenset({magenta})),) x 0: 0.9714285714285714, ((frozenset({magenta}), frozenset({green})),) x 0: 0.9117647058823529, ((frozenset({green}), frozenset({blue})),) x 0: 0.9310344827586207}",1.5895958170294762,0.06441116275124548,3211264,163.39097744360902,78.41907546821895,0.017022614600136876,2:30:23,0.7844611528822055,0.6201779580239216,198.22636442389867,0.8922305764411027,0.3100889790119608,0.7558131795376539,0.011965738798608072,0.10776942355889724,0.3100889790119608
0.5688758165886327,0.00587482340008357,"{((frozenset({green}), frozenset({blue})),) x 0: 0.9473684210526315, ((frozenset({blue}), frozenset({magenta})),) x 0: 0.9473684210526315, ((frozenset({yellow}), frozenset({green})),) x 0: 0.8222222222222222, ((frozenset({magenta}), frozenset({yellow})),) x 0: 0.8666666666666667, ((frozenset({yellow}), frozenset({blue})),) x 0: 0.9361702127659575, ((frozenset({magenta}), frozenset({blue})),) x 0: 0.8888888888888888, ((frozenset({blue}), frozenset({yellow})),) x 0: 0.8709677419354839, ((frozenset({green}), frozenset({magenta})),) x 0: 1.0, ((frozenset({magenta}), frozenset({green})),) x 0: 0.9090909090909091, ((frozenset({yellow}), frozenset({magenta})),) x 0: 0.8275862068965517, ((frozenset({green}), frozenset({yellow})),) x 0: 0.8780487804878049, ((frozenset({blue}), frozenset({green})),) x 0: 0.8571428571428571}",1.5863903388381004,0.058235388880854784,3276800,163.08620689655172,82.17705837428588,0.014381772954948246,2:09:25,0.7881773399014779,0.6154481951113596,221.89228342260472,0.8940886699507389,0.3077240975556798,0.7525567691773176,0.01144831495184917,0.10591133004926108,0.3077240975556798
0.5872513379657982,0.005863577866397482,"{((frozenset({blue}), frozenset({yellow})),) x 0: 0.8780487804878049, ((frozenset({green}), frozenset({blue})),) x 0: 0.92, ((frozenset({yellow}), frozenset({green})),) x 0: 0.9047619047619048, ((frozenset({blue}), frozenset({magenta})),) x 0: 0.9722222222222222, ((frozenset({yellow}), frozenset({magenta})),) x 0: 0.8148148148148148, ((frozenset({blue}), frozenset({green})),) x 0: 0.9705882352941176, ((frozenset({yellow}), frozenset({blue})),) x 0: 0.9, ((frozenset({magenta}), frozenset({blue})),) x 0: 0.9142857142857143, ((frozenset({green}), frozenset({magenta})),) x 0: 0.8709677419354839, ((frozenset({magenta}), frozenset({yellow})),) x 0: 0.918918918918919, ((frozenset({green}), frozenset({yellow})),) x 0: 0.9166666666666666, ((frozenset({magenta}), frozenset({green})),) x 0: 0.92}",1.5865842960774899,0.06303426015162496,3342336,157.7173913043478,68.51823578245867,0.010365425609052181,2:26:02,0.8067632850241546,0.5908747768664987,189.17285564012016,0.9033816425120773,0.29543738843324935,0.7555649951100349,0.010670368268620223,0.0966183574879227,0.29543738843324935
0.5905169416713802,0.006193155068768037,"{((frozenset({magenta}), frozenset({blue})),) x 0: 0.9259259259259259, ((frozenset({blue}), frozenset({magenta})),) x 0: 1.0, ((frozenset({green}), frozenset({magenta})),) x 0: 0.967741935483871, ((frozenset({yellow}), frozenset({blue})),) x 0: 0.9302325581395349, ((frozenset({blue}), frozenset({green})),) x 0: 1.0, ((frozenset({blue}), frozenset({yellow})),) x 0: 0.9459459459459459, ((frozenset({yellow}), frozenset({green})),) x 0: 0.78125, ((frozenset({magenta}), frozenset({yellow})),) x 0: 0.9411764705882353, ((frozenset({magenta}), frozenset({green})),) x 0: 0.8214285714285714, ((frozenset({yellow}), frozenset({magenta})),) x 0: 0.8108108108108109, ((frozenset({green}), frozenset({yellow})),) x 0: 0.8055555555555556, ((frozenset({green}), frozenset({blue})),) x 0: 0.9696969696969697}",1.609216995537281,0.05557051387123942,3407872,166.74550128534705,85.73753523182184,0.007987926161149517,1:53:59,0.8097686375321337,0.5867493107531973,232.78346882383428,0.9048843187660668,0.29337465537659857,0.7227408941835165,0.008086803267360665,0.09511568123393316,0.2933746553765986
0.5674106701723799,0.005884594700157328,"{((frozenset({yellow}), frozenset({green})),) x 0: 0.8717948717948718, ((frozenset({magenta}), frozenset({blue})),) x 0: 0.9285714285714286, ((frozenset({blue}), frozenset({green})),) x 0: 1.0, ((frozenset({yellow}), frozenset({blue})),) x 0: 0.9459459459459459, ((frozenset({blue}), frozenset({yellow})),) x 0: 0.9655172413793104, ((frozenset({green}), frozenset({magenta})),) x 0: 0.8709677419354839, ((frozenset({yellow}), frozenset({magenta})),) x 0: 0.8333333333333334, ((frozenset({magenta}), frozenset({green})),) x 0: 0.7666666666666667, ((frozenset({green}), frozenset({blue})),) x 0: 0.9714285714285714, ((frozenset({green}), frozenset({yellow})),) x 0: 0.8181818181818182, ((frozenset({magenta}), frozenset({yellow})),) x 0: 0.8378378378378378, ((frozenset({blue}), frozenset({magenta})),) x 0: 0.9166666666666666}",1.6082441955804825,0.06391892379058264,3473408,157.67149758454107,76.36495964778904,0.009011624606500845,2:17:47,0.7777777777777778,0.6285393610547089,184.65461615895333,0.8888888888888888,0.3142696805273545,0.7178477086126804,0.0099342697794782,0.1111111111111111,0.31426968052735443
0.6202263198416887,0.006478219696974725,"{((frozenset({blue}), frozenset({magenta})),) x 0: 0.9795918367346939, ((frozenset({magenta}), frozenset({green})),) x 0: 0.8913043478260869, ((frozenset({magenta}), frozenset({blue})),) x 0: 1.0, ((frozenset({yellow}), frozenset({magenta})),) x 0: 0.9230769230769231, ((frozenset({magenta}), frozenset({yellow})),) x 0: 0.9, ((frozenset({yellow}), frozenset({green})),) x 0: 0.9655172413793104, ((frozenset({blue}), frozenset({green})),) x 0: 0.85, ((frozenset({blue}), frozenset({yellow})),) x 0: 0.8285714285714286, ((frozenset({green}), frozenset({magenta})),) x 0: 0.9444444444444444, ((frozenset({green}), frozenset({yellow})),) x 0: 1.0, ((frozenset({yellow}), frozenset({blue})),) x 0: 1.0, ((frozenset({green}), frozenset({blue})),) x 0: 0.8846153846153846}",1.614784151315689,0.05214616173944239,3538944,165.8225,83.27926508891635,0.00046082736935204593,1:40:40,0.86,0.5102940328869229,241.8916107277131,0.93,0.2551470164434615,0.7344697862863541,0.007306118553970009,0.065,0.24652586071242102
0.5894255451513929,0.006145199396486187,"{((frozenset({blue}), frozenset({yellow})),) x 0: 0.8333333333333334, ((frozenset({yellow}), frozenset({blue})),) x 0: 0.8214285714285714, ((frozenset({magenta}), frozenset({yellow})),) x 0: 0.8387096774193549, ((frozenset({green}), frozenset({blue})),) x 0: 0.9795918367346939, ((frozenset({magenta}), frozenset({blue})),) x 0: 0.95, ((frozenset({yellow}), frozenset({magenta})),) x 0: 0.9024390243902439, ((frozenset({green}), frozenset({magenta})),) x 0: 0.9428571428571428, ((frozenset({blue}), frozenset({magenta})),) x 0: 0.9230769230769231, ((frozenset({yellow}), frozenset({green})),) x 0: 0.8823529411764706, ((frozenset({magenta}), frozenset({green})),) x 0: 0.7407407407407407, ((frozenset({green}), frozenset({yellow})),) x 0: 0.9375, ((frozenset({blue}), frozenset({green})),) x 0: 0.96875}",1.617312852293253,0.05673298296629783,3604480,159.3560975609756,85.03729468421484,0.007109722151653841,2:06:26,0.7975609756097561,0.6012133280243961,183.9463899100777,0.8975609756097561,0.3032247857155132,0.7321591470390558,0.008755942923016846,0.0975609756097561,0.2967201234291814
0.6104787619475821,0.006481972026672176,"{((frozenset({magenta}), frozenset({yellow})),) x 0: 0.8809523809523809, ((frozenset({blue}), frozenset({yellow})),) x 0: 0.868421052631579, ((frozenset({yellow}), frozenset({blue})),) x 0: 1.0, ((frozenset({yellow}), frozenset({magenta})),) x 0: 0.9111111111111111, ((frozenset({green}), frozenset({blue})),) x 0: 0.9642857142857143, ((frozenset({magenta}), frozenset({green})),) x 0: 0.9019607843137255, ((frozenset({green}), frozenset({magenta})),) x 0: 0.967741935483871, ((frozenset({magenta}), frozenset({blue})),) x 0: 0.96, ((frozenset({green}), frozenset({yellow})),) x 0: 0.8888888888888888, ((frozenset({yellow}), frozenset({green})),) x 0: 0.8529411764705882, ((frozenset({blue}), frozenset({magenta})),) x 0: 0.8888888888888888, ((frozenset({blue}), frozenset({green})),) x 0: 0.9545454545454546}",1.613812666386366,0.061830444199004936,3670016,156.68257756563247,80.09789330992356,0.0013739795267611044,1:31:21,0.8329355608591885,0.5533699950812195,242.62710814798734,0.9164677804295943,0.27668499754060977,0.7237822636961937,0.007658129645278677,0.07875894988066826,0.269362168268602
0.6145569855577478,0.006375981550156724,"{((frozenset({yellow}), frozenset({green})),) x 0: 0.8333333333333334, ((frozenset({magenta}), frozenset({green})),) x 0: 0.9090909090909091, ((frozenset({green}), frozenset({blue})),) x 0: 1.0, ((frozenset({blue}), frozenset({green})),) x 0: 0.9310344827586207, ((frozenset({yellow}), frozenset({magenta})),) x 0: 0.8518518518518519, ((frozenset({blue}), frozenset({magenta})),) x 0: 0.918918918918919, ((frozenset({green}), frozenset({yellow})),) x 0: 1.0, ((frozenset({green}), frozenset({magenta})),) x 0: 0.875, ((frozenset({yellow}), frozenset({blue})),) x 0: 0.9642857142857143, ((frozenset({magenta}), frozenset({yellow})),) x 0: 0.9166666666666666, ((frozenset({blue}), frozenset({yellow})),) x 0: 0.9347826086956522, ((frozenset({magenta}), frozenset({blue})),) x 0: 0.9166666666666666}",1.623292189091444,0.05538085695142792,3735552,161.09653465346534,87.74108562585292,0.0008670581410115119,1:54:27,0.8415841584158416,0.54012600780142,184.1250599790878,0.9207920792079208,0.27006300390071003,0.7219105940312147,0.006845307827461511,0.07425742574257425,0.2621893599379279
0.620636373603735,0.0064175748402837815,"{((frozenset({yellow}), frozenset({blue})),) x 0: 0.9666666666666667, ((frozenset({green}), frozenset({yellow})),) x 0: 0.9, ((frozenset({yellow}), frozenset({magenta})),) x 0: 0.8974358974358975, ((frozenset({yellow}), frozenset({green})),) x 0: 0.9024390243902439, ((frozenset({green}), frozenset({blue})),) x 0: 0.9583333333333334, ((frozenset({blue}), frozenset({green})),) x 0: 0.9666666666666667, ((frozenset({blue}), frozenset({yellow})),) x 0: 0.9285714285714286, ((frozenset({blue}), frozenset({magenta})),) x 0: 0.9411764705882353, ((frozenset({magenta}), frozenset({green})),) x 0: 0.9090909090909091, ((frozenset({green}), frozenset({magenta})),) x 0: 0.9705882352941176, ((frozenset({magenta}), frozenset({blue})),) x 0: 0.9444444444444444, ((frozenset({magenta}), frozenset({yellow})),) x 0: 0.85}",1.6254499070346355,0.05928318290400611,3801088,171.91906005221932,93.62572690528008,0.0009402876798958459,1:23:33,0.8590078328981723,0.5119624429775934,239.11781145909714,0.9295039164490861,0.2559812214887967,0.7348579820245504,0.006287222735409159,0.06266318537859007,0.2423561647179591
0.5864302075919069,0.006068485445460945,"{((frozenset({magenta}), frozenset({blue})),) x 0: 0.8928571428571429, ((frozenset({blue}), frozenset({green})),) x 0: 0.7142857142857143, ((frozenset({magenta}), frozenset({yellow})),) x 0: 0.9459459459459459, ((frozenset({green}), frozenset({yellow})),) x 0: 0.9310344827586207, ((frozenset({green}), frozenset({magenta})),) x 0: 1.0, ((frozenset({blue}), frozenset({yellow})),) x 0: 1.0, ((frozenset({yellow}), frozenset({magenta})),) x 0: 1.0, ((frozenset({yellow}), frozenset({blue})),) x 0: 0.9354838709677419, ((frozenset({yellow}), frozenset({green})),) x 0: 0.71875, ((frozenset({green}), frozenset({blue})),) x 0: 0.9642857142857143, ((frozenset({magenta}), frozenset({green})),) x 0: 0.9354838709677419, ((frozenset({blue}), frozenset({magenta})),) x 0: 0.8421052631578947}",1.633147556334734,0.06367916500198353,3866624,171.70976253298153,98.20314513659598,0.0056457500213582534,1:42:12,0.8153034300791556,0.5790339514235442,184.81291254676145,0.9076517150395779,0.2895169757117721,0.7249803114682436,0.007950863247970119,0.09234828496042216,0.2895169757117721
0.6359681415674834,0.006444331576831194,"{((frozenset({yellow}), frozenset({magenta})),) x 0: 0.9642857142857143, ((frozenset({blue}), frozenset({green})),) x 0: 1.0, ((frozenset({magenta}), frozenset({green})),) x 0: 0.9285714285714286, ((frozenset({magenta}), frozenset({blue})),) x 0: 0.918918918918919, ((frozenset({yellow}), frozenset({green})),) x 0: 0.7777777777777778, ((frozenset({blue}), frozenset({yellow})),) x 0: 1.0, ((frozenset({green}), frozenset({yellow})),) x 0: 0.9166666666666666, ((frozenset({green}), frozenset({magenta})),) x 0: 0.9393939393939394, ((frozenset({blue}), frozenset({magenta})),) x 0: 0.975609756097561, ((frozenset({green}), frozenset({blue})),) x 0: 0.9705882352941176, ((frozenset({yellow}), frozenset({blue})),) x 0: 0.92, ((frozenset({magenta}), frozenset({yellow})),) x 0: 1.0}",1.6291006840765476,0.04639281287662808,3932160,167.31234256926953,86.0038554217722,-0.0012202911048007081,1:19:53,0.8790931989924433,0.476649921310423,222.75677687102404,0.9395465994962217,0.2383249606552115,0.7409683708101511,0.004439400974661112,0.05793450881612091,0.2336195657567142
0.6402694073842933,0.0068047605558273746,"{((frozenset({yellow}), frozenset({blue})),) x 0: 0.9666666666666667, ((frozenset({blue}), frozenset({green})),) x 0: 0.9444444444444444, ((frozenset({green}), frozenset({yellow})),) x 0: 0.9696969696969697, ((frozenset({yellow}), frozenset({green})),) x 0: 0.75, ((frozenset({blue}), frozenset({yellow})),) x 0: 0.96, ((frozenset({yellow}), frozenset({magenta})),) x 0: 0.967741935483871, ((frozenset({magenta}), frozenset({blue})),) x 0: 0.9574468085106383, ((frozenset({green}), frozenset({magenta})),) x 0: 0.9736842105263158, ((frozenset({magenta}), frozenset({green})),) x 0: 1.0, ((frozenset({green}), frozenset({blue})),) x 0: 1.0, ((frozenset({magenta}), frozenset({yellow})),) x 0: 0.8787878787878788, ((frozenset({blue}), frozenset({magenta})),) x 0: 0.967741935483871}",1.632252685725689,0.051448146478355154,3997696,163.57960199004975,94.23380408684247,0.00032095676306198584,1:24:51,0.8781094527363185,0.4758531567890126,196.84776380186446,0.9378109452736318,0.24149860496203487,0.7412576135247946,0.004473881184821948,0.05970149253731343,0.23693295322966487
0.649346405663592,0.006688681466807584,"{((frozenset({green}), frozenset({yellow})),) x 0: 0.9411764705882353, ((frozenset({magenta}), frozenset({green})),) x 0: 0.9714285714285714, ((frozenset({yellow}), frozenset({blue})),) x 0: 1.0, ((frozenset({magenta}), frozenset({blue})),) x 0: 0.975, ((frozenset({yellow}), frozenset({magenta})),) x 0: 0.96875, ((frozenset({magenta}), frozenset({yellow})),) x 0: 0.9285714285714286, ((frozenset({green}), frozenset({magenta})),) x 0: 0.96875, ((frozenset({yellow}), frozenset({green})),) x 0: 0.8809523809523809, ((frozenset({blue}), frozenset({magenta})),) x 0: 0.84375, ((frozenset({green}), frozenset({blue})),) x 0: 0.9411764705882353, ((frozenset({blue}), frozenset({yellow})),) x 0: 1.0, ((frozenset({blue}), frozenset({green})),) x 0: 0.967741935483871}",1.6348662786185741,0.051676890169677414,4063232,165.3451776649746,76.31209389549358,-0.0003723487725437735,1:16:53,0.8934010152284264,0.44926008724214195,203.03143826308803,0.9467005076142132,0.22463004362107097,0.7605062574148178,0.005201813262829091,0.0532994923857868,0.22463004362107097
0.6654074387592259,0.006858434363812219,"{((frozenset({blue}), frozenset({magenta})),) x 0: 0.96, ((frozenset({green}), frozenset({yellow})),) x 0: 0.9615384615384616, ((frozenset({yellow}), frozenset({green})),) x 0: 1.0, ((frozenset({blue}), frozenset({green})),) x 0: 0.9655172413793104, ((frozenset({magenta}), frozenset({green})),) x 0: 0.9117647058823529, ((frozenset({green}), frozenset({magenta})),) x 0: 0.9166666666666666, ((frozenset({yellow}), frozenset({magenta})),) x 0: 0.9459459459459459, ((frozenset({yellow}), frozenset({blue})),) x 0: 0.9696969696969697, ((frozenset({blue}), frozenset({yellow})),) x 0: 0.92, ((frozenset({magenta}), frozenset({yellow})),) x 0: 0.90625, ((frozenset({magenta}), frozenset({blue})),) x 0: 0.96875, ((frozenset({green}), frozenset({blue})),) x 0: 1.0}",1.6334184184670448,0.052744158187055606,4128768,163.7057356608479,88.35556816610406,-0.0006988606337472447,1:07:05,0.912718204488778,0.40552646474520765,216.4407965535509,0.9551122194513716,0.20705764343787603,0.772071048617363,0.004934369899274316,0.04239401496259352,0.20148638281021597
0.42766360604239884,0.0027761849010100475,"{((frozenset({yellow}), frozenset({green})),) x 0: 0.5, ((frozenset({green}), frozenset({blue})),) x 0: 1.0, ((frozenset({green}), frozenset({yellow})),) x 0: 1.0, ((frozenset({yellow}), frozenset({blue})),) x 0: 1.0, ((frozenset({blue}), frozenset({yellow})),) x 0: 1.0, ((frozenset({magenta}), frozenset({blue})),) x 0: 1.0, ((frozenset({magenta}), frozenset({yellow})), (frozenset({yellow}), frozenset({green}))) x 0: 0.5, ((frozenset({blue}), frozenset({green})),) x 0: 1.0, ((frozenset({blue}), frozenset({magenta})),) x 0: 1.0, ((frozenset({yellow}), frozenset({magenta})),) x 0: 1.0, ((frozenset({green}), frozenset({magenta})), (frozenset({magenta}), frozenset({yellow}))) x 0: 0.5, ((frozenset({green}), frozenset({yellow})), (frozenset({blue}), frozenset({magenta}))) x 0: 0.75, ((frozenset({blue}), frozenset({green})), (frozenset({yellow}), frozenset({green}))) x 0: 1.0, ((frozenset({magenta}), frozenset({green})), (frozenset({green}), frozenset({yellow}))) x 0: 1.0, ((frozenset({magenta}), frozenset({yellow})), (frozenset({blue}), frozenset({green}))) x 0: 1.0, ((frozenset({blue}), frozenset({green})), (frozenset({magenta}), frozenset({green}))) x 0: 1.0, ((frozenset({magenta}), frozenset({blue})), (frozenset({blue}), frozenset({green}))) x 0: 1.0, ((frozenset({green}), frozenset({yellow})), (frozenset({yellow}), frozenset({blue}))) x 0: 1.0, ((frozenset({magenta}), frozenset({yellow})), (frozenset({green}), frozenset({yellow}))) x 0: 0.6666666666666666, ((frozenset({blue}), frozenset({yellow})), (frozenset({yellow}), frozenset({magenta}))) x 0: 1.0, ((frozenset({yellow}), frozenset({green})), (frozenset({green}), frozenset({magenta}))) x 0: 1.0, ((frozenset({green}), frozenset({magenta})), (frozenset({magenta}), frozenset({blue}))) x 0: 0.75, ((frozenset({green}), frozenset({magenta})), (frozenset({blue}), frozenset({magenta}))) x 0: 1.0, ((frozenset({green}), frozenset({blue})), (frozenset({blue}), frozenset({magenta}))) x 0: 1.0, ((frozenset({blue}), frozenset({green})), (frozenset({yellow}), frozenset({magenta}))) x 0: 1.0, ((frozenset({blue}), frozenset({yellow})), (frozenset({magenta}), frozenset({yellow}))) x 0: 1.0, ((frozenset({blue}), frozenset({magenta})), (frozenset({magenta}), frozenset({yellow}))) x 0: 1.0, ((frozenset({green}), frozenset({magenta})), (frozenset({yellow}), frozenset({magenta}))) x 0: 1.0, ((frozenset({yellow}), frozenset({magenta})), (frozenset({green}), frozenset({blue}))) x 0: 1.0, ((frozenset({blue}), frozenset({magenta})), (frozenset({green}), frozenset({magenta}))) x 0: 1.0, ((frozenset({magenta}), frozenset({green})), (frozenset({blue}), frozenset({yellow}))) x 0: 1.0, ((frozenset({magenta}), frozenset({blue})), (frozenset({yellow}), frozenset({green}))) x 0: 1.0, ((frozenset({magenta}), frozenset({yellow})), (frozenset({green}), frozenset({blue}))) x 0: 1.0, ((frozenset({yellow}), frozenset({blue})), (frozenset({blue}), frozenset({green}))) x 0: 1.0, ((frozenset({yellow}), frozenset({blue})), (frozenset({green}), frozenset({magenta}))) x 0: 1.0, ((frozenset({green}), frozenset({yellow})), (frozenset({yellow}), frozenset({magenta}))) x 0: 0.5, ((frozenset({magenta}), frozenset({blue})), (frozenset({green}), frozenset({blue}))) x 0: 0.75, ((frozenset({blue}), frozenset({magenta})), (frozenset({green}), frozenset({yellow}))) x 0: 0.8, ((frozenset({yellow}), frozenset({blue})), (frozenset({magenta}), frozenset({green}))) x 0: 1.0, ((frozenset({yellow}), frozenset({magenta})), (frozenset({blue}), frozenset({green}))) x 0: 0.5, ((frozenset({magenta}), frozenset({blue})), (frozenset({yellow}), frozenset({blue}))) x 0: 1.0, ((frozenset({green}), frozenset({blue})), (frozenset({yellow}), frozenset({magenta}))) x 0: 1.0, ((frozenset({magenta}), frozenset({yellow})), (frozenset({yellow}), frozenset({blue}))) x 0: 1.0, ((frozenset({green}), frozenset({blue})), (frozenset({magenta}), frozenset({blue}))) x 0: 1.0, ((frozenset({blue}), frozenset({green})), (frozenset({green}), frozenset({magenta}))) x 0: 1.0, ((frozenset({magenta}), frozenset({green})), (frozenset({yellow}), frozenset({green}))) x 0: 1.0, ((frozenset({green}), frozenset({yellow})), (frozenset({magenta}), frozenset({yellow}))) x 0: 1.0, ((frozenset({green}), frozenset({yellow})), (frozenset({blue}), frozenset({yellow}))) x 0: 0.5, ((frozenset({magenta}), frozenset({blue})), (frozenset({blue}), frozenset({yellow}))) x 0: 1.0, ((frozenset({green}), frozenset({magenta})), (frozenset({yellow}), frozenset({blue}))) x 0: 1.0, ((frozenset({green}), frozenset({blue})), (frozenset({yellow}), frozenset({blue}))) x 0: 0.5, ((frozenset({yellow}), frozenset({magenta})), (frozenset({magenta}), frozenset({blue}))) x 0: 1.0, ((frozenset({blue}), frozenset({magenta})), (frozenset({yellow}), frozenset({green}))) x 0: 1.0, ((frozenset({yellow}), frozenset({green})), (frozenset({magenta}), frozenset({blue}))) x 0: 1.0, ((frozenset({green}), frozenset({yellow})), (frozenset({magenta}), frozenset({blue}))) x 0: 1.0, ((frozenset({blue}), frozenset({yellow})), (frozenset({green}), frozenset({magenta}))) x 0: 1.0, ((frozenset({green}), frozenset({magenta})), (frozenset({blue}), frozenset({yellow}))) x 0: 1.0, ((frozenset({yellow}), frozenset({blue})), (frozenset({magenta}), frozenset({blue}))) x 0: 1.0, ((frozenset({yellow}), frozenset({green})), (frozenset({green}), frozenset({blue}))) x 0: 1.0, ((frozenset({magenta}), frozenset({blue})), (frozenset({green}), frozenset({yellow}))) x 0: 1.0, ((frozenset({magenta}), frozenset({green})), (frozenset({yellow}), frozenset({blue}))) x 0: 1.0, ((frozenset({green}), frozenset({blue})), (frozenset({magenta}), frozenset({yellow}))) x 0: 1.0, ((frozenset({yellow}), frozenset({magenta})), (frozenset({blue}), frozenset({magenta}))) x 0: 1.0, ((frozenset({yellow}), frozenset({green})), (frozenset({blue}), frozenset({magenta}))) x 0: 1.0, ((frozenset({blue}), frozenset({green})), (frozenset({green}), frozenset({yellow}))) x 0: 1.0, ((frozenset({blue}), frozenset({yellow})), (frozenset({yellow}), frozenset({green}))) x 0: 1.0, ((frozenset({yellow}), frozenset({blue})), (frozenset({green}), frozenset({blue}))) x 0: 1.0, ((frozenset({magenta}), frozenset({green})), (frozenset({blue}), frozenset({green}))) x 0: 1.0, ((frozenset({yellow}), frozenset({green})), (frozenset({blue}), frozenset({green}))) x 0: 0.6666666666666666, ((frozenset({yellow}), frozenset({magenta})), (frozenset({green}), frozenset({magenta}))) x 0: 1.0, ((frozenset({yellow}), frozenset({magenta})), (frozenset({magenta}), frozenset({green}))) x 0: 0.0, ((frozenset({blue}), frozenset({green})), (frozenset({magenta}), frozenset({yellow}))) x 0: 1.0, ((frozenset({blue}), frozenset({yellow})), (frozenset({green}), frozenset({yellow}))) x 0: 1.0, ((frozenset({blue}), frozenset({magenta})), (frozenset({yellow}), frozenset({magenta}))) x 0: 1.0, ((frozenset({yellow}), frozenset({blue})), (frozenset({blue}), frozenset({magenta}))) x 0: 1.0, ((frozenset({magenta}), frozenset({green})), (frozenset({green}), frozenset({blue}))) x 0: 0.0, ((frozenset({blue}), frozenset({yellow})), (frozenset({magenta}), frozenset({green}))) x 0: 1.0}",1.655637800693512,0.06890689910194511,4194304,326.8520408163265,163.13727018804286,0.008150592126185074,1:16:29,0.8163265306122449,0.5686887670650111,175.54237804310048,0.9030612244897959,0.2958743809673057,0.6813337616622448,0.005117865526699461,0.08163265306122448,0.2738042421428314
0.4774182318261961,0.004158376065125365,"{((frozenset({yellow}), frozenset({green})), (frozenset({magenta}), frozenset({green}))) x 0: 1.0, ((frozenset({yellow}), frozenset({green})), (frozenset({green}), frozenset({blue}))) x 0: 1.0, ((frozenset({magenta}), frozenset({green})), (frozenset({yellow}), frozenset({green}))) x 0: 1.0, ((frozenset({green}), frozenset({blue})), (frozenset({blue}), frozenset({yellow}))) x 0: 1.0, ((frozenset({magenta}), frozenset({yellow})), (frozenset({green}), frozenset({blue}))) x 0: 0.0, ((frozenset({magenta}), frozenset({green})), (frozenset({yellow}), frozenset({blue}))) x 0: 1.0, ((frozenset({yellow}), frozenset({blue})), (frozenset({magenta}), frozenset({green}))) x 0: 1.0, ((frozenset({yellow}), frozenset({magenta})), (frozenset({green}), frozenset({magenta}))) x 0: 1.0, ((frozenset({green}), frozenset({blue})), (frozenset({yellow}), frozenset({blue}))) x 0: 1.0, ((-42, frozenset()), (frozenset({green}), frozenset({blue, yellow, , magenta}))) x 30: 0.9230769230769231, ((-42, frozenset()), (frozenset({magenta}), frozenset({blue, yellow, , green}))) x 30: 0.9285714285714286, ((frozenset({yellow}), frozenset({magenta})), (frozenset({green}), frozenset({blue}))) x 0: 1.0, ((frozenset({green, blue}), frozenset({yellow, magenta})),) x 0: 1.0, ((frozenset({blue}), frozenset()),) x 0: 1.0, ((frozenset({yellow, magenta}), frozenset()),) x 0: 1.0, ((-42, frozenset({green})), (frozenset({yellow}), frozenset({blue, , magenta, green}))) x 30: 0.3333333333333333, ((frozenset({magenta}), frozenset()),) x 0: 1.0, ((frozenset({green, magenta}), frozenset()),) x 0: 1.0, ((frozenset({green}), frozenset({magenta})), (frozenset({yellow}), frozenset({magenta}))) x 0: 1.0, ((frozenset({blue}), frozenset({green})), (frozenset({magenta}), frozenset({yellow}))) x 0: 1.0, ((frozenset({green}), frozenset({magenta})), (frozenset({blue}), frozenset({magenta}))) x 0: 1.0, ((frozenset({magenta}), frozenset({blue})), (frozenset({yellow}), frozenset({green}))) x 0: 1.0, ((frozenset({yellow}), frozenset({blue, magenta})),) x 0: 0.5, ((-42, frozenset({green})), (frozenset({magenta}), frozenset({blue, yellow, , green}))) x 30: 1.0, ((frozenset({green, yellow}), frozenset({blue})),) x 0: 1.0, ((-42, frozenset({yellow})), (frozenset({magenta}), frozenset({blue, yellow, , green}))) x 30: 1.0, ((-42, frozenset({yellow})), (frozenset({blue}), frozenset({green, yellow, , magenta}))) x 30: 1.0, ((frozenset({magenta}), frozenset({yellow, green})),) x 0: 0.75, ((frozenset({yellow}), frozenset({magenta})), (frozenset({magenta}), frozenset({blue}))) x 0: 1.0, ((-42, frozenset({magenta})), (frozenset({blue}), frozenset({green, yellow, , magenta}))) x 30: 1.0, ((-42, frozenset({magenta})), (frozenset({yellow}), frozenset({blue, , magenta, green}))) x 30: 1.0, ((frozenset({blue, magenta}), frozenset({yellow})),) x 0: 1.0, ((frozenset({green}), frozenset({magenta})),) x 0: 1.0, ((frozenset({green, yellow}), frozenset({blue, magenta})),) x 0: 1.0, ((frozenset({magenta}), frozenset({green})),) x 0: 1.0, ((frozenset({yellow, blue}), frozenset({green})),) x 0: 1.0, ((frozenset({magenta}), frozenset({yellow})),) x 0: 1.0, ((frozenset({yellow}), frozenset()),) x 0: 1.0, ((frozenset({green, blue}), frozenset()),) x 0: 1.0, ((-42, frozenset({blue})), (frozenset({yellow}), frozenset({blue, , magenta, green}))) x 30: 1.0, ((-42, frozenset({blue})), (frozenset({green}), frozenset({blue, yellow, , magenta}))) x 30: 0.5714285714285714, ((frozenset({yellow, green}), frozenset()),) x 0: 1.0, ((frozenset({magenta}), frozenset({green, blue})),) x 0: 1.0, ((-42, frozenset({yellow})), (frozenset({green}), frozenset({blue, yellow, , magenta}))) x 30: 0.5, ((-42, frozenset()), (frozenset({yellow}), frozenset({blue, , magenta, green}))) x 30: 0.25, ((-42, frozenset()), (frozenset({blue}), frozenset({green, yellow, , magenta}))) x 30: 0.4, ((frozenset({yellow, magenta}), frozenset({blue})),) x 0: 1.0, ((frozenset({blue}), frozenset({magenta})),) x 0: 1.0, ((-42, frozenset({green})), (frozenset({blue}), frozenset({green, yellow, , magenta}))) x 30: 0.16666666666666666, ((-42, frozenset({blue})), (frozenset({magenta}), frozenset({blue, yellow, , green}))) x 30: 0.0, ((frozenset({blue}), frozenset({yellow})),) x 0: 1.0, ((frozenset({green, blue}), frozenset({magenta})),) x 0: 0.5, ((frozenset({yellow}), frozenset({green, blue})),) x 0: 1.0, ((frozenset({yellow, magenta}), frozenset({green, blue})),) x 0: 1.0, ((frozenset({yellow}), frozenset({magenta})),) x 0: 1.0, ((frozenset({yellow}), frozenset({blue})),) x 0: 1.0, ((frozenset({green}), frozenset()),) x 0: 1.0, ((frozenset({yellow, magenta}), frozenset({green})),) x 0: 1.0, ((frozenset({yellow, blue}), frozenset({green, magenta})),) x 0: 1.0, ((frozenset({green}), frozenset({yellow, magenta})),) x 0: 1.0, ((frozenset({blue, magenta}), frozenset()),) x 0: 1.0, ((frozenset({blue}), frozenset({green, magenta})),) x 0: 1.0, ((frozenset({blue, magenta}), frozenset({green, yellow})),) x 0: 1.0, ((frozenset({magenta}), frozenset({yellow, blue})),) x 0: 0.5, ((frozenset({green}), frozenset({blue})),) x 0: 1.0, ((frozenset({yellow, blue}), frozenset()),) x 0: 1.0, ((frozenset({green, magenta}), frozenset({blue})),) x 0: 1.0, ((frozenset({blue, magenta}), frozenset({green})),) x 0: 1.0, ((frozenset({green}), frozenset({yellow, blue})),) x 0: 1.0, ((frozenset({green, magenta}), frozenset({yellow, blue})),) x 0: 1.0, ((frozenset({magenta}), frozenset({blue})),) x 0: 1.0, ((frozenset({blue}), frozenset({green})),) x 0: 1.0}",1.6744053475558758,0.08245711817320649,4259840,337.7128205128205,292.9145488236416,0.001413498450347106,0:56:32,0.7333333333333333,0.5823618283724468,218.19769672161306,0.8051282051282052,0.39610197984261575,0.43122640810906887,0.008563527750084177,0.06153846153846154,0.24031537464328165
0.4996189377241764,0.004782415232921742,"{((frozenset({green, blue}), frozenset({magenta})),) x 0: 1.0, ((frozenset({yellow, magenta}), frozenset({green, blue})),) x 0: 1.0, ((-42, frozenset()), (frozenset({yellow}), frozenset({blue, , magenta, green}))) x 30: 0.5789473684210527, ((-42, frozenset({blue})), (frozenset({magenta}), frozenset({blue, yellow, , green}))) x 30: 1.0, ((-42, frozenset()), (frozenset({blue}), frozenset({green, yellow, , magenta}))) x 30: 0.5333333333333333, ((frozenset({blue}), frozenset({yellow})),) x 0: 1.0, ((frozenset({green, blue}), frozenset({yellow})),) x 0: 1.0, ((-42, frozenset()), (frozenset({magenta}), frozenset({blue, yellow, , green}))) x 30: 1.0, ((frozenset({blue, magenta}), frozenset({green, yellow})),) x 0: 1.0, ((-42, frozenset({magenta})), (frozenset({green}), frozenset({blue, yellow, , magenta}))) x 30: 0.5, ((frozenset({yellow, magenta}), frozenset()),) x 0: 1.0, ((-42, frozenset()), (frozenset({green}), frozenset({blue, yellow, , magenta}))) x 30: 0.5, ((frozenset({green}), frozenset({magenta})),) x 0: 1.0, ((frozenset({blue}), frozenset({green, magenta})),) x 0: 1.0, ((-42, frozenset({magenta})), (frozenset({yellow}), frozenset({blue, , magenta, green}))) x 30: 1.0, ((frozenset({blue}), frozenset({green})),) x 0: 1.0, ((frozenset({blue, magenta}), frozenset()),) x 0: 1.0, ((-42, frozenset({yellow})), (frozenset({blue}), frozenset({green, yellow, , magenta}))) x 30: 0.8, ((-42, frozenset({green})), (frozenset({yellow}), frozenset({blue, , magenta, green}))) x 30: 0.5, ((frozenset({magenta}), frozenset({blue})),) x 0: 1.0, ((frozenset({green, magenta}), frozenset()),) x 0: 1.0, ((frozenset({green}), frozenset({blue, magenta})),) x 0: 1.0, ((-42, frozenset({green})), (frozenset({blue}), frozenset({green, yellow, , magenta}))) x 30: 0.5, ((frozenset({yellow}), frozenset({magenta})),) x 0: 1.0, ((-42, frozenset({yellow})), (frozenset({magenta}), frozenset({blue, yellow, , green}))) x 30: 1.0, ((frozenset({green, magenta}), frozenset({yellow, blue})),) x 0: 0.6666666666666666, ((frozenset({yellow}), frozenset()),) x 0: 1.0, ((-42, frozenset({magenta})), (frozenset({blue}), frozenset({green, yellow, , magenta}))) x 30: 0.3333333333333333, ((frozenset({green}), frozenset({yellow, blue})),) x 0: 1.0, ((frozenset({green}), frozenset({blue})),) x 0: 1.0, ((frozenset({green, yellow}), frozenset({blue, magenta})),) x 0: 1.0, ((frozenset({yellow, blue}), frozenset()),) x 0: 1.0, ((frozenset({magenta}), frozenset({yellow, blue})),) x 0: 1.0, ((frozenset({magenta}), frozenset({green})),) x 0: 1.0, ((frozenset({yellow, magenta}), frozenset({blue})),) x 0: 1.0, ((frozenset({green, blue}), frozenset({yellow, magenta})),) x 0: 1.0, ((frozenset({green}), frozenset()),) x 0: 1.0, ((-42, frozenset({blue})), (frozenset({green}), frozenset({blue, yellow, , magenta}))) x 30: 0.6666666666666666, ((frozenset({blue}), frozenset({green, yellow})),) x 0: 0.0, ((frozenset({yellow, blue}), frozenset({green, magenta})),) x 0: 0.3333333333333333, ((-42, frozenset({green})), (frozenset({magenta}), frozenset({blue, yellow, , green}))) x 30: 1.0, ((-42, frozenset({blue})), (frozenset({yellow}), frozenset({blue, , magenta, green}))) x 30: 1.0, ((frozenset({blue, magenta}), frozenset({yellow})),) x 0: 1.0, ((frozenset({yellow}), frozenset({green})),) x 0: 1.0, ((frozenset({magenta}), frozenset({green, yellow})),) x 0: 1.0, ((frozenset({yellow, blue}), frozenset({green})),) x 0: 1.0, ((frozenset({yellow, magenta}), frozenset({green})),) x 0: 1.0, ((frozenset({green, magenta}), frozenset({yellow})),) x 0: 0.0, ((frozenset({magenta}), frozenset()),) x 0: 1.0, ((frozenset({yellow, green}), frozenset({blue})),) x 0: 1.0, ((frozenset({green}), frozenset({yellow})),) x 0: 1.0, ((-42, frozenset({yellow})), (frozenset({green}), frozenset({blue, yellow, , magenta}))) x 30: 1.0}",1.6790908575057983,0.06331431510663854,4325376,340.60109289617486,315.99152544302683,-0.002903387581682182,1:06:23,0.73224043715847,0.5623903969516331,169.36512145838478,0.7923497267759563,0.4056249958447133,0.40156115125864744,0.006881283479742706,0.0546448087431694,0.22728562123590626
0.4870639169601807,0.004590372001763925,"{((frozenset({yellow, magenta}), frozenset()),) x 0: 1.0, ((-42, frozenset({blue})), (frozenset({yellow}), frozenset({blue, , magenta, green}))) x 30: 1.0, ((frozenset({blue, magenta}), frozenset({green})),) x 0: 1.0, ((-42, frozenset()), (frozenset({blue}), frozenset({green, yellow, , magenta}))) x 30: 0.6875, ((frozenset({green}), frozenset({blue})),) x 0: 1.0, ((-42, frozenset({green})), (frozenset({magenta}), frozenset({blue, yellow, , green}))) x 30: 1.0, ((-42, frozenset({magenta})), (frozenset({blue}), frozenset({green, yellow, , magenta}))) x 30: 0.6666666666666666, ((-42, frozenset()), (frozenset({yellow}), frozenset({blue, , magenta, green}))) x 30: 0.7692307692307693, ((frozenset({blue, magenta}), frozenset({yellow, green})),) x 0: 1.0, ((frozenset({yellow, green}), frozenset({blue})),) x 0: 1.0, ((-42, frozenset({blue})), (frozenset({green}), frozenset({blue, yellow, , magenta}))) x 30: 0.5, ((frozenset({green, yellow}), frozenset({blue, magenta})),) x 0: 0.6666666666666666, ((frozenset({yellow, green}), frozenset({magenta})),) x 0: 0.6666666666666666, ((-42, frozenset()), (frozenset({green}), frozenset({blue, yellow, , magenta}))) x 30: 0.6190476190476191, ((frozenset({yellow}), frozenset({blue})),) x 0: 1.0, ((frozenset({blue}), frozenset({green, magenta})),) x 0: 1.0, ((-42, frozenset({magenta})), (frozenset({green}), frozenset({blue, yellow, , magenta}))) x 30: 0.8333333333333334, ((frozenset({green, magenta}), frozenset({yellow, blue})),) x 0: 0.6666666666666666, ((-42, frozenset({yellow})), (frozenset({green}), frozenset({blue, yellow, , magenta}))) x 30: 0.6666666666666666, ((frozenset({blue}), frozenset()),) x 0: 1.0, ((frozenset({green, magenta}), frozenset({yellow})),) x 0: 1.0, ((frozenset({magenta}), frozenset()),) x 0: 1.0, ((-42, frozenset({yellow})), (frozenset({magenta}), frozenset({blue, yellow, , green}))) x 30: 1.0, ((-42, frozenset()), (frozenset({magenta}), frozenset({blue, yellow, , green}))) x 30: 0.9166666666666666, ((-42, frozenset({green})), (frozenset({yellow}), frozenset({blue, , magenta, green}))) x 30: 0.625, ((frozenset({green, blue}), frozenset()),) x 0: 1.0, ((frozenset({yellow}), frozenset()),) x 0: 1.0, ((-42, frozenset({yellow})), (frozenset({blue}), frozenset({green, yellow, , magenta}))) x 30: 1.0, ((frozenset({blue}), frozenset({green, yellow})),) x 0: 1.0, ((-42, frozenset({blue})), (frozenset({magenta}), frozenset({blue, yellow, , green}))) x 30: 0.6666666666666666, ((frozenset({blue, magenta}), frozenset({yellow})),) x 0: 1.0, ((frozenset({yellow}), frozenset({green, magenta})),) x 0: 1.0, ((-42, frozenset({green})), (frozenset({blue}), frozenset({green, yellow, , magenta}))) x 30: 0.0, ((frozenset({yellow}), frozenset({magenta})),) x 0: 0.5, ((frozenset({green, yellow}), frozenset()),) x 0: 1.0, ((-42, frozenset({magenta})), (frozenset({yellow}), frozenset({blue, , magenta, green}))) x 30: 1.0, ((frozenset({green, magenta}), frozenset()),) x 0: 1.0, ((frozenset({green}), frozenset({yellow})),) x 0: 1.0, ((frozenset({magenta}), frozenset({green, blue})),) x 0: 1.0, ((frozenset({green}), frozenset()),) x 0: 1.0, ((frozenset({magenta}), frozenset({green})),) x 0: 1.0, ((frozenset({yellow, magenta}), frozenset({green, blue})),) x 0: 1.0, ((frozenset({yellow}), frozenset({blue, magenta})),) x 0: 1.0, ((frozenset({blue}), frozenset({green})),) x 0: 1.0, ((frozenset({yellow}), frozenset({green, blue})),) x 0: 1.0, ((frozenset({yellow, blue}), frozenset()),) x 0: 1.0, ((frozenset({green}), frozenset({yellow, blue})),) x 0: 1.0, ((frozenset({magenta}), frozenset({blue})),) x 0: 1.0, ((frozenset({green, blue}), frozenset({magenta})),) x 0: 1.0, ((frozenset({magenta}), frozenset({yellow, blue})),) x 0: 1.0, ((frozenset({blue, magenta}), frozenset()),) x 0: 1.0}",1.679087784141302,0.06059564346587564,4390912,349.41711229946526,314.132703533227,-0.001359415087790694,0:48:58,0.7486631016042781,0.5625912440572154,207.25116107394493,0.8128342245989305,0.3900445460708122,0.422500011511147,0.005008676067518536,0.06417112299465241,0.24505752379442994
0.45358846018160504,0.004118397590602093,"{((-42, frozenset()), (frozenset({green}), frozenset({blue, yellow, , magenta}))) x 30: 0.5714285714285714, ((-42, frozenset({yellow})), (frozenset({green}), frozenset({blue, yellow, , magenta}))) x 30: 0.8, ((-42, frozenset()), (frozenset({blue}), frozenset({green, yellow, , magenta}))) x 30: 0.5294117647058824, ((frozenset({green}), frozenset({blue})),) x 0: 1.0, ((-42, frozenset({magenta})), (frozenset({green}), frozenset({blue, yellow, , magenta}))) x 30: 0.16666666666666666, ((frozenset({blue, magenta}), frozenset({yellow})),) x 0: 1.0, ((frozenset({yellow, magenta}), frozenset({blue})),) x 0: 1.0, ((frozenset({magenta}), frozenset({green, blue})),) x 0: 1.0, ((-42, frozenset({blue})), (frozenset({green}), frozenset({blue, yellow, , magenta}))) x 30: 0.5, ((-42, frozenset()), (frozenset({magenta}), frozenset({blue, yellow, , green}))) x 30: 0.9285714285714286, ((-42, frozenset({green})), (frozenset({blue}), frozenset({green, yellow, , magenta}))) x 30: 0.16666666666666666, ((-42, frozenset({green})), (frozenset({yellow}), frozenset({blue, , magenta, green}))) x 30: 0.5, ((-42, frozenset({magenta})), (frozenset({blue}), frozenset({green, yellow, , magenta}))) x 30: 0.6666666666666666, ((frozenset({green}), frozenset({yellow, blue})),) x 0: 1.0, ((-42, frozenset()), (frozenset({yellow}), frozenset({blue, , magenta, green}))) x 30: 0.2857142857142857, ((frozenset({blue, magenta}), frozenset({green})),) x 0: 1.0, ((frozenset({magenta}), frozenset()),) x 0: 1.0, ((frozenset({yellow}), frozenset()),) x 0: 1.0, ((frozenset({green, yellow}), frozenset({blue, magenta})),) x 0: 1.0, ((frozenset({yellow}), frozenset({magenta})),) x 0: 1.0, ((frozenset({yellow, green}), frozenset()),) x 0: 1.0, ((frozenset({blue, magenta}), frozenset({green, yellow})),) x 0: 1.0, ((-42, frozenset({blue})), (frozenset({magenta}), frozenset({blue, yellow, , green}))) x 30: 1.0, ((-42, frozenset({blue})), (frozenset({yellow}), frozenset({blue, , magenta, green}))) x 30: 0.5, ((frozenset({magenta}), frozenset({yellow})),) x 0: 1.0, ((frozenset({yellow, magenta}), frozenset({green})),) x 0: 1.0, ((frozenset({yellow, magenta}), frozenset({green, blue})),) x 0: 1.0, ((frozenset({green, magenta}), frozenset({yellow})),) x 0: 1.0, ((frozenset({magenta}), frozenset({blue})),) x 0: 1.0, ((frozenset({green, magenta}), frozenset()),) x 0: 1.0, ((-42, frozenset({yellow})), (frozenset({blue}), frozenset({green, yellow, , magenta}))) x 30: 1.0, ((frozenset({yellow}), frozenset({green, blue})),) x 0: 1.0, ((frozenset({green, magenta}), frozenset({yellow, blue})),) x 0: 1.0, ((-42, frozenset({magenta})), (frozenset({yellow}), frozenset({blue, , magenta, green}))) x 30: 1.0, ((frozenset({blue}), frozenset({green})),) x 0: 1.0, ((frozenset({green, blue}), frozenset()),) x 0: 1.0, ((frozenset({blue}), frozenset({yellow, magenta})),) x 0: 1.0, ((frozenset({yellow, blue}), frozenset({magenta})),) x 0: 1.0, ((frozenset({blue}), frozenset()),) x 0: 1.0, ((frozenset({green}), frozenset()),) x 0: 1.0, ((frozenset({green, magenta}), frozenset({blue})),) x 0: 1.0, ((frozenset({yellow, blue}), frozenset({green, magenta})),) x 0: 1.0, ((frozenset({yellow, blue}), frozenset({green})),) x 0: 1.0, ((frozenset({magenta}), frozenset({yellow, blue})),) x 0: 1.0, ((-42, frozenset({green})), (frozenset({magenta}), frozenset({blue, yellow, , green}))) x 30: 0.6666666666666666, ((frozenset({magenta}), frozenset({green})),) x 0: 1.0, ((frozenset({green}), frozenset({yellow})),) x 0: 1.0, ((-42, frozenset({yellow})), (frozenset({magenta}), frozenset({blue, yellow, , green}))) x 30: 1.0}",1.6780202686786652,0.04643011318793003,4456448,420.1025641025641,348.00285843740545,0.001953901775777922,0:51:18,0.7051282051282052,0.5337091870897089,176.57050555918752,0.7435897435897436,0.4366509324596513,0.40037066861987114,0.003113296093943063,0.038461538461538464,0.19230769230769232
0.4742177418230295,0.004225684918629059,"{((-42, frozenset()), (frozenset({blue}), frozenset({green, yellow, , magenta}))) x 30: 0.8181818181818182, ((frozenset({magenta}), frozenset({green})),) x 0: 1.0, ((frozenset({blue}), frozenset({green, magenta})),) x 0: 1.0, ((-42, frozenset()), (frozenset({magenta}), frozenset({blue, yellow, , green}))) x 30: 1.0, ((frozenset({green, magenta}), frozenset()),) x 0: 0.8333333333333334, ((frozenset({green, blue}), frozenset()),) x 0: 1.0, ((-42, frozenset()), (frozenset({yellow}), frozenset({blue, , magenta, green}))) x 30: 0.6111111111111112, ((-42, frozenset({blue})), (frozenset({green}), frozenset({blue, yellow, , magenta}))) x 30: 0.2222222222222222, ((-42, frozenset({yellow})), (frozenset({blue}), frozenset({green, yellow, , magenta}))) x 30: 0.7692307692307693, ((-42, frozenset({magenta})), (frozenset({blue}), frozenset({green, yellow, , magenta}))) x 30: 0.5, ((frozenset({green, yellow}), frozenset({blue})),) x 0: 0.5, ((-42, frozenset({green})), (frozenset({yellow}), frozenset({blue, , magenta, green}))) x 30: 0.8181818181818182, ((-42, frozenset()), (frozenset({green}), frozenset({blue, yellow, , magenta}))) x 30: 0.7, ((frozenset({blue}), frozenset({yellow, magenta})),) x 0: 0.6666666666666666, ((frozenset({green, blue}), frozenset({yellow, magenta})),) x 0: 1.0, ((frozenset({yellow}), frozenset({magenta})),) x 0: 1.0, ((-42, frozenset({blue})), (frozenset({magenta}), frozenset({blue, yellow, , green}))) x 30: 0.75, ((frozenset({green}), frozenset({yellow, blue})),) x 0: 1.0, ((-42, frozenset({magenta})), (frozenset({green}), frozenset({blue, yellow, , magenta}))) x 30: 0.75, ((frozenset({magenta}), frozenset({green, blue})),) x 0: 0.5, ((-42, frozenset({yellow})), (frozenset({magenta}), frozenset({blue, yellow, , green}))) x 30: 0.875, ((frozenset({yellow, blue}), frozenset({green, magenta})),) x 0: 1.0, ((-42, frozenset({green})), (frozenset({blue}), frozenset({green, yellow, , magenta}))) x 30: 0.8, ((frozenset({blue}), frozenset()),) x 0: 1.0, ((frozenset({green}), frozenset({magenta})),) x 0: 1.0, ((frozenset({magenta}), frozenset({blue})),) x 0: 1.0, ((frozenset({green, blue}), frozenset({magenta})),) x 0: 1.0, ((frozenset({green}), frozenset()),) x 0: 1.0, ((frozenset({magenta}), frozenset()),) x 0: 1.0, ((frozenset({green, magenta}), frozenset({yellow})),) x 0: 1.0, ((frozenset({magenta}), frozenset({green, yellow})),) x 0: 0.6666666666666666, ((-42, frozenset({yellow})), (frozenset({green}), frozenset({blue, yellow, , magenta}))) x 30: 0.8, ((frozenset({blue}), frozenset({green, yellow})),) x 0: 1.0, ((frozenset({green, magenta}), frozenset({yellow, blue})),) x 0: 0.5, ((frozenset({yellow, magenta}), frozenset()),) x 0: 1.0, ((-42, frozenset({blue})), (frozenset({yellow}), frozenset({blue, , magenta, green}))) x 30: 0.5, ((frozenset({blue, magenta}), frozenset()),) x 0: 1.0, ((frozenset({yellow}), frozenset()),) x 0: 1.0, ((frozenset({yellow, magenta}), frozenset({green, blue})),) x 0: 1.0, ((frozenset({green}), frozenset({yellow, magenta})),) x 0: 1.0, ((frozenset({yellow}), frozenset({blue})),) x 0: 1.0, ((frozenset({blue, magenta}), frozenset({green})),) x 0: 1.0, ((-42, frozenset({green})), (frozenset({magenta}), frozenset({blue, yellow, , green}))) x 30: 1.0, ((frozenset({blue}), frozenset({green})),) x 0: 1.0, ((frozenset({yellow}), frozenset({green, blue})),) x 0: 0.0, ((-42, frozenset({magenta})), (frozenset({yellow}), frozenset({blue, , magenta, green}))) x 30: 1.0, ((frozenset({magenta}), frozenset({yellow})),) x 0: 1.0, ((frozenset({green}), frozenset({yellow})),) x 0: 1.0, ((frozenset({yellow, magenta}), frozenset({blue})),) x 0: 1.0, ((frozenset({green}), frozenset({blue})),) x 0: 0.0, ((frozenset({blue}), frozenset({yellow})),) x 0: 1.0}",1.6765054911375046,0.05260354639377774,4521984,323.24401913875596,292.8602599230898,-0.0006666410581601667,0:46:36,0.7272727272727273,0.5928382201620495,170.90909950887396,0.8038277511961722,0.39710036212911826,0.47542131412774324,0.0063271541002905,0.07177033492822966,0.25810725280882635
0.4402989587642575,0.003891654140801205,"{((-42, frozenset()), (frozenset({magenta}), frozenset({blue, yellow, , green}))) x 30: 0.9090909090909091, ((frozenset({green}), frozenset({yellow, magenta})),) x 0: 1.0, ((-42, frozenset({yellow})), (frozenset({magenta}), frozenset({blue, yellow, , green}))) x 30: 1.0, ((-42, frozenset()), (frozenset({green}), frozenset({blue, yellow, , magenta}))) x 30: 0.5714285714285714, ((-42, frozenset({yellow})), (frozenset({blue}), frozenset({green, yellow, , magenta}))) x 30: 0.8, ((frozenset({yellow, magenta}), frozenset()),) x 0: 1.0, ((-42, frozenset()), (frozenset({blue}), frozenset({green, yellow, , magenta}))) x 30: 1.0, ((-42, frozenset({green})), (frozenset({magenta}), frozenset({blue, yellow, , green}))) x 30: 1.0, ((-42, frozenset({blue})), (frozenset({green}), frozenset({blue, yellow, , magenta}))) x 30: 0.2857142857142857, ((frozenset({yellow}), frozenset({magenta})),) x 0: 1.0, ((-42, frozenset({magenta})), (frozenset({blue}), frozenset({green, yellow, , magenta}))) x 30: 0.5, ((-42, frozenset({magenta})), (frozenset({yellow}), frozenset({blue, , magenta, green}))) x 30: 1.0, ((frozenset({magenta}), frozenset({yellow, blue})),) x 0: 1.0, ((frozenset({yellow}), frozenset()),) x 0: 1.0, ((frozenset({yellow}), frozenset({green, magenta})),) x 0: 0.0, ((-42, frozenset()), (frozenset({yellow}), frozenset({blue, , magenta, green}))) x 30: 0.4666666666666667, ((frozenset({yellow, green}), frozenset()),) x 0: 1.0, ((frozenset({yellow, magenta}), frozenset({green, blue})),) x 0: 0.6666666666666666, ((-42, frozenset({blue})), (frozenset({magenta}), frozenset({blue, yellow, , green}))) x 30: 0.9, ((frozenset({blue, magenta}), frozenset({green})),) x 0: 1.0, ((frozenset({magenta}), frozenset({blue})),) x 0: 1.0, ((frozenset({yellow}), frozenset({blue, magenta})),) x 0: 1.0, ((frozenset({yellow}), frozenset({blue})),) x 0: 1.0, ((-42, frozenset({magenta})), (frozenset({green}), frozenset({blue, yellow, , magenta}))) x 30: 0.3333333333333333, ((frozenset({yellow, green}), frozenset({blue, magenta})),) x 0: 0.6, ((-42, frozenset({yellow})), (frozenset({green}), frozenset({blue, yellow, , magenta}))) x 30: 0.5, ((frozenset({yellow, magenta}), frozenset({blue})),) x 0: 1.0, ((frozenset({blue, magenta}), frozenset({yellow})),) x 0: 1.0, ((frozenset({magenta}), frozenset()),) x 0: 1.0, ((frozenset({green, blue}), frozenset({yellow, magenta})),) x 0: 0.5, ((frozenset({green}), frozenset()),) x 0: 1.0, ((-42, frozenset({blue})), (frozenset({yellow}), frozenset({blue, , magenta, green}))) x 30: 0.875, ((frozenset({yellow, green}), frozenset({magenta})),) x 0: 1.0, ((frozenset({yellow, magenta}), frozenset({green})),) x 0: 1.0, ((frozenset({yellow, blue}), frozenset({green})),) x 0: 1.0, ((-42, frozenset({green})), (frozenset({blue}), frozenset({green, yellow, , magenta}))) x 30: 0.5, ((-42, frozenset({green})), (frozenset({yellow}), frozenset({blue, , magenta, green}))) x 30: 0.25, ((frozenset({blue}), frozenset({green, magenta})),) x 0: 1.0, ((frozenset({yellow}), frozenset({green, blue})),) x 0: 0.5, ((frozenset({blue}), frozenset({magenta})),) x 0: 1.0, ((frozenset({magenta}), frozenset({yellow})),) x 0: 1.0, ((frozenset({blue}), frozenset({green, yellow})),) x 0: 1.0, ((frozenset({green}), frozenset({yellow, blue})),) x 0: 1.0, ((frozenset({yellow, blue}), frozenset({green, magenta})),) x 0: 1.0, ((frozenset({green, magenta}), frozenset()),) x 0: 1.0, ((frozenset({blue}), frozenset()),) x 0: 1.0, ((frozenset({yellow, blue}), frozenset()),) x 0: 1.0, ((frozenset({green, blue}), frozenset()),) x 0: 1.0, ((frozenset({magenta}), frozenset({green, yellow})),) x 0: 1.0, ((frozenset({green, magenta}), frozenset({yellow, blue})),) x 0: 1.0, ((frozenset({blue}), frozenset({green})),) x 0: 1.0}",1.6777847185730934,0.05638741784240868,4587520,363.3184357541899,316.8731206276797,0.006595989165361971,0:31:25,0.6871508379888268,0.6094252578008779,218.7466920311202,0.7653631284916201,0.4237716484583884,0.46509761456400156,0.004824832212761976,0.0782122905027933,0.2685053595686685
0.48923937970296366,0.00449921449995809,"{((-42, frozenset()), (frozenset({blue}), frozenset({green, yellow, , magenta}))) x 30: 0.5625, ((frozenset({green, magenta}), frozenset()),) x 0: 1.0, ((-42, frozenset()), (frozenset({green}), frozenset({blue, yellow, , magenta}))) x 30: 0.8181818181818182, ((frozenset({yellow, blue}), frozenset({magenta})),) x 0: 1.0, ((frozenset({magenta}), frozenset()),) x 0: 1.0, ((frozenset({blue}), frozenset()),) x 0: 1.0, ((-42, frozenset({yellow})), (frozenset({blue}), frozenset({green, yellow, , magenta}))) x 30: 0.8333333333333334, ((frozenset({blue}), frozenset({yellow, magenta})),) x 0: 1.0, ((-42, frozenset()), (frozenset({yellow}), frozenset({blue, , magenta, green}))) x 30: 0.4, ((frozenset({green, magenta}), frozenset({yellow})),) x 0: 1.0, ((-42, frozenset()), (frozenset({magenta}), frozenset({blue, yellow, , green}))) x 30: 1.0, ((frozenset({yellow, green}), frozenset()),) x 0: 1.0, ((-42, frozenset({yellow})), (frozenset({green}), frozenset({blue, yellow, , magenta}))) x 30: 0.8333333333333334, ((frozenset({yellow, blue}), frozenset()),) x 0: 1.0, ((frozenset({magenta}), frozenset({green, yellow})),) x 0: 0.5, ((frozenset({green}), frozenset({blue})),) x 0: 1.0, ((-42, frozenset({blue})), (frozenset({yellow}), frozenset({blue, , magenta, green}))) x 30: 0.3333333333333333, ((-42, frozenset({green})), (frozenset({yellow}), frozenset({blue, , magenta, green}))) x 30: 0.0, ((frozenset({yellow, magenta}), frozenset()),) x 0: 1.0, ((-42, frozenset({green})), (frozenset({magenta}), frozenset({blue, yellow, , green}))) x 30: 1.0, ((-42, frozenset({green})), (frozenset({blue}), frozenset({green, yellow, , magenta}))) x 30: 0.0, ((-42, frozenset({magenta})), (frozenset({blue}), frozenset({green, yellow, , magenta}))) x 30: 0.625, ((-42, frozenset({blue})), (frozenset({magenta}), frozenset({blue, yellow, , green}))) x 30: 0.6666666666666666, ((frozenset({yellow}), frozenset({blue, magenta})),) x 0: 1.0, ((frozenset({yellow, blue}), frozenset({green})),) x 0: 1.0, ((frozenset({blue, magenta}), frozenset({yellow})),) x 0: 1.0, ((frozenset({green, yellow}), frozenset({blue})),) x 0: 1.0, ((frozenset({yellow}), frozenset({green, blue})),) x 0: 1.0, ((-42, frozenset({yellow})), (frozenset({magenta}), frozenset({blue, yellow, , green}))) x 30: 1.0, ((frozenset({yellow, blue}), frozenset({green, magenta})),) x 0: 1.0, ((frozenset({yellow, green}), frozenset({blue, magenta})),) x 0: 1.0, ((frozenset({green}), frozenset({yellow, magenta})),) x 0: 1.0, ((frozenset({yellow, magenta}), frozenset({blue})),) x 0: 1.0, ((frozenset({yellow}), frozenset()),) x 0: 1.0, ((frozenset({green}), frozenset()),) x 0: 1.0, ((-42, frozenset({magenta})), (frozenset({green}), frozenset({blue, yellow, , magenta}))) x 30: 0.6666666666666666, ((frozenset({blue}), frozenset({magenta})),) x 0: 1.0, ((frozenset({green, magenta}), frozenset({yellow, blue})),) x 0: 1.0, ((frozenset({green, blue}), frozenset({yellow, magenta})),) x 0: 0.0, ((frozenset({green, blue}), frozenset({yellow})),) x 0: 1.0, ((frozenset({magenta}), frozenset({green})),) x 0: 1.0, ((frozenset({magenta}), frozenset({green, blue})),) x 0: 1.0, ((frozenset({blue, magenta}), frozenset()),) x 0: 1.0, ((frozenset({green}), frozenset({blue, magenta})),) x 0: 1.0, ((frozenset({green}), frozenset({yellow})),) x 0: 1.0, ((frozenset({blue}), frozenset({green})),) x 0: 1.0, ((frozenset({yellow}), frozenset({green, magenta})),) x 0: 1.0, ((-42, frozenset({blue})), (frozenset({green}), frozenset({blue, yellow, , magenta}))) x 30: 0.25, ((frozenset({blue, magenta}), frozenset({green})),) x 0: 1.0, ((frozenset({yellow, magenta}), frozenset({green, blue})),) x 0: 1.0, ((frozenset({green, blue}), frozenset()),) x 0: 1.0, ((-42, frozenset({magenta})), (frozenset({yellow}), frozenset({blue, , magenta, green}))) x 30: 1.0, ((frozenset({yellow, magenta}), frozenset({green})),) x 0: 1.0}",1.6790552027523518,0.04645272916080487,4653056,361.64245810055866,328.83608113036445,0.004018005425677984,0:34:09,0.7206703910614525,0.559496579153264,169.26344158454074,0.776536312849162,0.4165665225096592,0.4418987659737468,0.004032531374832615,0.05027932960893855,0.21852075101237925
0.4716542601566384,0.0041954473606305364,"{((frozenset({green, yellow}), frozenset({blue, magenta})),) x 0: 1.0, ((-42, frozenset()), (frozenset({yellow}), frozenset({blue, , magenta, green}))) x 30: 0.625, ((-42, frozenset({magenta})), (frozenset({yellow}), frozenset({blue, , magenta, green}))) x 30: 1.0, ((-42, frozenset()), (frozenset({magenta}), frozenset({blue, yellow, , green}))) x 30: 0.9473684210526315, ((-42, frozenset({yellow})), (frozenset({blue}), frozenset({green, yellow, , magenta}))) x 30: 0.7777777777777778, ((-42, frozenset()), (frozenset({blue}), frozenset({green, yellow, , magenta}))) x 30: 0.96, ((-42, frozenset({blue})), (frozenset({green}), frozenset({blue, yellow, , magenta}))) x 30: 0.5, ((frozenset({green, magenta}), frozenset({yellow})),) x 0: 1.0, ((-42, frozenset({green})), (frozenset({yellow}), frozenset({blue, , magenta, green}))) x 30: 0.0, ((-42, frozenset({magenta})), (frozenset({green}), frozenset({blue, yellow, , magenta}))) x 30: 0.8, ((frozenset({green, magenta}), frozenset({yellow, blue})),) x 0: 1.0, ((frozenset({yellow}), frozenset({green, blue})),) x 0: 0.5, ((frozenset({green, magenta}), frozenset({blue})),) x 0: 0.8, ((-42, frozenset({green})), (frozenset({magenta}), frozenset({blue, yellow, , green}))) x 30: 0.75, ((-42, frozenset({yellow})), (frozenset({magenta}), frozenset({blue, yellow, , green}))) x 30: 0.9, ((frozenset({blue}), frozenset({yellow, green})),) x 0: 0.5, ((frozenset({blue, magenta}), frozenset()),) x 0: 1.0, ((frozenset({yellow, blue}), frozenset()),) x 0: 1.0, ((frozenset({blue}), frozenset()),) x 0: 1.0, ((-42, frozenset({blue})), (frozenset({magenta}), frozenset({blue, yellow, , green}))) x 30: 0.8333333333333334, ((frozenset({green, blue}), frozenset()),) x 0: 1.0, ((frozenset({green}), frozenset({yellow, magenta})),) x 0: 1.0, ((frozenset({yellow, magenta}), frozenset()),) x 0: 1.0, ((frozenset({magenta}), frozenset({green, blue})),) x 0: 1.0, ((-42, frozenset({magenta})), (frozenset({blue}), frozenset({green, yellow, , magenta}))) x 30: 0.25, ((-42, frozenset()), (frozenset({green}), frozenset({blue, yellow, , magenta}))) x 30: 0.5384615384615384, ((frozenset({blue, magenta}), frozenset({yellow, green})),) x 0: 1.0, ((frozenset({blue, magenta}), frozenset({green})),) x 0: 1.0, ((-42, frozenset({blue})), (frozenset({yellow}), frozenset({blue, , magenta, green}))) x 30: 0.8, ((frozenset({green, yellow}), frozenset()),) x 0: 1.0, ((frozenset({green, yellow}), frozenset({magenta})),) x 0: 1.0, ((frozenset({yellow, blue}), frozenset({green})),) x 0: 1.0, ((frozenset({magenta}), frozenset()),) x 0: 1.0, ((-42, frozenset({yellow})), (frozenset({green}), frozenset({blue, yellow, , magenta}))) x 30: 1.0, ((-42, frozenset({green})), (frozenset({blue}), frozenset({green, yellow, , magenta}))) x 30: 0.3333333333333333, ((frozenset({yellow, magenta}), frozenset({green, blue})),) x 0: 0.5, ((frozenset({magenta}), frozenset({yellow})),) x 0: 1.0, ((frozenset({green, blue}), frozenset({magenta})),) x 0: 1.0, ((frozenset({yellow}), frozenset({blue, magenta})),) x 0: 1.0, ((frozenset({yellow}), frozenset({magenta})),) x 0: 0.5, ((frozenset({blue}), frozenset({yellow})),) x 0: 1.0, ((frozenset({green}), frozenset()),) x 0: 1.0, ((frozenset({magenta}), frozenset({green, yellow})),) x 0: 1.0, ((frozenset({green}), frozenset({yellow, blue})),) x 0: 0.0, ((frozenset({blue}), frozenset({green, magenta})),) x 0: 1.0, ((frozenset({blue}), frozenset({yellow, magenta})),) x 0: 0.6666666666666666, ((frozenset({yellow}), frozenset({green})),) x 0: 1.0, ((frozenset({yellow, magenta}), frozenset({blue})),) x 0: 1.0, ((frozenset({blue}), frozenset({green})),) x 0: 1.0, ((frozenset({yellow}), frozenset({green, magenta})),) x 0: 0.0, ((frozenset({magenta}), frozenset({green})),) x 0: 1.0, ((frozenset({green}), frozenset({yellow})),) x 0: 1.0}",1.678860928863287,0.05512340294528191,4718592,312.0805687203791,276.247207361508,0.0032557882277615136,0:22:43,0.7203791469194313,0.609958314433978,206.42764555711963,0.8056872037914692,0.39567073866809105,0.4871759610250592,0.006048929935786873,0.07582938388625593,0.2647249297396956
0.537281909054662,0.005094391314204009,"{((frozenset({yellow, blue}), frozenset()),) x 0: 1.0, ((frozenset({yellow, magenta}), frozenset({blue})),) x 0: 1.0, ((-42, frozenset()), (frozenset({magenta}), frozenset({blue, yellow, , green}))) x 30: 0.9333333333333333, ((-42, frozenset()), (frozenset({blue}), frozenset({green, yellow, , magenta}))) x 30: 0.9411764705882353, ((-42, frozenset({magenta})), (frozenset({blue}), frozenset({green, yellow, , magenta}))) x 30: 0.75, ((-42, frozenset({yellow})), (frozenset({blue}), frozenset({green, yellow, , magenta}))) x 30: 1.0, ((-42, frozenset({blue})), (frozenset({yellow}), frozenset({blue, , magenta, green}))) x 30: 0.6666666666666666, ((-42, frozenset({green})), (frozenset({magenta}), frozenset({blue, yellow, , green}))) x 30: 0.6666666666666666, ((-42, frozenset()), (frozenset({green}), frozenset({blue, yellow, , magenta}))) x 30: 0.6363636363636364, ((-42, frozenset({blue})), (frozenset({magenta}), frozenset({blue, yellow, , green}))) x 30: 1.0, ((frozenset({yellow, green}), frozenset({blue, magenta})),) x 0: 1.0, ((-42, frozenset({yellow})), (frozenset({green}), frozenset({blue, yellow, , magenta}))) x 30: 0.8333333333333334, ((-42, frozenset()), (frozenset({yellow}), frozenset({blue, , magenta, green}))) x 30: 0.6842105263157895, ((-42, frozenset({blue})), (frozenset({green}), frozenset({blue, yellow, , magenta}))) x 30: 0.8333333333333334, ((frozenset({blue, magenta}), frozenset({green})),) x 0: 1.0, ((frozenset({green}), frozenset({yellow})),) x 0: 1.0, ((frozenset({green, magenta}), frozenset({yellow, blue})),) x 0: 1.0, ((-42, frozenset({magenta})), (frozenset({yellow}), frozenset({blue, , magenta, green}))) x 30: 1.0, ((frozenset({blue}), frozenset({yellow})),) x 0: 0.0, ((-42, frozenset({yellow})), (frozenset({magenta}), frozenset({blue, yellow, , green}))) x 30: 0.8333333333333334, ((frozenset({yellow}), frozenset({magenta})),) x 0: 1.0, ((-42, frozenset({green})), (frozenset({blue}), frozenset({green, yellow, , magenta}))) x 30: 0.125, ((frozenset({blue}), frozenset({green, yellow})),) x 0: 1.0, ((frozenset({yellow}), frozenset({blue})),) x 0: 1.0, ((frozenset({magenta}), frozenset({green})),) x 0: 0.5, ((frozenset({magenta}), frozenset()),) x 0: 1.0, ((frozenset({blue}), frozenset({magenta})),) x 0: 1.0, ((frozenset({blue}), frozenset({green, magenta})),) x 0: 1.0, ((frozenset({green, yellow}), frozenset()),) x 0: 1.0, ((frozenset({green}), frozenset({magenta})),) x 0: 1.0, ((frozenset({yellow}), frozenset({blue, magenta})),) x 0: 1.0, ((frozenset({green}), frozenset({blue})),) x 0: 1.0, ((frozenset({green}), frozenset()),) x 0: 1.0, ((frozenset({yellow, magenta}), frozenset({green, blue})),) x 0: 1.0, ((frozenset({green, blue}), frozenset({yellow, magenta})),) x 0: 1.0, ((frozenset({yellow, green}), frozenset({magenta})),) x 0: 1.0, ((frozenset({yellow}), frozenset()),) x 0: 1.0, ((-42, frozenset({green})), (frozenset({yellow}), frozenset({blue, , magenta, green}))) x 30: 0.75, ((-42, frozenset({magenta})), (frozenset({green}), frozenset({blue, yellow, , magenta}))) x 30: 0.0, ((frozenset({green, blue}), frozenset({yellow})),) x 0: 1.0, ((frozenset({blue}), frozenset({yellow, magenta})),) x 0: 1.0, ((frozenset({yellow}), frozenset({green})),) x 0: 1.0, ((frozenset({magenta}), frozenset({blue})),) x 0: 1.0, ((frozenset({yellow}), frozenset({green, blue})),) x 0: 1.0, ((frozenset({green, blue}), frozenset()),) x 0: 1.0, ((frozenset({blue, magenta}), frozenset({yellow, green})),) x 0: 1.0, ((frozenset({green, magenta}), frozenset()),) x 0: 1.0, ((frozenset({green}), frozenset({blue, magenta})),) x 0: 1.0, ((frozenset({yellow, blue}), frozenset({green})),) x 0: 1.0, ((frozenset({blue}), frozenset()),) x 0: 1.0, ((frozenset({magenta}), frozenset({yellow, blue})),) x 0: 1.0, ((frozenset({yellow, blue}), frozenset({magenta})),) x 0: 1.0, ((frozenset({yellow, green}), frozenset({blue})),) x 0: 1.0, ((frozenset({green}), frozenset({yellow, magenta})),) x 0: 1.0, ((frozenset({blue, magenta}), frozenset({yellow})),) x 0: 1.0, ((frozenset({yellow, magenta}), frozenset()),) x 0: 1.0}",1.6802637949585915,0.04580087207042655,4784128,329.51741293532336,305.19660239704524,-0.0034018116239167284,0:20:15,0.8159203980099502,0.4581438580386602,177.52796256816106,0.845771144278607,0.3611679883160505,0.4716054741293192,0.0035160023253411055,0.029850746268656716,0.1701754365819609
0.5521979158306527,0.005089252405411599,"{((-42, frozenset()), (frozenset({magenta}), frozenset({blue, yellow, , green}))) x 30: 0.95, ((-42, frozenset({magenta})), (frozenset({blue}), frozenset({green, yellow, , magenta}))) x 30: 0.6666666666666666, ((-42, frozenset()), (frozenset({blue}), frozenset({green, yellow, , magenta}))) x 30: 0.9444444444444444, ((-42, frozenset()), (frozenset({green}), frozenset({blue, yellow, , magenta}))) x 30: 0.6923076923076923, ((frozenset({green, blue}), frozenset({yellow, magenta})),) x 0: 0.75, ((-42, frozenset({magenta})), (frozenset({yellow}), frozenset({blue, , magenta, green}))) x 30: 1.0, ((-42, frozenset({blue})), (frozenset({green}), frozenset({blue, yellow, , magenta}))) x 30: 0.4, ((frozenset({yellow}), frozenset({blue, magenta})),) x 0: 1.0, ((frozenset({yellow, blue}), frozenset({green})),) x 0: 1.0, ((-42, frozenset()), (frozenset({yellow}), frozenset({blue, , magenta, green}))) x 30: 0.8095238095238095, ((-42, frozenset({yellow})), (frozenset({magenta}), frozenset({blue, yellow, , green}))) x 30: 1.0, ((frozenset({magenta}), frozenset({green, blue})),) x 0: 1.0, ((frozenset({yellow, blue}), frozenset({green, magenta})),) x 0: 1.0, ((frozenset({magenta}), frozenset()),) x 0: 1.0, ((frozenset({yellow, blue}), frozenset({magenta})),) x 0: 1.0, ((-42, frozenset({yellow})), (frozenset({blue}), frozenset({green, yellow, , magenta}))) x 30: 1.0, ((frozenset({blue, magenta}), frozenset({green, yellow})),) x 0: 1.0, ((frozenset({yellow, magenta}), frozenset()),) x 0: 1.0, ((-42, frozenset({green})), (frozenset({magenta}), frozenset({blue, yellow, , green}))) x 30: 1.0, ((frozenset({yellow}), frozenset({magenta})),) x 0: 1.0, ((-42, frozenset({blue})), (frozenset({yellow}), frozenset({blue, , magenta, green}))) x 30: 0.8571428571428571, ((frozenset({blue, magenta}), frozenset()),) x 0: 1.0, ((frozenset({blue}), frozenset()),) x 0: 1.0, ((-42, frozenset({magenta})), (frozenset({green}), frozenset({blue, yellow, , magenta}))) x 30: 0.8, ((frozenset({yellow}), frozenset()),) x 0: 1.0, ((frozenset({yellow, blue}), frozenset()),) x 0: 1.0, ((-42, frozenset({yellow})), (frozenset({green}), frozenset({blue, yellow, , magenta}))) x 30: 1.0, ((frozenset({yellow}), frozenset({green, blue})),) x 0: 1.0, ((frozenset({green}), frozenset()),) x 0: 1.0, ((frozenset({green, magenta}), frozenset({yellow, blue})),) x 0: 1.0, ((frozenset({green, magenta}), frozenset({yellow})),) x 0: 1.0, ((-42, frozenset({blue})), (frozenset({magenta}), frozenset({blue, yellow, , green}))) x 30: 1.0, ((frozenset({magenta}), frozenset({yellow})),) x 0: 1.0, ((frozenset({yellow}), frozenset({blue})),) x 0: 1.0, ((frozenset({green}), frozenset({blue})),) x 0: 1.0, ((frozenset({blue}), frozenset({green, magenta})),) x 0: 0.5, ((frozenset({green}), frozenset({magenta})),) x 0: 1.0, ((frozenset({green, blue}), frozenset()),) x 0: 1.0, ((frozenset({blue, magenta}), frozenset({green})),) x 0: 1.0, ((frozenset({yellow}), frozenset({green, magenta})),) x 0: 1.0, ((frozenset({green, yellow}), frozenset({magenta})),) x 0: 1.0, ((-42, frozenset({green})), (frozenset({yellow}), frozenset({blue, , magenta, green}))) x 30: 1.0, ((-42, frozenset({green})), (frozenset({blue}), frozenset({green, yellow, , magenta}))) x 30: 0.2, ((frozenset({green}), frozenset({yellow, blue})),) x 0: 1.0, ((frozenset({yellow, magenta}), frozenset({green})),) x 0: 1.0, ((frozenset({green}), frozenset({blue, magenta})),) x 0: 1.0, ((frozenset({yellow}), frozenset({green})),) x 0: 1.0, ((frozenset({yellow, magenta}), frozenset({green, blue})),) x 0: 1.0, ((frozenset({green}), frozenset({yellow})),) x 0: 0.0, ((frozenset({blue}), frozenset({magenta})),) x 0: 1.0, ((frozenset({yellow, green}), frozenset({blue, magenta})),) x 0: 1.0, ((frozenset({blue}), frozenset({green, yellow})),) x 0: 1.0, ((frozenset({blue}), frozenset({green})),) x 0: 1.0}",1.6784693114459515,0.05173683895543828,4849664,283.4391304347826,255.91458024476165,-0.002522828071960248,0:14:42,0.8391304347826087,0.4802527689844195,170.2882613564488,0.8869565217391304,0.31664593836579347,0.5137859163805842,0.004158546529652085,0.030434782608695653,0.1717804023055514
0.40729746575866127,0.003450940702362034,"{((frozenset({yellow}), frozenset({green})),) x 0: 1.0, ((-42, frozenset()), (frozenset({yellow}), frozenset({blue, , magenta, green}))) x 30: 0.6666666666666666, ((frozenset({blue, magenta}), frozenset({green, yellow})),) x 0: 0.0, ((-42, frozenset()), (frozenset({magenta}), frozenset({blue, yellow, , green}))) x 30: 0.75, ((-42, frozenset()), (frozenset({green}), frozenset({blue, yellow, , magenta}))) x 30: 0.14285714285714285, ((-42, frozenset({green})), (frozenset({yellow}), frozenset({blue, , magenta, green}))) x 30: 0.25, ((-42, frozenset({green})), (frozenset({magenta}), frozenset({blue, yellow, , green}))) x 30: 0.5, ((-42, frozenset({magenta})), (frozenset({blue}), frozenset({green, yellow, , magenta}))) x 30: 1.0, ((frozenset({green, magenta}), frozenset()),) x 0: 1.0, ((-42, frozenset({yellow})), (frozenset({green}), frozenset({blue, yellow, , magenta}))) x 30: 1.0, ((-42, frozenset({yellow})), (frozenset({magenta}), frozenset({blue, yellow, , green}))) x 30: 1.0, ((frozenset({blue}), frozenset({green, magenta})), (frozenset({blue, magenta}), frozenset({green, yellow}))) x 0: 1.0, ((-42, frozenset({blue})), (frozenset({green}), frozenset({blue, yellow, , magenta}))) x 30: 1.0, ((frozenset({magenta}), frozenset({green, yellow})), (frozenset({green, blue}), frozenset({yellow}))) x 0: 1.0, ((frozenset({yellow, blue}), frozenset({green, magenta})), (frozenset({magenta}), frozenset({green}))) x 0: 0.6666666666666666, ((-42, frozenset({magenta})), (frozenset({yellow}), frozenset({blue, , magenta, green}))) x 60: 0.5, ((frozenset({blue}), frozenset({yellow})), (frozenset({blue}), frozenset({green, magenta}))) x 0: 1.0, ((frozenset({blue}), frozenset({yellow, magenta})), (frozenset({yellow}), frozenset({magenta}))) x 0: 1.0, ((frozenset({yellow, magenta}), frozenset({blue})), (frozenset({blue}), frozenset({green}))) x 0: 1.0, ((frozenset({yellow, blue}), frozenset({green})), (frozenset({green, magenta}), frozenset())) x 0: 1.0, ((frozenset({green, blue}), frozenset({yellow, magenta})), (frozenset({green, yellow}), frozenset({magenta}))) x 0: 1.0, ((frozenset({green, blue}), frozenset({yellow})), (frozenset({yellow}), frozenset({magenta}))) x 0: 1.0, ((frozenset({yellow}), frozenset({blue})), (frozenset({magenta}), frozenset({green}))) x 0: 1.0, ((frozenset({magenta}), frozenset({green})), (frozenset({yellow, magenta}), frozenset({green}))) x 0: 1.0, ((frozenset({yellow}), frozenset({blue})), (frozenset({blue}), frozenset({magenta}))) x 0: 0.0, ((frozenset({magenta}), frozenset({yellow})), (frozenset({yellow, blue}), frozenset({green}))) x 0: 0.0, ((frozenset({green}), frozenset({blue, magenta})), (frozenset({yellow, blue}), frozenset({magenta}))) x 0: 0.0, ((frozenset({green, blue}), frozenset({yellow, magenta})), (frozenset({yellow, blue}), frozenset({magenta}))) x 0: 1.0, ((frozenset({yellow}), frozenset({magenta})), (frozenset({green}), frozenset({blue}))) x 0: 1.0, ((frozenset({green, blue}), frozenset({magenta})), (frozenset({yellow, blue}), frozenset({magenta}))) x 0: 1.0, ((frozenset({magenta}), frozenset({blue})), (frozenset({yellow, blue}), frozenset({green}))) x 0: 1.0, ((frozenset({green}), frozenset({yellow})), (frozenset({blue, magenta}), frozenset({yellow}))) x 0: 1.0, ((frozenset({blue}), frozenset({green})), (frozenset({yellow, magenta}), frozenset({green}))) x 0: 1.0, ((frozenset({green, magenta}), frozenset({yellow, blue})), (frozenset({yellow, blue}), frozenset())) x 0: 1.0, ((frozenset({blue}), frozenset({green})), (frozenset({blue}), frozenset({green, yellow}))) x 0: 1.0, ((frozenset({magenta}), frozenset({green, blue})), (frozenset({yellow, magenta}), frozenset({green}))) x 0: 1.0, ((-42, frozenset({yellow})), (frozenset({blue}), frozenset({green, yellow, , magenta}))) x 60: 1.0, ((frozenset({blue}), frozenset({green, magenta})), (frozenset({yellow, blue}), frozenset({green, magenta}))) x 0: 1.0, ((frozenset({yellow, green}), frozenset({magenta})), (frozenset({green}), frozenset({blue}))) x 0: 1.0, ((frozenset({yellow, blue}), frozenset({green, magenta})), (frozenset({green}), frozenset({magenta}))) x 0: 1.0, ((frozenset({green, magenta}), frozenset({yellow, blue})), (frozenset({green, yellow}), frozenset({blue}))) x 0: 1.0, ((frozenset({blue}), frozenset({magenta})), (frozenset({yellow, magenta}), frozenset({green}))) x 0: 1.0, ((frozenset({green}), frozenset({yellow, blue})), (frozenset({green}), frozenset({blue, magenta}))) x 0: 1.0, ((frozenset({magenta}), frozenset({blue})), (frozenset({green}), frozenset({yellow}))) x 0: 1.0, ((frozenset({yellow, green}), frozenset({magenta})), (frozenset({yellow}), frozenset({blue}))) x 0: 1.0, ((frozenset({green}), frozenset({magenta})), (frozenset({green, yellow}), frozenset({blue, magenta}))) x 0: 1.0, ((frozenset({yellow}), frozenset({green, blue})), (frozenset({blue, magenta}), frozenset({green}))) x 0: 1.0, ((frozenset({green}), frozenset({blue})), (frozenset({green}), frozenset({yellow, blue}))) x 0: 1.0, ((frozenset({blue, magenta}), frozenset({yellow})), (frozenset({green}), frozenset({yellow}))) x 0: 1.0, ((frozenset({yellow, blue}), frozenset({magenta})), (frozenset({green, blue}), frozenset({magenta}))) x 0: 1.0, ((frozenset({yellow}), frozenset({blue})), (frozenset({yellow}), frozenset({magenta}))) x 0: 1.0, ((frozenset({green, magenta}), frozenset({blue})), (frozenset({green}), frozenset({yellow, blue}))) x 0: 0.5, ((frozenset({magenta}), frozenset({yellow, blue})), (frozenset({blue}), frozenset({yellow, green}))) x 0: 1.0, ((frozenset({green, magenta}), frozenset({yellow})), (frozenset({blue}), frozenset({yellow}))) x 0: 1.0, ((frozenset({yellow}), frozenset({green})), (frozenset({blue, magenta}), frozenset({green}))) x 0: 0.0, ((frozenset({yellow, magenta}), frozenset({green, blue})), (frozenset({blue}), frozenset({green}))) x 0: 1.0, ((frozenset({magenta}), frozenset({green})), (frozenset({blue}), frozenset({green, yellow}))) x 0: 1.0, ((frozenset({green, magenta}), frozenset({yellow, blue})), (frozenset({green}), frozenset({yellow, blue}))) x 0: 1.0, ((frozenset({green, magenta}), frozenset({blue})), (frozenset({green, magenta}), frozenset({yellow, blue}))) x 0: 1.0, ((frozenset({green, blue}), frozenset({magenta})), (frozenset({blue, magenta}), frozenset({yellow}))) x 0: 1.0, ((frozenset({blue, magenta}), frozenset({yellow})), (frozenset({blue}), frozenset({green, yellow}))) x 0: 1.0, ((frozenset({green, magenta}), frozenset({blue})), (frozenset({blue, magenta}), frozenset({yellow}))) x 0: 1.0, ((frozenset({green, yellow}), frozenset({blue, magenta})), (frozenset({magenta}), frozenset({blue}))) x 0: 1.0, ((frozenset({green, magenta}), frozenset({blue})), (frozenset({yellow, green}), frozenset({blue}))) x 0: 1.0, ((frozenset({yellow}), frozenset({green})), (frozenset({green, yellow}), frozenset({magenta}))) x 0: 1.0, ((frozenset({yellow, magenta}), frozenset({green})), (frozenset({magenta}), frozenset({green, blue}))) x 0: 1.0, ((frozenset({green, magenta}), frozenset({blue})), (frozenset({yellow}), frozenset({blue}))) x 0: 1.0, ((frozenset({magenta}), frozenset({green, yellow})), (frozenset({blue, magenta}), frozenset({green}))) x 0: 1.0, ((frozenset({green, blue}), frozenset({yellow})), (frozenset({magenta}), frozenset({yellow}))) x 0: 1.0, ((frozenset({yellow}), frozenset({magenta})), (frozenset({magenta}), frozenset({blue}))) x 0: 1.0, ((frozenset({magenta}), frozenset({green})), (frozenset({blue, magenta}), frozenset({green}))) x 0: 1.0, ((frozenset({magenta}), frozenset({green, blue})), (frozenset({yellow, green}), frozenset({blue}))) x 0: 0.5, ((frozenset({green, magenta}), frozenset({yellow, blue})), (frozenset({blue}), frozenset({yellow}))) x 0: 1.0, ((frozenset({yellow}), frozenset({green})), (frozenset({green}), frozenset({blue, magenta}))) x 0: 1.0, ((frozenset({blue, magenta}), frozenset({green, yellow})), (frozenset({blue, magenta}), frozenset({green, yellow}))) x 0: 1.0, ((frozenset({green}), frozenset({yellow, blue})), (frozenset({blue}), frozenset({yellow, magenta}))) x 0: 0.0, ((frozenset({blue, magenta}), frozenset({green, yellow})), (frozenset({blue, magenta}), frozenset({yellow}))) x 0: 0.0, ((frozenset({yellow, magenta}), frozenset({green, blue})), (frozenset({green, blue}), frozenset())) x 0: 0.5, ((frozenset({green}), frozenset({blue, magenta})), (frozenset({yellow}), frozenset({blue, magenta}))) x 0: 1.0, ((frozenset({blue}), frozenset({green})), (frozenset({green, magenta}), frozenset({yellow}))) x 0: 1.0, ((frozenset({blue}), frozenset({yellow, magenta})), (frozenset({yellow, green}), frozenset({magenta}))) x 0: 1.0, ((frozenset({yellow}), frozenset({magenta})), (frozenset({blue}), frozenset({magenta}))) x 0: 1.0, ((frozenset({green, magenta}), frozenset({yellow, blue})), (frozenset({green}), frozenset({blue}))) x 0: 1.0, ((frozenset({yellow, magenta}), frozenset({green, blue})), (frozenset({green, magenta}), frozenset({blue}))) x 0: 1.0, ((frozenset({yellow, magenta}), frozenset({green, blue})), (frozenset({yellow, magenta}), frozenset({green}))) x 0: 1.0, ((frozenset({green, blue}), frozenset({yellow})), (frozenset({yellow, blue}), frozenset({magenta}))) x 0: 1.0, ((frozenset({magenta}), frozenset({blue})), (frozenset({green, blue}), frozenset({yellow}))) x 0: 1.0, ((frozenset({green, magenta}), frozenset({blue})), (frozenset({green, magenta}), frozenset({blue}))) x 0: 1.0, ((-42, frozenset({blue})), (frozenset({yellow}), frozenset({blue, , magenta, green}))) x 60: 0.0, ((frozenset({green, yellow}), frozenset({magenta})), (frozenset({yellow, green}), frozenset({blue}))) x 0: 1.0, ((frozenset({yellow, blue}), frozenset({green})), (frozenset({yellow, blue}), frozenset({green}))) x 0: 1.0, ((frozenset({blue}), frozenset({yellow})), (frozenset({blue, magenta}), frozenset({yellow}))) x 0: 1.0, ((frozenset({yellow}), frozenset({green, magenta})), (frozenset({green, magenta}), frozenset({blue}))) x 0: 1.0, ((-42, frozenset({green})), (frozenset({blue}), frozenset({green, yellow, , magenta}))) x 60: 0.0, ((frozenset({blue, magenta}), frozenset({yellow})), (frozenset({yellow, blue}), frozenset({green}))) x 0: 1.0, ((frozenset({yellow}), frozenset({magenta})), (frozenset({green, yellow}), frozenset({blue, magenta}))) x 0: 1.0, ((frozenset({magenta}), frozenset({yellow})), (frozenset({blue, magenta}), frozenset({green, yellow}))) x 0: 1.0, ((frozenset({yellow, green}), frozenset({blue, magenta})), (frozenset({yellow}), frozenset({magenta}))) x 0: 0.0, ((frozenset({magenta}), frozenset({blue})), (frozenset({green}), frozenset({yellow, blue}))) x 0: 1.0, ((-42, frozenset({blue})), (frozenset({magenta}), frozenset({blue, yellow, , green}))) x 60: 0.5, ((frozenset({yellow, blue}), frozenset({green, magenta})), (frozenset({green, magenta}), frozenset())) x 0: 1.0, ((frozenset({blue}), frozenset({yellow, magenta})), (frozenset({blue, magenta}), frozenset({yellow}))) x 0: 1.0, ((frozenset({green, magenta}), frozenset({yellow})), (frozenset({yellow}), frozenset({blue}))) x 0: 1.0, ((frozenset({green, yellow}), frozenset({blue, magenta})), (frozenset({yellow, magenta}), frozenset({blue}))) x 0: 1.0, ((frozenset({yellow}), frozenset({green})), (frozenset({blue}), frozenset({magenta}))) x 0: 1.0, ((frozenset({green, yellow}), frozenset({blue, magenta})), (frozenset({green, blue}), frozenset({magenta}))) x 0: 1.0, ((frozenset({blue, magenta}), frozenset({green})), (frozenset({green, blue}), frozenset({yellow}))) x 0: 0.0, ((frozenset({green}), frozenset({yellow, magenta})), (frozenset({green}), frozenset({magenta}))) x 0: 1.0, ((frozenset({magenta}), frozenset({yellow})), (frozenset({green, blue}), frozenset({yellow}))) x 0: 1.0, ((frozenset({green, magenta}), frozenset({yellow, blue})), (frozenset({blue, magenta}), frozenset({yellow}))) x 0: 1.0, ((frozenset({blue}), frozenset({green})), (frozenset({blue}), frozenset({green, magenta}))) x 0: 1.0, ((frozenset({yellow}), frozenset({blue, magenta})), (frozenset({yellow, blue}), frozenset({green, magenta}))) x 0: 0.0, ((frozenset({magenta}), frozenset({green})), (frozenset({yellow, magenta}), frozenset({green, blue}))) x 0: 1.0, ((frozenset({green}), frozenset({blue})), (frozenset({yellow, magenta}), frozenset({blue}))) x 0: 1.0, ((frozenset({yellow, magenta}), frozenset({blue})), (frozenset({magenta}), frozenset({green, blue}))) x 0: 1.0, ((frozenset({yellow, green}), frozenset({magenta})), (frozenset({yellow}), frozenset({blue, magenta}))) x 0: 1.0, ((-42, frozenset()), (frozenset({blue}), frozenset({green, yellow, , magenta}))) x 60: 0.0, ((frozenset({green, magenta}), frozenset({yellow})), (frozenset({magenta}), frozenset({blue}))) x 0: 1.0, ((frozenset({blue, magenta}), frozenset({yellow})), (frozenset({yellow}), frozenset({green}))) x 0: 1.0, ((frozenset({green, yellow}), frozenset({blue})), (frozenset({yellow, blue}), frozenset({magenta}))) x 0: 1.0, ((frozenset({yellow, green}), frozenset({magenta})), (frozenset({yellow, blue}), frozenset({magenta}))) x 0: 1.0, ((frozenset({yellow}), frozenset({green, blue})), (frozenset({blue}), frozenset({green}))) x 0: 1.0, ((frozenset({green, yellow}), frozenset({blue})), (frozenset({green}), frozenset({blue}))) x 0: 1.0, ((frozenset({yellow, magenta}), frozenset({green, blue})), (frozenset({green, yellow}), frozenset({blue}))) x 0: 1.0, ((frozenset({yellow}), frozenset({green, magenta})), (frozenset({blue}), frozenset({green}))) x 0: 1.0, ((frozenset({green, blue}), frozenset({magenta})), (frozenset({green}), frozenset({yellow, magenta}))) x 0: 1.0, ((frozenset({yellow}), frozenset({green, blue})), (frozenset({yellow}), frozenset({blue}))) x 0: 1.0, ((frozenset({blue, magenta}), frozenset({green})), (frozenset({blue, magenta}), frozenset({green}))) x 0: 1.0, ((frozenset({magenta}), frozenset({green})), (frozenset({green, blue}), frozenset({yellow}))) x 0: 1.0, ((frozenset({yellow}), frozenset({blue})), (frozenset({green, yellow}), frozenset({magenta}))) x 0: 1.0, ((frozenset({blue}), frozenset({magenta})), (frozenset({green, blue}), frozenset({yellow, magenta}))) x 0: 1.0, ((frozenset({blue}), frozenset({green, magenta})), (frozenset({blue}), frozenset({green}))) x 0: 1.0, ((frozenset({blue, magenta}), frozenset({green})), (frozenset({green, magenta}), frozenset({yellow}))) x 0: 1.0, ((frozenset({magenta}), frozenset({green, yellow})), (frozenset({yellow}), frozenset({green, blue}))) x 0: 0.0, ((frozenset({blue}), frozenset({yellow, magenta})), (frozenset({blue, magenta}), frozenset({yellow, green}))) x 0: 1.0, ((frozenset({blue, magenta}), frozenset({green})), (frozenset({yellow, blue}), frozenset({green}))) x 0: 1.0, ((frozenset({yellow}), frozenset({green, magenta})), (frozenset({yellow, magenta}), frozenset({blue}))) x 0: 0.0, ((frozenset({green, blue}), frozenset({magenta})), (frozenset({green, blue}), frozenset({yellow, magenta}))) x 0: 1.0, ((frozenset({blue, magenta}), frozenset({green})), (frozenset({yellow, magenta}), frozenset({green}))) x 0: 0.0, ((frozenset({blue}), frozenset({green, yellow})), (frozenset({blue}), frozenset({yellow, green}))) x 0: 1.0, ((frozenset({green, blue}), frozenset({magenta})), (frozenset({green, blue}), frozenset({magenta}))) x 0: 1.0, ((frozenset({yellow}), frozenset({blue, magenta})), (frozenset({yellow, magenta}), frozenset({blue}))) x 0: 1.0, ((frozenset({yellow, magenta}), frozenset({green, blue})), (frozenset({green}), frozenset({blue}))) x 0: 1.0, ((frozenset({green, yellow}), frozenset({blue})), (frozenset({magenta}), frozenset({blue}))) x 0: 1.0, ((frozenset({green}), frozenset({blue})), (frozenset({yellow, blue}), frozenset({magenta}))) x 0: 1.0, ((frozenset({blue}), frozenset({green, magenta})), (frozenset({magenta}), frozenset({green}))) x 0: 1.0, ((frozenset({yellow, green}), frozenset({blue, magenta})), (frozenset({blue}), frozenset({magenta}))) x 0: 1.0, ((frozenset({green, magenta}), frozenset({yellow, blue})), (frozenset({yellow}), frozenset({blue}))) x 0: 1.0, ((frozenset({blue}), frozenset({green, yellow})), (frozenset({green}), frozenset({yellow, magenta}))) x 0: 1.0, ((frozenset({green}), frozenset({blue})), (frozenset({green, blue}), frozenset({magenta}))) x 0: 1.0, ((frozenset({green, magenta}), frozenset({blue})), (frozenset({yellow, blue}), frozenset())) x 0: 1.0, ((frozenset({blue}), frozenset({yellow, magenta})), (frozenset({magenta}), frozenset({yellow, green}))) x 0: 1.0, ((frozenset({yellow}), frozenset({green})), (frozenset({blue}), frozenset({green, magenta}))) x 0: 1.0, ((frozenset({blue}), frozenset({magenta})), (frozenset({blue, magenta}), frozenset({yellow}))) x 0: 1.0, ((frozenset({magenta}), frozenset({yellow})), (frozenset({yellow, magenta}), frozenset({blue}))) x 0: 1.0}",1.6788092628121376,0.055024251325907846,4915200,317.89903846153845,240.296360289344,0.010492634828551672,0:06:24,0.6778846153846154,0.6913555150751689,220.43486444507883,0.8076923076923077,0.39411349099844606,0.5986218433827162,0.009576976852258667,0.1201923076923077,0.325186280251651
0.3930055975175153,0.0033659897876968654,"{((frozenset({yellow, blue}), frozenset({green, magenta})), (frozenset({green, blue}), frozenset({magenta}))) x 0: 1.0, ((frozenset({blue, magenta}), frozenset({yellow})), (frozenset({yellow}), frozenset({green}))) x 0: 1.0, ((frozenset({blue}), frozenset({magenta})), (frozenset({green}), frozenset({magenta}))) x 0: 1.0, ((-42, frozenset()), (frozenset({yellow}), frozenset({blue, , magenta, green}))) x 60: 0.5, ((frozenset({green, magenta}), frozenset({blue})), (frozenset({blue, magenta}), frozenset({yellow}))) x 0: 1.0, ((frozenset({green}), frozenset({magenta})), (frozenset({yellow}), frozenset({blue}))) x 0: 1.0, ((frozenset({yellow}), frozenset({blue})), (frozenset({magenta}), frozenset({green, blue}))) x 0: 0.0, ((frozenset({yellow, magenta}), frozenset({green, blue})), (frozenset({yellow, blue}), frozenset({green}))) x 0: 1.0, ((frozenset({green, magenta}), frozenset({yellow, blue})), (frozenset({yellow}), frozenset({blue}))) x 0: 1.0, ((frozenset({yellow, magenta}), frozenset({blue})), (frozenset({blue}), frozenset({green}))) x 0: 1.0, ((frozenset({green, yellow}), frozenset({blue, magenta})), (frozenset({magenta}), frozenset({blue}))) x 0: 1.0, ((frozenset({yellow, magenta}), frozenset({blue})), (frozenset({yellow, magenta}), frozenset({blue}))) x 0: 1.0, ((-42, frozenset({magenta})), (frozenset({blue}), frozenset({green, yellow, , magenta}))) x 60: 0.3333333333333333, ((frozenset({yellow, magenta}), frozenset({green, blue})), (frozenset({yellow}), frozenset({blue}))) x 0: 1.0, ((frozenset({green, magenta}), frozenset({yellow, blue})), (frozenset({magenta}), frozenset({blue}))) x 0: 0.0, ((frozenset({yellow, blue}), frozenset({green, magenta})), (frozenset({green, yellow}), frozenset({magenta}))) x 0: 0.0, ((-42, frozenset({blue})), (frozenset({green}), frozenset({blue, yellow, , magenta}))) x 60: 0.75, ((-42, frozenset()), (frozenset({magenta}), frozenset({blue, yellow, , green}))) x 60: 0.8, ((frozenset({yellow, green}), frozenset({blue, magenta})), (frozenset({green, blue}), frozenset({magenta}))) x 0: 1.0, ((frozenset({green, blue}), frozenset({magenta})), (frozenset({yellow}), frozenset({magenta}))) x 0: 1.0, ((frozenset({blue}), frozenset({green, magenta})), (frozenset({yellow, blue}), frozenset({magenta}))) x 0: 1.0, ((frozenset({yellow}), frozenset({green})), (frozenset({yellow}), frozenset({green, magenta}))) x 0: 1.0, ((frozenset({green}), frozenset({yellow, magenta})), (frozenset({green, blue}), frozenset({magenta}))) x 0: 1.0, ((frozenset({magenta}), frozenset({green, blue})), (frozenset({yellow, blue}), frozenset({green}))) x 0: 1.0, ((frozenset({yellow}), frozenset({blue, magenta})), (frozenset({green, yellow}), frozenset({blue}))) x 0: 1.0, ((frozenset({magenta}), frozenset({yellow, blue})), (frozenset({green, magenta}), frozenset({yellow}))) x 0: 1.0, ((frozenset({yellow, blue}), frozenset({magenta})), (frozenset({magenta}), frozenset({green}))) x 0: 1.0, ((-42, frozenset({magenta})), (frozenset({yellow}), frozenset({blue, , magenta, green}))) x 60: 1.0, ((frozenset({green, magenta}), frozenset({yellow, blue})), (frozenset({green, yellow}), frozenset({blue}))) x 0: 1.0, ((frozenset({blue}), frozenset({green})), (frozenset({blue}), frozenset({green}))) x 0: 1.0, ((frozenset({yellow, blue}), frozenset({green, magenta})), (frozenset({blue, magenta}), frozenset({green}))) x 0: 1.0, ((frozenset({blue}), frozenset({magenta})), (frozenset({yellow}), frozenset({green}))) x 0: 1.0, ((frozenset({blue}), frozenset({magenta})), (frozenset({green, blue}), frozenset({yellow, magenta}))) x 0: 1.0, ((-42, frozenset()), (frozenset({blue}), frozenset({green, yellow, , magenta}))) x 60: 1.0, ((frozenset({green, magenta}), frozenset({yellow})), (frozenset({magenta}), frozenset({yellow, blue}))) x 0: 1.0, ((frozenset({green}), frozenset({magenta})), (frozenset({magenta}), frozenset({yellow}))) x 0: 1.0, ((-42, frozenset()), (frozenset({green}), frozenset({blue, yellow, , magenta}))) x 60: 0.0, ((frozenset({green, magenta}), frozenset({yellow})), (frozenset({yellow, blue}), frozenset())) x 0: 0.0, ((-42, frozenset({green})), (frozenset({yellow}), frozenset({blue, , magenta, green}))) x 60: 0.0, ((frozenset({yellow}), frozenset({magenta})), (frozenset({green, yellow}), frozenset({blue}))) x 0: 1.0, ((-42, frozenset({blue})), (frozenset({magenta}), frozenset({blue, yellow, , green}))) x 60: 1.0, ((frozenset({magenta}), frozenset({yellow})), (frozenset({blue}), frozenset({green}))) x 0: 0.0, ((frozenset({magenta}), frozenset({blue})), (frozenset({blue, magenta}), frozenset({green, yellow}))) x 0: 1.0, ((frozenset({green, magenta}), frozenset({yellow})), (frozenset({yellow}), frozenset({blue}))) x 0: 1.0, ((-42, frozenset({yellow})), (frozenset({green}), frozenset({blue, yellow, , magenta}))) x 60: 0.75, ((frozenset({green, blue}), frozenset({yellow})), (frozenset({green, yellow}), frozenset({magenta}))) x 0: 1.0, ((-42, frozenset({blue})), (frozenset({yellow}), frozenset({blue, , magenta, green}))) x 60: 0.3333333333333333, ((frozenset({yellow, blue}), frozenset({green, magenta})), (frozenset({green, magenta}), frozenset())) x 0: 0.0, ((frozenset({yellow}), frozenset({blue})), (frozenset({green}), frozenset({blue}))) x 0: 1.0, ((frozenset({magenta}), frozenset({yellow, blue})), (frozenset({blue, magenta}), frozenset({yellow}))) x 0: 1.0, ((frozenset({magenta}), frozenset({green})), (frozenset({blue}), frozenset({yellow}))) x 0: 1.0, ((frozenset({blue, magenta}), frozenset({green})), (frozenset({blue, magenta}), frozenset({yellow, green}))) x 0: 1.0, ((frozenset({green}), frozenset({yellow, magenta})), (frozenset({magenta}), frozenset({blue}))) x 0: 1.0, ((frozenset({green, blue}), frozenset({yellow, magenta})), (frozenset({blue, magenta}), frozenset({yellow}))) x 0: 1.0, ((frozenset({green}), frozenset({magenta})), (frozenset({yellow, blue}), frozenset({magenta}))) x 0: 1.0, ((frozenset({blue}), frozenset({green, magenta})), (frozenset({blue, magenta}), frozenset({yellow, green}))) x 0: 1.0, ((frozenset({green}), frozenset({blue, magenta})), (frozenset({yellow, blue}), frozenset({magenta}))) x 0: 1.0, ((frozenset({green, blue}), frozenset({yellow, magenta})), (frozenset({green, magenta}), frozenset({yellow}))) x 0: 1.0, ((frozenset({magenta}), frozenset({yellow})), (frozenset({yellow, green}), frozenset({blue}))) x 0: 0.0, ((frozenset({blue}), frozenset({yellow, magenta})), (frozenset({yellow, magenta}), frozenset({green}))) x 0: 1.0, ((frozenset({blue}), frozenset({magenta})), (frozenset({magenta}), frozenset({yellow, green}))) x 0: 1.0, ((frozenset({green, blue}), frozenset({magenta})), (frozenset({blue}), frozenset({yellow, magenta}))) x 0: 1.0, ((frozenset({green, yellow}), frozenset({magenta})), (frozenset({green, yellow}), frozenset({blue, magenta}))) x 0: 1.0, ((frozenset({magenta}), frozenset({blue})), (frozenset({yellow, blue}), frozenset({green}))) x 0: 0.0, ((frozenset({magenta}), frozenset({yellow})), (frozenset({green, blue}), frozenset({yellow}))) x 0: 1.0, ((frozenset({green, yellow}), frozenset({magenta})), (frozenset({green, yellow}), frozenset({magenta}))) x 0: 1.0, ((frozenset({green, magenta}), frozenset({yellow, blue})), (frozenset({yellow, blue}), frozenset())) x 0: 1.0, ((frozenset({green}), frozenset({yellow, blue})), (frozenset({magenta}), frozenset({yellow, blue}))) x 0: 1.0, ((frozenset({blue}), frozenset({yellow})), (frozenset({green, yellow}), frozenset({magenta}))) x 0: 1.0, ((frozenset({yellow, blue}), frozenset({green, magenta})), (frozenset({green}), frozenset({magenta}))) x 0: 1.0, ((frozenset({green}), frozenset({blue, magenta})), (frozenset({yellow, magenta}), frozenset({blue}))) x 0: 1.0, ((frozenset({yellow}), frozenset({green, blue})), (frozenset({magenta}), frozenset({green, blue}))) x 0: 1.0, ((frozenset({blue, magenta}), frozenset({green})), (frozenset({magenta}), frozenset({yellow}))) x 0: 1.0, ((frozenset({magenta}), frozenset({green, yellow})), (frozenset({magenta}), frozenset({green}))) x 0: 1.0, ((frozenset({yellow, magenta}), frozenset({green, blue})), (frozenset({magenta}), frozenset({green}))) x 0: 1.0, ((frozenset({blue}), frozenset({green, magenta})), (frozenset({green, magenta}), frozenset({yellow}))) x 0: 1.0, ((frozenset({blue}), frozenset({green})), (frozenset({blue, magenta}), frozenset({yellow}))) x 0: 1.0, ((frozenset({yellow}), frozenset({blue, magenta})), (frozenset({blue, magenta}), frozenset({green}))) x 0: 0.0, ((frozenset({blue}), frozenset({green, yellow})), (frozenset({yellow}), frozenset({green, magenta}))) x 0: 1.0, ((frozenset({magenta}), frozenset({yellow, blue})), (frozenset({magenta}), frozenset({yellow}))) x 0: 1.0, ((frozenset({green}), frozenset({yellow, magenta})), (frozenset({magenta}), frozenset({yellow, blue}))) x 0: 1.0, ((frozenset({green, yellow}), frozenset({blue, magenta})), (frozenset({yellow, green}), frozenset({blue, magenta}))) x 0: 1.0, ((frozenset({blue, magenta}), frozenset({yellow, green})), (frozenset({green, magenta}), frozenset({yellow}))) x 0: 0.0, ((frozenset({yellow}), frozenset({green, magenta})), (frozenset({blue, magenta}), frozenset({green}))) x 0: 1.0, ((frozenset({green, yellow}), frozenset({blue, magenta})), (frozenset({yellow, blue}), frozenset({magenta}))) x 0: 1.0, ((-42, frozenset({magenta})), (frozenset({green}), frozenset({blue, yellow, , magenta}))) x 60: 1.0, ((frozenset({blue, magenta}), frozenset({yellow})), (frozenset({blue}), frozenset({green}))) x 0: 1.0, ((frozenset({magenta}), frozenset({blue})), (frozenset({magenta}), frozenset({green}))) x 0: 1.0, ((frozenset({blue}), frozenset({magenta})), (frozenset({blue, magenta}), frozenset({green}))) x 0: 1.0, ((frozenset({blue}), frozenset({yellow, magenta})), (frozenset({yellow}), frozenset({green, magenta}))) x 0: 0.0, ((frozenset({magenta}), frozenset({green, yellow})), (frozenset({green, magenta}), frozenset({blue}))) x 0: 1.0, ((frozenset({green, blue}), frozenset({yellow, magenta})), (frozenset({blue}), frozenset({yellow}))) x 0: 1.0, ((frozenset({green, blue}), frozenset({yellow, magenta})), (frozenset({magenta}), frozenset({yellow}))) x 0: 0.5, ((frozenset({magenta}), frozenset({yellow, green})), (frozenset({yellow, green}), frozenset({blue}))) x 0: 0.0, ((frozenset({green}), frozenset({blue, magenta})), (frozenset({green, blue}), frozenset({yellow, magenta}))) x 0: 0.0, ((frozenset({magenta}), frozenset({green, blue})), (frozenset({blue}), frozenset({yellow, green}))) x 0: 1.0, ((frozenset({yellow, blue}), frozenset({green, magenta})), (frozenset({magenta}), frozenset({green}))) x 0: 0.0, ((frozenset({blue, magenta}), frozenset({green, yellow})), (frozenset({blue, magenta}), frozenset({yellow}))) x 0: 1.0, ((frozenset({green, blue}), frozenset({yellow})), (frozenset({green}), frozenset({yellow}))) x 0: 1.0, ((frozenset({yellow}), frozenset({blue})), (frozenset({yellow, magenta}), frozenset({green, blue}))) x 0: 1.0, ((-42, frozenset({green})), (frozenset({magenta}), frozenset({blue, yellow, , green}))) x 60: 0.0, ((frozenset({green, blue}), frozenset({yellow, magenta})), (frozenset({blue}), frozenset({magenta}))) x 0: 1.0, ((frozenset({green, magenta}), frozenset({yellow, blue})), (frozenset({green, blue}), frozenset({yellow}))) x 0: 1.0, ((frozenset({green, magenta}), frozenset({blue})), (frozenset({green, yellow}), frozenset({blue}))) x 0: 1.0, ((frozenset({blue, magenta}), frozenset({yellow, green})), (frozenset({blue, magenta}), frozenset({green}))) x 0: 1.0, ((frozenset({blue, magenta}), frozenset({green, yellow})), (frozenset({green, blue}), frozenset({yellow}))) x 0: 1.0, ((frozenset({yellow, magenta}), frozenset({green, blue})), (frozenset({magenta}), frozenset({blue}))) x 0: 0.0, ((frozenset({magenta}), frozenset({yellow})), (frozenset({yellow}), frozenset({green, blue}))) x 0: 1.0, ((-42, frozenset({green})), (frozenset({blue}), frozenset({green, yellow, , magenta}))) x 60: 0.0, ((frozenset({yellow}), frozenset({green, magenta})), (frozenset({green}), frozenset({magenta}))) x 0: 1.0, ((frozenset({magenta}), frozenset({green})), (frozenset({green, blue}), frozenset({yellow}))) x 0: 1.0, ((frozenset({yellow}), frozenset({green, blue})), (frozenset({yellow, green}), frozenset({blue}))) x 0: 1.0, ((frozenset({yellow}), frozenset({magenta})), (frozenset({yellow, magenta}), frozenset({blue}))) x 0: 1.0, ((frozenset({yellow}), frozenset({green})), (frozenset({yellow, magenta}), frozenset({green, blue}))) x 0: 1.0, ((frozenset({yellow, blue}), frozenset({green})), (frozenset({magenta}), frozenset({green}))) x 0: 1.0, ((frozenset({blue}), frozenset({yellow, magenta})), (frozenset({magenta}), frozenset({yellow}))) x 0: 0.0, ((frozenset({yellow, blue}), frozenset({magenta})), (frozenset({blue}), frozenset({magenta}))) x 0: 1.0, ((frozenset({blue}), frozenset({yellow, green})), (frozenset({yellow}), frozenset({magenta}))) x 0: 1.0, ((frozenset({yellow}), frozenset({magenta})), (frozenset({yellow}), frozenset({green}))) x 0: 1.0, ((frozenset({yellow, green}), frozenset({magenta})), (frozenset({magenta}), frozenset({blue}))) x 0: 1.0, ((frozenset({blue, magenta}), frozenset({green, yellow})), (frozenset({yellow, green}), frozenset())) x 0: 1.0, ((frozenset({green, magenta}), frozenset({yellow, blue})), (frozenset({blue}), frozenset({yellow}))) x 0: 1.0, ((frozenset({yellow, magenta}), frozenset({blue})), (frozenset({blue, magenta}), frozenset({green}))) x 0: 1.0, ((frozenset({green, blue}), frozenset({yellow, magenta})), (frozenset({green, blue}), frozenset({yellow, magenta}))) x 0: 1.0, ((frozenset({blue, magenta}), frozenset({yellow})), (frozenset({magenta}), frozenset({green}))) x 0: 0.0, ((frozenset({yellow, green}), frozenset({magenta})), (frozenset({green, blue}), frozenset({magenta}))) x 0: 1.0, ((frozenset({green, blue}), frozenset({yellow, magenta})), (frozenset({green}), frozenset({yellow, magenta}))) x 0: 1.0, ((frozenset({green, blue}), frozenset({yellow, magenta})), (frozenset({yellow, blue}), frozenset({magenta}))) x 0: 1.0, ((frozenset({yellow}), frozenset({green, blue})), (frozenset({green, blue}), frozenset({magenta}))) x 0: 1.0, ((frozenset({blue}), frozenset({yellow, magenta})), (frozenset({green}), frozenset({yellow}))) x 0: 1.0, ((frozenset({magenta}), frozenset({yellow, blue})), (frozenset({magenta}), frozenset({green, blue}))) x 0: 1.0, ((frozenset({yellow, magenta}), frozenset({green})), (frozenset({blue}), frozenset({green}))) x 0: 1.0, ((frozenset({green}), frozenset({magenta})), (frozenset({blue, magenta}), frozenset({yellow}))) x 0: 1.0, ((frozenset({green, blue}), frozenset({yellow, magenta})), (frozenset({green, blue}), frozenset({yellow}))) x 0: 1.0, ((frozenset({blue}), frozenset({yellow})), (frozenset({yellow, blue}), frozenset({green, magenta}))) x 0: 1.0, ((frozenset({green, magenta}), frozenset({blue})), (frozenset({blue}), frozenset({yellow}))) x 0: 1.0, ((frozenset({green, magenta}), frozenset({yellow})), (frozenset({green, magenta}), frozenset({yellow}))) x 0: 1.0, ((-42, frozenset({yellow})), (frozenset({blue}), frozenset({green, yellow, , magenta}))) x 60: 1.0, ((frozenset({blue, magenta}), frozenset({yellow})), (frozenset({yellow, blue}), frozenset({green}))) x 0: 1.0, ((frozenset({green}), frozenset({blue, magenta})), (frozenset({blue}), frozenset({yellow, magenta}))) x 0: 1.0, ((frozenset({magenta}), frozenset({green, yellow})), (frozenset({blue, magenta}), frozenset({green, yellow}))) x 0: 0.0, ((frozenset({green, magenta}), frozenset({yellow, blue})), (frozenset({green}), frozenset({blue}))) x 0: 1.0, ((frozenset({magenta}), frozenset({yellow, green})), (frozenset({yellow, magenta}), frozenset({green, blue}))) x 0: 1.0, ((frozenset({green}), frozenset({blue})), (frozenset({yellow, magenta}), frozenset({blue}))) x 0: 1.0, ((frozenset({green}), frozenset({yellow, magenta})), (frozenset({yellow}), frozenset({blue, magenta}))) x 0: 1.0, ((frozenset({yellow, magenta}), frozenset({green})), (frozenset({yellow, magenta}), frozenset({green, blue}))) x 0: 1.0, ((frozenset({blue}), frozenset({magenta})), (frozenset({blue}), frozenset({green}))) x 0: 1.0, ((frozenset({green, yellow}), frozenset({blue})), (frozenset({yellow, magenta}), frozenset({blue}))) x 0: 1.0, ((frozenset({green, magenta}), frozenset({yellow})), (frozenset({green, magenta}), frozenset({blue}))) x 0: 1.0, ((frozenset({blue}), frozenset({yellow})), (frozenset({yellow}), frozenset({magenta}))) x 0: 1.0, ((frozenset({green}), frozenset({yellow, magenta})), (frozenset({yellow}), frozenset({magenta}))) x 0: 0.0, ((frozenset({blue, magenta}), frozenset({yellow})), (frozenset({yellow, magenta}), frozenset({green}))) x 0: 1.0, ((frozenset({green}), frozenset({yellow})), (frozenset({yellow, blue}), frozenset({magenta}))) x 0: 0.5, ((frozenset({blue}), frozenset({green, magenta})), (frozenset({green, blue}), frozenset({yellow, magenta}))) x 0: 1.0, ((frozenset({green, magenta}), frozenset({yellow, blue})), (frozenset({green}), frozenset({yellow, blue}))) x 0: 1.0, ((frozenset({yellow, magenta}), frozenset({green, blue})), (frozenset({blue}), frozenset({green}))) x 0: 0.0, ((frozenset({green}), frozenset({magenta})), (frozenset({green, magenta}), frozenset({yellow, blue}))) x 0: 1.0, ((frozenset({green, blue}), frozenset({yellow})), (frozenset({yellow, blue}), frozenset({magenta}))) x 0: 1.0, ((frozenset({yellow}), frozenset({magenta})), (frozenset({magenta}), frozenset({blue}))) x 0: 1.0, ((frozenset({blue}), frozenset({magenta})), (frozenset({blue}), frozenset({yellow, magenta}))) x 0: 1.0, ((frozenset({yellow, magenta}), frozenset({green})), (frozenset({magenta}), frozenset({green, blue}))) x 0: 1.0, ((frozenset({yellow, magenta}), frozenset({blue})), (frozenset({magenta}), frozenset({green}))) x 0: 1.0, ((frozenset({magenta}), frozenset({yellow, green})), (frozenset({green, blue}), frozenset({yellow}))) x 0: 1.0, ((frozenset({magenta}), frozenset({yellow, blue})), (frozenset({green}), frozenset({yellow, blue}))) x 0: 1.0, ((frozenset({yellow, green}), frozenset({blue, magenta})), (frozenset({green}), frozenset({blue, magenta}))) x 0: 1.0, ((frozenset({yellow}), frozenset({blue, magenta})), (frozenset({green, blue}), frozenset({magenta}))) x 0: 1.0}",1.6807195618748665,0.06219121198175029,4980736,307.16901408450707,234.14447122678388,0.017283850320382044,0:01:52,0.6525821596244131,0.7130279275101505,170.6804682977685,0.7934272300469484,0.40484621854103464,0.6133515723049641,0.010106276502483524,0.13615023474178403,0.3429480256854399
0.375842290512428,0.0029302752526328903,"{((frozenset({green, yellow}), frozenset({blue})), (frozenset({blue}), frozenset({magenta}))) x 0: 1.0, ((-42, frozenset()), (frozenset({yellow}), frozenset({blue, , magenta, green}))) x 60: 0.5, ((-42, frozenset({magenta})), (frozenset({yellow}), frozenset({blue, , magenta, green}))) x 60: 0.5, ((frozenset({yellow}), frozenset({green, blue})), (frozenset({magenta}), frozenset({green, blue}))) x 0: 1.0, ((frozenset({yellow, blue}), frozenset({green, magenta})), (frozenset({blue}), frozenset({green, magenta}))) x 0: 0.5, ((frozenset({blue, magenta}), frozenset({yellow, green})), (frozenset({green, magenta}), frozenset({yellow}))) x 0: 1.0, ((-42, frozenset({yellow})), (frozenset({green}), frozenset({blue, yellow, , magenta}))) x 60: 0.8, ((-42, frozenset({magenta})), (frozenset({green}), frozenset({blue, yellow, , magenta}))) x 60: 1.0, ((frozenset({magenta}), frozenset({yellow, green})), (frozenset({magenta}), frozenset({blue}))) x 0: 1.0, ((frozenset({yellow}), frozenset({green, magenta})), (frozenset({blue, magenta}), frozenset({green}))) x 0: 1.0, ((frozenset({green, magenta}), frozenset({yellow})), (frozenset({magenta}), frozenset({yellow}))) x 0: 1.0, ((frozenset({yellow}), frozenset({green})), (frozenset({green}), frozenset({blue}))) x 0: 0.0, ((frozenset({green, blue}), frozenset({yellow})), (frozenset({yellow, magenta}), frozenset())) x 0: 1.0, ((frozenset({blue, magenta}), frozenset({green})), (frozenset({magenta}), frozenset({green}))) x 0: 1.0, ((-42, frozenset({green})), (frozenset({magenta}), frozenset({blue, yellow, , green}))) x 60: 1.0, ((frozenset({magenta}), frozenset({green, yellow})), (frozenset({magenta}), frozenset({yellow}))) x 0: 1.0, ((frozenset({magenta}), frozenset({green})), (frozenset({green}), frozenset({yellow, blue}))) x 0: 1.0, ((frozenset({yellow, blue}), frozenset({green, magenta})), (frozenset({magenta}), frozenset({green}))) x 0: 1.0, ((frozenset({yellow, blue}), frozenset({magenta})), (frozenset({magenta}), frozenset({green}))) x 0: 0.0, ((frozenset({blue}), frozenset({green})), (frozenset({green, blue}), frozenset({yellow}))) x 0: 1.0, ((frozenset({blue}), frozenset({yellow})), (frozenset({magenta}), frozenset({yellow}))) x 0: 1.0, ((frozenset({yellow, magenta}), frozenset({blue})), (frozenset({green}), frozenset({blue}))) x 0: 0.0, ((frozenset({yellow}), frozenset({green})), (frozenset({green}), frozenset({magenta}))) x 0: 1.0, ((frozenset({yellow, green}), frozenset({blue, magenta})), (frozenset({green, blue}), frozenset({magenta}))) x 0: 1.0, ((frozenset({yellow, green}), frozenset({blue})), (frozenset({green}), frozenset({magenta}))) x 0: 1.0, ((frozenset({blue}), frozenset({green, magenta})), (frozenset({blue}), frozenset({green}))) x 0: 1.0, ((frozenset({yellow, magenta}), frozenset({green, blue})), (frozenset({green, blue}), frozenset())) x 0: 1.0, ((frozenset({green, blue}), frozenset({yellow, magenta})), (frozenset({magenta}), frozenset({yellow}))) x 0: 1.0, ((frozenset({green, blue}), frozenset({yellow})), (frozenset({blue}), frozenset({yellow}))) x 0: 1.0, ((frozenset({green}), frozenset({blue})), (frozenset({green}), frozenset({blue, magenta}))) x 0: 1.0, ((frozenset({green, yellow}), frozenset({blue})), (frozenset({green}), frozenset({blue, magenta}))) x 0: 1.0, ((frozenset({green}), frozenset({yellow, magenta})), (frozenset({magenta}), frozenset({yellow, blue}))) x 0: 1.0, ((frozenset({magenta}), frozenset({yellow, green})), (frozenset({green, yellow}), frozenset({blue}))) x 0: 0.0, ((frozenset({yellow, magenta}), frozenset({blue})), (frozenset({yellow, green}), frozenset({blue}))) x 0: 1.0, ((frozenset({yellow, blue}), frozenset({green, magenta})), (frozenset({yellow, blue}), frozenset({green}))) x 0: 1.0, ((frozenset({green}), frozenset({blue, magenta})), (frozenset({magenta}), frozenset({yellow, blue}))) x 0: 1.0, ((frozenset({blue}), frozenset({green, yellow})), (frozenset({green}), frozenset({yellow}))) x 0: 1.0, ((frozenset({blue}), frozenset({green, magenta})), (frozenset({green}), frozenset({yellow, magenta}))) x 0: 0.0, ((frozenset({green}), frozenset({yellow, blue})), (frozenset({green}), frozenset({magenta}))) x 0: 1.0, ((frozenset({yellow}), frozenset({green})), (frozenset({green, magenta}), frozenset({blue}))) x 0: 1.0, ((frozenset({green}), frozenset({yellow})), (frozenset({green, magenta}), frozenset({yellow, blue}))) x 0: 1.0, ((frozenset({yellow, magenta}), frozenset({blue})), (frozenset({green, magenta}), frozenset({blue}))) x 0: 1.0, ((frozenset({blue}), frozenset({green})), (frozenset({magenta}), frozenset({yellow, green}))) x 0: 1.0, ((frozenset({magenta}), frozenset({yellow, green})), (frozenset({green}), frozenset({yellow}))) x 0: 0.5, ((frozenset({blue}), frozenset({yellow, green})), (frozenset({magenta}), frozenset({yellow, green}))) x 0: 0.0, ((frozenset({yellow, magenta}), frozenset({green, blue})), (frozenset({green}), frozenset({blue}))) x 0: 1.0, ((frozenset({green}), frozenset({yellow, blue})), (frozenset({green}), frozenset({yellow, magenta}))) x 0: 1.0, ((frozenset({green}), frozenset({blue, magenta})), (frozenset({green, magenta}), frozenset({blue}))) x 0: 1.0, ((frozenset({blue, magenta}), frozenset({green})), (frozenset({yellow, magenta}), frozenset({green}))) x 0: 1.0, ((frozenset({yellow, blue}), frozenset({magenta})), (frozenset({green, blue}), frozenset({magenta}))) x 0: 1.0, ((frozenset({yellow}), frozenset({green})), (frozenset({blue}), frozenset({green, magenta}))) x 0: 1.0, ((frozenset({green}), frozenset({yellow, magenta})), (frozenset({green}), frozenset({yellow}))) x 0: 0.0, ((frozenset({yellow}), frozenset({blue, magenta})), (frozenset({blue, magenta}), frozenset({green}))) x 0: 0.0, ((frozenset({blue, magenta}), frozenset({green})), (frozenset({yellow, green}), frozenset())) x 0: 1.0, ((frozenset({yellow, blue}), frozenset({magenta})), (frozenset({yellow, green}), frozenset({magenta}))) x 0: 1.0, ((frozenset({yellow, blue}), frozenset({green, magenta})), (frozenset({green}), frozenset({magenta}))) x 0: 1.0, ((frozenset({yellow, green}), frozenset({blue})), (frozenset({green, yellow}), frozenset({blue, magenta}))) x 0: 0.0, ((frozenset({blue}), frozenset({yellow, magenta})), (frozenset({green}), frozenset({magenta}))) x 0: 1.0, ((frozenset({green, yellow}), frozenset({blue, magenta})), (frozenset({green}), frozenset({blue, magenta}))) x 0: 1.0, ((-42, frozenset({yellow})), (frozenset({magenta}), frozenset({blue, yellow, , green}))) x 60: 0.0, ((frozenset({green, blue}), frozenset({yellow})), (frozenset({yellow}), frozenset({magenta}))) x 0: 1.0, ((-42, frozenset()), (frozenset({magenta}), frozenset({blue, yellow, , green}))) x 60: 0.8571428571428571, ((frozenset({blue}), frozenset({magenta})), (frozenset({magenta}), frozenset({yellow, green}))) x 0: 0.0, ((frozenset({green, magenta}), frozenset({yellow})), (frozenset({yellow, magenta}), frozenset({blue}))) x 0: 1.0, ((frozenset({blue}), frozenset({yellow, green})), (frozenset({green, yellow}), frozenset({magenta}))) x 0: 0.5, ((frozenset({yellow}), frozenset({green, magenta})), (frozenset({green}), frozenset({blue, magenta}))) x 0: 0.5, ((frozenset({blue}), frozenset({yellow, magenta})), (frozenset({green, blue}), frozenset({yellow}))) x 0: 1.0, ((frozenset({yellow, blue}), frozenset({green})), (frozenset({magenta}), frozenset({green}))) x 0: 1.0, ((frozenset({blue}), frozenset({yellow})), (frozenset({blue}), frozenset({green, yellow}))) x 0: 1.0, ((-42, frozenset({blue})), (frozenset({magenta}), frozenset({blue, yellow, , green}))) x 60: 0.5, ((frozenset({yellow}), frozenset({green, magenta})), (frozenset({magenta}), frozenset({blue}))) x 0: 1.0, ((frozenset({magenta}), frozenset({green})), (frozenset({green, yellow}), frozenset({blue}))) x 0: 1.0, ((frozenset({green, blue}), frozenset({yellow})), (frozenset({green, magenta}), frozenset({yellow}))) x 0: 1.0, ((frozenset({green, yellow}), frozenset({blue, magenta})), (frozenset({yellow}), frozenset({blue}))) x 0: 1.0, ((-42, frozenset({blue})), (frozenset({green}), frozenset({blue, yellow, , magenta}))) x 60: 0.5, ((frozenset({green, blue}), frozenset({yellow, magenta})), (frozenset({yellow, blue}), frozenset({magenta}))) x 0: 1.0, ((frozenset({magenta}), frozenset({yellow, blue})), (frozenset({green, magenta}), frozenset({yellow}))) x 0: 0.0, ((frozenset({green, blue}), frozenset({magenta})), (frozenset({green, blue}), frozenset({yellow, magenta}))) x 0: 1.0, ((frozenset({blue}), frozenset({magenta})), (frozenset({yellow, green}), frozenset({magenta}))) x 0: 1.0, ((frozenset({magenta}), frozenset({green, blue})), (frozenset({blue, magenta}), frozenset({green, yellow}))) x 0: 1.0, ((frozenset({blue}), frozenset({yellow})), (frozenset({yellow, green}), frozenset({magenta}))) x 0: 1.0, ((frozenset({green, magenta}), frozenset({yellow, blue})), (frozenset({magenta}), frozenset({blue}))) x 0: 1.0, ((-42, frozenset({blue})), (frozenset({yellow}), frozenset({blue, , magenta, green}))) x 60: 0.0, ((-42, frozenset()), (frozenset({green}), frozenset({blue, yellow, , magenta}))) x 60: 0.75, ((frozenset({green}), frozenset({yellow, magenta})), (frozenset({blue}), frozenset({magenta}))) x 0: 1.0, ((frozenset({green, yellow}), frozenset({blue, magenta})), (frozenset({magenta}), frozenset({blue}))) x 0: 1.0, ((frozenset({yellow, blue}), frozenset({green, magenta})), (frozenset({yellow}), frozenset({green, magenta}))) x 0: 0.0, ((frozenset({blue, magenta}), frozenset({green})), (frozenset({green}), frozenset({yellow}))) x 0: 1.0, ((frozenset({blue}), frozenset({yellow, magenta})), (frozenset({blue}), frozenset({green, yellow}))) x 0: 1.0, ((-42, frozenset()), (frozenset({blue}), frozenset({green, yellow, , magenta}))) x 60: 1.0, ((frozenset({blue}), frozenset({green})), (frozenset({green, yellow}), frozenset({magenta}))) x 0: 1.0, ((frozenset({green}), frozenset({magenta})), (frozenset({yellow}), frozenset({blue}))) x 0: 0.0, ((frozenset({green, magenta}), frozenset({yellow, blue})), (frozenset({yellow}), frozenset({blue}))) x 0: 1.0, ((frozenset({green}), frozenset({blue, magenta})), (frozenset({yellow}), frozenset({blue, magenta}))) x 0: 1.0, ((frozenset({blue}), frozenset({green})), (frozenset({magenta}), frozenset({green}))) x 0: 1.0, ((frozenset({blue, magenta}), frozenset({yellow, green})), (frozenset({blue, magenta}), frozenset({green}))) x 0: 1.0, ((frozenset({blue}), frozenset({green})), (frozenset({green, magenta}), frozenset({yellow}))) x 0: 1.0, ((frozenset({yellow, magenta}), frozenset({green, blue})), (frozenset({green, magenta}), frozenset({blue}))) x 0: 1.0, ((frozenset({green, blue}), frozenset({magenta})), (frozenset({yellow, blue}), frozenset({magenta}))) x 0: 1.0, ((frozenset({yellow, magenta}), frozenset({green})), (frozenset({green}), frozenset({blue}))) x 0: 0.5, ((frozenset({green}), frozenset({magenta})), (frozenset({blue, magenta}), frozenset({yellow}))) x 0: 0.5, ((frozenset({green}), frozenset({yellow, blue})), (frozenset({yellow, magenta}), frozenset({blue}))) x 0: 0.0, ((frozenset({magenta}), frozenset({green, yellow})), (frozenset({green, magenta}), frozenset({yellow, blue}))) x 0: 1.0, ((frozenset({yellow}), frozenset({blue})), (frozenset({magenta}), frozenset({blue}))) x 0: 1.0, ((frozenset({yellow, green}), frozenset({blue})), (frozenset({magenta}), frozenset({blue}))) x 0: 1.0, ((frozenset({blue}), frozenset({yellow, magenta})), (frozenset({yellow, blue}), frozenset({green, magenta}))) x 0: 1.0, ((frozenset({magenta}), frozenset({blue})), (frozenset({green, magenta}), frozenset({yellow, blue}))) x 0: 1.0, ((frozenset({yellow, blue}), frozenset({green, magenta})), (frozenset({yellow, blue}), frozenset({green, magenta}))) x 0: 1.0, ((frozenset({blue}), frozenset({yellow})), (frozenset({magenta}), frozenset({green, yellow}))) x 0: 1.0, ((frozenset({yellow, green}), frozenset({magenta})), (frozenset({blue}), frozenset({magenta}))) x 0: 1.0, ((frozenset({yellow}), frozenset({blue, magenta})), (frozenset({green}), frozenset({blue, magenta}))) x 0: 1.0, ((frozenset({blue, magenta}), frozenset({green})), (frozenset({yellow}), frozenset({green}))) x 0: 1.0, ((frozenset({green, blue}), frozenset({yellow, magenta})), (frozenset({blue, magenta}), frozenset({yellow}))) x 0: 1.0, ((frozenset({magenta}), frozenset({green, blue})), (frozenset({yellow, magenta}), frozenset({blue}))) x 0: 1.0, ((frozenset({yellow}), frozenset({blue})), (frozenset({green, blue}), frozenset({magenta}))) x 0: 0.0, ((frozenset({green, magenta}), frozenset({yellow, blue})), (frozenset({green}), frozenset({yellow, blue}))) x 0: 0.0, ((frozenset({blue}), frozenset({magenta})), (frozenset({blue}), frozenset({green, magenta}))) x 0: 1.0, ((frozenset({yellow, magenta}), frozenset({green, blue})), (frozenset({yellow}), frozenset({green, blue}))) x 0: 1.0, ((frozenset({green, blue}), frozenset({magenta})), (frozenset({green, blue}), frozenset({magenta}))) x 0: 1.0, ((frozenset({green, magenta}), frozenset({yellow})), (frozenset({yellow, green}), frozenset({blue}))) x 0: 1.0, ((frozenset({green, blue}), frozenset({magenta})), (frozenset({yellow}), frozenset({magenta}))) x 0: 0.0, ((frozenset({magenta}), frozenset({yellow, green})), (frozenset({yellow}), frozenset({green, blue}))) x 0: 1.0, ((frozenset({green, magenta}), frozenset({yellow})), (frozenset({green}), frozenset({yellow, blue}))) x 0: 1.0, ((frozenset({yellow, blue}), frozenset({green})), (frozenset({green, magenta}), frozenset())) x 0: 1.0, ((frozenset({green, yellow}), frozenset({blue})), (frozenset({green}), frozenset({blue}))) x 0: 1.0, ((frozenset({magenta}), frozenset({green})), (frozenset({yellow, magenta}), frozenset({green}))) x 0: 1.0, ((frozenset({green, yellow}), frozenset({blue})), (frozenset({yellow}), frozenset({blue, magenta}))) x 0: 1.0, ((frozenset({magenta}), frozenset({yellow, blue})), (frozenset({green, magenta}), frozenset({yellow, blue}))) x 0: 1.0, ((-42, frozenset({green})), (frozenset({blue}), frozenset({green, yellow, , magenta}))) x 60: 0.0, ((frozenset({yellow}), frozenset({magenta})), (frozenset({yellow, blue}), frozenset({green}))) x 0: 1.0, ((frozenset({blue}), frozenset({green, magenta})), (frozenset({yellow, blue}), frozenset({magenta}))) x 0: 1.0, ((frozenset({green, blue}), frozenset({yellow})), (frozenset({magenta}), frozenset({yellow}))) x 0: 1.0, ((frozenset({magenta}), frozenset({green, blue})), (frozenset({yellow}), frozenset({blue}))) x 0: 1.0, ((frozenset({blue, magenta}), frozenset({green, yellow})), (frozenset({green, yellow}), frozenset())) x 0: 1.0, ((frozenset({magenta}), frozenset({blue})), (frozenset({green, yellow}), frozenset({blue}))) x 0: 1.0, ((frozenset({green, blue}), frozenset({yellow, magenta})), (frozenset({blue}), frozenset({yellow}))) x 0: 1.0, ((frozenset({yellow, green}), frozenset({blue, magenta})), (frozenset({green}), frozenset({magenta}))) x 0: 1.0, ((frozenset({green}), frozenset({magenta})), (frozenset({yellow, blue}), frozenset({magenta}))) x 0: 1.0, ((frozenset({yellow, magenta}), frozenset({blue})), (frozenset({yellow, magenta}), frozenset({green, blue}))) x 0: 1.0, ((frozenset({blue}), frozenset({magenta})), (frozenset({blue}), frozenset({yellow}))) x 0: 0.0, ((frozenset({magenta}), frozenset({green, blue})), (frozenset({yellow, magenta}), frozenset({green}))) x 0: 0.5, ((frozenset({blue}), frozenset({yellow, magenta})), (frozenset({blue}), frozenset({yellow}))) x 0: 1.0, ((frozenset({green, blue}), frozenset({yellow, magenta})), (frozenset({yellow, green}), frozenset({magenta}))) x 0: 1.0, ((frozenset({green, magenta}), frozenset({blue})), (frozenset({magenta}), frozenset({yellow}))) x 0: 1.0, ((frozenset({green, blue}), frozenset({magenta})), (frozenset({blue}), frozenset({yellow, magenta}))) x 0: 1.0, ((frozenset({yellow}), frozenset({blue, magenta})), (frozenset({green, magenta}), frozenset({blue}))) x 0: 1.0, ((frozenset({yellow}), frozenset({magenta})), (frozenset({blue}), frozenset({green, magenta}))) x 0: 1.0, ((frozenset({yellow}), frozenset({green, magenta})), (frozenset({blue}), frozenset({green}))) x 0: 1.0, ((frozenset({magenta}), frozenset({green, blue})), (frozenset({yellow, magenta}), frozenset({green, blue}))) x 0: 1.0, ((frozenset({yellow, blue}), frozenset({green})), (frozenset({blue, magenta}), frozenset({green}))) x 0: 1.0, ((frozenset({yellow, blue}), frozenset({green, magenta})), (frozenset({green, magenta}), frozenset())) x 0: 1.0, ((frozenset({blue}), frozenset({green, magenta})), (frozenset({magenta}), frozenset({green, yellow}))) x 0: 0.0, ((frozenset({yellow, green}), frozenset({blue, magenta})), (frozenset({blue, magenta}), frozenset())) x 0: 1.0, ((frozenset({green}), frozenset({yellow, magenta})), (frozenset({yellow, blue}), frozenset({magenta}))) x 0: 0.0, ((frozenset({magenta}), frozenset({green, blue})), (frozenset({magenta}), frozenset({green, blue}))) x 0: 1.0, ((frozenset({yellow, magenta}), frozenset({green, blue})), (frozenset({blue}), frozenset({green}))) x 0: 1.0, ((frozenset({green, magenta}), frozenset({blue})), (frozenset({green, yellow}), frozenset({blue}))) x 0: 1.0, ((-42, frozenset({green})), (frozenset({yellow}), frozenset({blue, , magenta, green}))) x 60: 0.0, ((frozenset({yellow}), frozenset({green})), (frozenset({yellow}), frozenset({green, blue}))) x 0: 1.0, ((frozenset({blue}), frozenset({green})), (frozenset({green}), frozenset({yellow, magenta}))) x 0: 1.0, ((frozenset({yellow}), frozenset({green})), (frozenset({green, blue}), frozenset({magenta}))) x 0: 1.0, ((frozenset({yellow}), frozenset({green, magenta})), (frozenset({blue}), frozenset({magenta}))) x 0: 1.0, ((frozenset({magenta}), frozenset({green})), (frozenset({magenta}), frozenset({yellow, blue}))) x 0: 1.0, ((frozenset({yellow, magenta}), frozenset({green, blue})), (frozenset({magenta}), frozenset({green}))) x 0: 1.0}",1.6833320371806622,0.060560243259894966,5046272,299.1834862385321,197.1832457077582,0.017398544965544716,0:00:00,0.6513761467889908,0.7403959613710157,193.98341417041593,0.8119266055045872,0.39077076755866175,0.6324053704738617,0.00974241757648997,0.13302752293577982,0.3396044774106349
