adr,arps,avg_goal_success,entropy,grad_norm,num_steps,num_steps_per_episode_mean,num_steps_per_episode_std,policy_loss,remaining,return_per_episode_mean,return_per_episode_std,sps,success_per_episode_mean,success_per_episode_std,value,value_loss,violation_per_episode_mean,violation_per_episode_std
-0.04898308427801574,-0.00026508244467592394,"{((frozenset({magenta}), frozenset()),) x 0: 0.05263157894736842, ((frozenset({green}), frozenset()),) x 0: 0.0, ((frozenset({yellow}), frozenset()),) x 0: 0.15384615384615385, ((frozenset({blue}), frozenset()),) x 0: 0.0}",1.058450099080801,0.057548920565221984,65536,902.4090909090909,198.98713048630447,-2.105438215949107e-05,18:16:06,-0.25757575757575757,0.531168125544185,75.02969368020582,0.045454545454545456,0.20829889522526548,-0.046000862028449774,0.01023439088021405,0.0,0.0
0.0032426553041990246,1.5117416640315425e-05,"{((frozenset({yellow}), frozenset()),) x 0: 0.0, ((frozenset({green}), frozenset()),) x 0: 0.0, ((frozenset({magenta}), frozenset()),) x 0: 0.06666666666666667, ((frozenset({blue}), frozenset()),) x 0: 0.09090909090909091}",1.0888096280395985,0.02268510682514531,131072,968.3333333333334,107.97577356410872,-0.002526189880882157,18:28:21,0.0,0.30151134457776363,73.21503795464453,0.045454545454545456,0.20829889522526548,-0.04194358899258077,0.0009668620541560813,0.0,0.0
-0.002077011827994076,-1.5151881826572886e-05,"{((frozenset({green}), frozenset()),) x 0: 0.0, ((frozenset({blue}), frozenset()),) x 0: 0.05555555555555555, ((frozenset({yellow}), frozenset()),) x 0: 0.0, ((frozenset({magenta}), frozenset()),) x 0: 0.0}",1.1649581491947174,0.014473955799271028,196608,989.4179104477612,59.63399542676262,-0.0012645475990211708,19:00:16,-0.014925373134328358,0.21107665110046192,70.20822325930563,0.014925373134328358,0.12125430454680536,-0.026836025470402092,0.0005142610816619708,0.0,0.0
0.04066372733668075,0.0002390512422053945,"{((frozenset({blue}), frozenset()),) x 0: 0.19047619047619047, ((frozenset({green}), frozenset()),) x 0: 0.06666666666666667, ((frozenset({yellow}), frozenset()),) x 0: 0.14285714285714285, ((frozenset({magenta}), frozenset()),) x 0: 0.058823529411764705}",1.2064278535544872,0.0173598845121505,262144,935.5671641791045,177.27339740996547,-0.0034960984048666432,17:54:29,0.08955223880597014,0.37581129289594545,73.48942312213657,0.11940298507462686,0.3242621042149318,-0.025161271099932492,0.0014533387984556612,0.0,0.0
0.039414573171217174,0.00023473418319938685,"{((frozenset({green}), frozenset()),) x 0: 0.0, ((frozenset({yellow}), frozenset()),) x 0: 0.29411764705882354, ((frozenset({magenta}), frozenset()),) x 0: 0.15789473684210525, ((frozenset({blue}), frozenset()),) x 0: 0.19047619047619047}",1.2405334152281284,0.024443213571466133,327680,938.0,156.23513262600915,-0.004952062474330887,16:24:47,0.1388888888888889,0.41851442148109347,79.07465723704325,0.16666666666666666,0.37267799624996495,-0.026407236291561276,0.002116364881658228,0.0,0.0
0.03010343510210268,0.00019868698379294988,"{((frozenset({blue}), frozenset()),) x 0: 0.08333333333333333, ((frozenset({green}), frozenset()),) x 0: 0.16, ((frozenset({yellow}), frozenset()),) x 0: 0.06666666666666667, ((frozenset({magenta}), frozenset()),) x 0: 0.0}",1.3228501714766026,0.01838434397224257,393216,945.7101449275362,164.35117063283968,-0.002494601721991785,15:16:49,0.057971014492753624,0.3355315044287022,83.7451935094262,0.08695652173913043,0.2817713347133852,-0.016673399251885712,0.0011974525787081802,0.0,0.0
0.07258309783448116,0.00044212365839016774,"{((frozenset({green}), frozenset()),) x 0: 0.17647058823529413, ((frozenset({magenta}), frozenset()),) x 0: 0.125, ((frozenset({yellow}), frozenset()),) x 0: 0.17391304347826086, ((frozenset({blue}), frozenset()),) x 0: 0.3157894736842105}",1.3766615837812424,0.026769947246131652,458752,885.4533333333334,226.5855713754862,-0.005382632094551809,11:15:34,0.17333333333333334,0.4434210439550904,112.03407242282151,0.2,0.4,-0.012771314417477697,0.002423347188596381,0.0,0.0
0.04499120880782366,0.00026672077165743697,"{((frozenset({green}), frozenset()),) x 0: 0.05555555555555555, ((frozenset({blue}), frozenset()),) x 0: 0.125, ((frozenset({magenta}), frozenset()),) x 0: 0.058823529411764705, ((frozenset({yellow}), frozenset()),) x 0: 0.17647058823529413}",1.4564828649163246,0.021842337473879314,524288,943.0294117647059,179.48217760024136,-0.0029724826526944526,9:51:28,0.10294117647058823,0.30388203411429154,126.11717232592109,0.10294117647058823,0.30388203411429154,-0.007611380018715863,0.0010624644919516868,0.0,0.0
0.08475157602920388,0.00048310378548843707,"{((frozenset({green}), frozenset()),) x 0: 0.2608695652173913, ((frozenset({magenta}), frozenset()),) x 0: 0.125, ((frozenset({yellow}), frozenset()),) x 0: 0.375, ((frozenset({blue}), frozenset()),) x 0: 0.3157894736842105}",1.5302482061088085,0.029559024812904046,589824,893.5405405405405,193.99339562380405,-0.006348953727865592,10:32:18,0.2702702702702703,0.4440993709501347,116.24534741570959,0.2702702702702703,0.4440993709501347,0.004360622845524631,0.0027356238933862187,0.0,0.0
0.10171986342994531,0.0006853699032713261,"{((frozenset({yellow}), frozenset()),) x 0: 0.5555555555555556, ((frozenset({blue}), frozenset()),) x 0: 0.391304347826087, ((frozenset({green}), frozenset()),) x 0: 0.11764705882352941, ((frozenset({magenta}), frozenset()),) x 0: 0.15384615384615385}",1.583509549498558,0.027700618948383066,655360,872.6133333333333,233.4305831624373,-0.006467320075898897,10:05:22,0.26666666666666666,0.44221663871405337,119.61167840107954,0.26666666666666666,0.44221663871405337,0.005709676628612215,0.002705557162698824,0.0,0.0
0.0740089665606511,0.0004779697994518889,"{((frozenset({blue}), frozenset()),) x 0: 0.25, ((frozenset({magenta}), frozenset()),) x 0: 0.05263157894736842, ((frozenset({yellow}), frozenset()),) x 0: 0.3333333333333333, ((frozenset({green}), frozenset()),) x 0: 0.15384615384615385}",1.6187747679650784,0.020141027968913983,720896,908.581081081081,218.9151388562538,-0.004062426360178506,9:49:41,0.17567567567567569,0.38054399568456015,120.94250766160428,0.17567567567567569,0.38054399568456015,0.010312815829820465,0.0018216635507997125,0.0,0.0
0.11967361107463839,0.0008052502453161237,"{((frozenset({yellow}), frozenset()),) x 0: 0.4166666666666667, ((frozenset({magenta}), frozenset()),) x 0: 0.10526315789473684, ((frozenset({green}), frozenset()),) x 0: 0.27586206896551724, ((frozenset({blue}), frozenset()),) x 0: 0.5333333333333333}",1.6370091289281845,0.027631180001496846,786432,859.3333333333334,261.21124699284206,-0.006293425809417386,10:27:55,0.30666666666666664,0.4611097724210822,111.83767426310744,0.30666666666666664,0.4611097724210822,0.02485482644988224,0.0027445889900263865,0.0,0.0
0.16907424484278305,0.0014806546057198546,"{((frozenset({yellow}), frozenset()),) x 0: 0.47368421052631576, ((frozenset({magenta}), frozenset()),) x 0: 0.1724137931034483, ((frozenset({green}), frozenset()),) x 0: 0.3684210526315789, ((frozenset({blue}), frozenset()),) x 0: 0.3076923076923077}",1.6416821889579296,0.02521243906225954,851968,800.4125,326.3486898146674,-0.006216909823706374,7:21:09,0.3125,0.46351240544347894,156.70694515857826,0.3125,0.46351240544347894,0.03421639051521197,0.0030093645909801126,0.0,0.0
0.18921681422505943,0.0014562657398056386,"{((frozenset({magenta}), frozenset()),) x 0: 0.19444444444444445, ((frozenset({green}), frozenset()),) x 0: 0.6666666666666666, ((frozenset({blue}), frozenset()),) x 0: 0.47058823529411764, ((frozenset({yellow}), frozenset()),) x 0: 0.6666666666666666}",1.6318452209234238,0.037190440787304796,917504,751.4157303370787,317.94741311318364,-0.009227446076693013,7:12:56,0.4157303370786517,0.5365095005084639,157.16177382608757,0.43820224719101125,0.49616634080493527,0.049263176741078496,0.004291040633688681,0.0,0.0
0.18021571253890178,0.0014091565049166052,"{((frozenset({yellow}), frozenset()),) x 0: 0.5, ((frozenset({magenta}), frozenset()),) x 0: 0.325, ((frozenset({blue}), frozenset()),) x 0: 0.47619047619047616, ((frozenset({green}), frozenset()),) x 0: 0.3076923076923077}",1.6250396184623241,0.036405154330154094,983040,759.0681818181819,319.14846913504016,-0.006997071403020527,7:02:30,0.3522727272727273,0.544388162136522,158.45713451976488,0.38636363636363635,0.48691557467337615,0.05645964783616364,0.004226476543408353,0.0,0.0
0.22339478862103726,0.0017101548985159704,"{((frozenset({green}), frozenset()),) x 0: 0.5769230769230769, ((frozenset({yellow}), frozenset()),) x 0: 0.5384615384615384, ((frozenset({magenta}), frozenset()),) x 0: 0.16129032258064516, ((frozenset({blue}), frozenset()),) x 0: 0.8888888888888888}",1.620723083615303,0.035049282270015095,1048576,723.4090909090909,329.1628374432919,-0.008505376579705626,6:58:12,0.4772727272727273,0.5217381946931362,157.4770378114247,0.48863636363636365,0.4998708510891539,0.07983095361851156,0.0033971155644394457,0.0,0.0
0.170255781860126,0.0012200793221594304,"{((frozenset({magenta}), frozenset()),) x 0: 0.3181818181818182, ((frozenset({yellow}), frozenset()),) x 0: 0.5555555555555556, ((frozenset({green}), frozenset()),) x 0: 0.4375, ((frozenset({blue}), frozenset()),) x 0: 0.875}",1.627647515386343,0.04140409015902725,1114112,781.4418604651163,296.43810305926576,-0.006814611253503244,6:46:04,0.4186046511627907,0.538411018734429,159.49287261929828,0.4418604651162791,0.49660829079215396,0.07690562214702368,0.0030001129016454797,0.0,0.0
0.2614291540546095,0.002124548701223998,"{((frozenset({magenta}), frozenset()),) x 0: 0.391304347826087, ((frozenset({yellow}), frozenset()),) x 0: 0.8636363636363636, ((frozenset({green}), frozenset()),) x 0: 0.5263157894736842, ((frozenset({blue}), frozenset()),) x 0: 0.7}",1.6209303326904774,0.039673858034677725,1179648,654.0,347.2379379719479,-0.010083955683512613,6:47:03,0.5257731958762887,0.5578453302461313,156.42414774785715,0.5567010309278351,0.4967745898208973,0.08794148988090456,0.0035607632744358853,0.0,0.0
0.22894883519953732,0.0016403258891184358,"{((frozenset({magenta}), frozenset()),) x 0: 0.23333333333333334, ((frozenset({green}), frozenset()),) x 0: 0.6, ((frozenset({blue}), frozenset()),) x 0: 0.7777777777777778, ((frozenset({yellow}), frozenset()),) x 0: 0.631578947368421}",1.6020467281341553,0.042468674243699364,1245184,669.5882352941177,337.8960959027162,-0.008713792078197002,6:45:48,0.4803921568627451,0.5896225472060742,154.21082044763824,0.5294117647058824,0.4991341984846218,0.1019049568567425,0.002569831289292779,0.0,0.0
0.29652300121820085,0.0026779136623632936,"{((frozenset({blue}), frozenset()),) x 0: 0.7142857142857143, ((frozenset({green}), frozenset()),) x 0: 0.5185185185185185, ((frozenset({magenta}), frozenset()),) x 0: 0.3157894736842105, ((frozenset({yellow}), frozenset()),) x 0: 0.7777777777777778}",1.6217327155172825,0.03579814678551052,1310720,620.25,378.4842174841844,-0.00795829645358026,6:36:12,0.5,0.5547001962252291,155.18822186950496,0.5288461538461539,0.4991672058622081,0.11352744163013995,0.002627250360092148,0.0,0.0
0.3531772646460946,0.0032999211830521515,"{((frozenset({magenta}), frozenset()),) x 0: 0.6296296296296297, ((frozenset({green}), frozenset()),) x 0: 0.6666666666666666, ((frozenset({blue}), frozenset()),) x 0: 0.7272727272727273, ((frozenset({yellow}), frozenset()),) x 0: 0.7333333333333333}",1.6160901859402657,0.05280460847605096,1376256,562.5932203389831,361.60884001137913,-0.01342121374909766,6:28:23,0.635593220338983,0.5471846934697604,155.5030719323252,0.6694915254237288,0.4703962402162005,0.12456067046150565,0.004190143896266818,0.0,0.0
0.37639344901382793,0.003227075908719081,"{((frozenset({magenta}), frozenset()),) x 0: 0.4473684210526316, ((frozenset({blue}), frozenset()),) x 0: 0.8620689655172413, ((frozenset({yellow}), frozenset()),) x 0: 0.7037037037037037, ((frozenset({green}), frozenset()),) x 0: 0.8571428571428571}",1.5730748660862446,0.04876940345278708,1441792,547.8360655737705,349.97888368749227,-0.01379471251857467,7:48:23,0.6967213114754098,0.4596745866495066,126.60992248007115,0.6967213114754098,0.4596745866495066,0.18620270118117332,0.0032326461659977213,0.0,0.0
0.38785427539343037,0.003311667245986395,"{((frozenset({yellow}), frozenset()),) x 0: 0.8787878787878788, ((frozenset({blue}), frozenset()),) x 0: 0.92, ((frozenset({green}), frozenset()),) x 0: 0.75, ((frozenset({magenta}), frozenset()),) x 0: 0.46511627906976744}",1.5780899189412594,0.044380933654236704,1507328,536.6,349.0446618987318,-0.013653037778567523,7:53:36,0.72,0.4489988864128729,122.91120872996028,0.72,0.4489988864128729,0.19377489760518074,0.0030900014608050697,0.0,0.0
0.47687984962481617,0.004290673231804015,"{((frozenset({yellow}), frozenset()),) x 0: 0.9090909090909091, ((frozenset({magenta}), frozenset()),) x 0: 0.7230769230769231, ((frozenset({green}), frozenset()),) x 0: 0.8484848484848485, ((frozenset({blue}), frozenset()),) x 0: 1.0}",1.5841787979006767,0.057762627985088355,1572864,435.59183673469386,326.4937572738616,-0.021125920582562685,8:12:46,0.8299319727891157,0.3756925516050088,115.9145184337549,0.8299319727891157,0.3756925516050088,0.22708872612565756,0.003998403080913704,0.0,0.0
0.48558848537449567,0.004596572865518933,"{((frozenset({yellow}), frozenset()),) x 0: 0.90625, ((frozenset({magenta}), frozenset()),) x 0: 0.7391304347826086, ((frozenset({green}), frozenset()),) x 0: 0.8048780487804879, ((frozenset({blue}), frozenset()),) x 0: 0.9}",1.5583239942789078,0.05798308668975085,1638400,430.1140939597315,333.67515308745647,-0.015741124050691724,7:56:28,0.825503355704698,0.37953598699593805,117.58409488272338,0.825503355704698,0.37953598699593805,0.25544064538553357,0.0038731439344701357,0.0,0.0
0.5449400629989085,0.005307240832179751,"{((frozenset({yellow}), frozenset()),) x 0: 0.8809523809523809, ((frozenset({green}), frozenset()),) x 0: 0.8545454545454545, ((frozenset({blue}), frozenset()),) x 0: 0.9782608695652174, ((frozenset({magenta}), frozenset()),) x 0: 0.8}",1.5140281021595001,0.0570501998632546,1703936,361.8404255319149,303.7732848335125,-0.023131035268306732,7:30:17,0.8776595744680851,0.327678570877903,121.99912318764908,0.8776595744680851,0.327678570877903,0.3083483427762985,0.004116141724807676,0.0,0.0
0.29645595409265124,0.0018507573952545428,"{((frozenset({yellow}), frozenset()),) x 0: 1.0, ((frozenset({magenta}), frozenset()),) x 0: 0.8571428571428571, ((frozenset({green}), frozenset()),) x 0: 0.5714285714285714, ((frozenset({green}), frozenset()), (frozenset({yellow}), frozenset())) x 0: 0.8571428571428571, ((frozenset({blue}), frozenset()),) x 0: 1.0, ((frozenset({yellow}), frozenset()), (frozenset({magenta}), frozenset())) x 0: 1.0, ((frozenset({yellow}), frozenset()), (frozenset({blue}), frozenset())) x 0: 0.75, ((frozenset({green}), frozenset()), (frozenset({magenta}), frozenset())) x 0: 0.8888888888888888, ((frozenset({magenta}), frozenset()), (frozenset({yellow}), frozenset())) x 0: 0.75, ((frozenset({magenta}), frozenset()), (frozenset({blue}), frozenset())) x 0: 0.6666666666666666, ((frozenset({blue}), frozenset()), (frozenset({magenta}), frozenset())) x 0: 1.0, ((frozenset({magenta}), frozenset()), (frozenset({green}), frozenset())) x 0: 0.42857142857142855, ((frozenset({blue}), frozenset()), (frozenset({yellow}), frozenset())) x 0: 0.6666666666666666, ((frozenset({green}), frozenset()), (frozenset({blue}), frozenset())) x 0: 0.7272727272727273, ((frozenset({blue}), frozenset()), (frozenset({green}), frozenset())) x 0: 0.8888888888888888, ((frozenset({yellow}), frozenset()), (frozenset({green}), frozenset())) x 0: 0.6}",1.517451599240303,0.07745831883825588,1769472,631.72,279.3389367775284,-0.00036058721161680296,7:40:24,0.76,0.4270831300812525,116.94463489234931,0.76,0.4270831300812525,0.3637045603245497,0.005848965476616286,0.0,0.0
0.2808866579759222,0.0016634333785678877,"{((frozenset({yellow}), frozenset()), (frozenset({blue}), frozenset())) x 0: 1.0, ((frozenset({magenta}), frozenset()), (frozenset({green}), frozenset())) x 0: 0.4782608695652174, ((frozenset({yellow}), frozenset()), (frozenset({green}), frozenset())) x 0: 0.6666666666666666, ((frozenset({green}), frozenset()), (frozenset({blue}), frozenset())) x 0: 0.8888888888888888, ((frozenset({blue}), frozenset()), (frozenset({green}), frozenset())) x 0: 1.0, ((frozenset({green}), frozenset()), (frozenset({yellow}), frozenset())) x 0: 1.0, ((frozenset({blue}), frozenset()), (frozenset({yellow}), frozenset())) x 0: 0.9230769230769231, ((frozenset({green}), frozenset()), (frozenset({magenta}), frozenset())) x 0: 0.5714285714285714, ((frozenset({magenta}), frozenset()), (frozenset({blue}), frozenset())) x 0: 0.8571428571428571, ((frozenset({yellow}), frozenset()), (frozenset({magenta}), frozenset())) x 0: 0.5, ((frozenset({blue}), frozenset()), (frozenset({magenta}), frozenset())) x 0: 1.0, ((frozenset({magenta}), frozenset()), (frozenset({yellow}), frozenset())) x 0: 1.0}",1.522878210991621,0.05944145479896519,1835008,632.2,267.1018496664486,0.00030805167932612676,7:24:59,0.7523809523809524,0.4531572286998216,118.54029338265504,0.7619047619047619,0.4259177099999599,0.3714460590854287,0.004296342616726179,0.0,0.0
0.2949120595410684,0.0017621197140288251,"{((frozenset({magenta}), frozenset()), (frozenset({blue}), frozenset())) x 0: 0.875, ((frozenset({yellow}), frozenset()), (frozenset({magenta}), frozenset())) x 0: 0.7, ((frozenset({green}), frozenset()), (frozenset({yellow}), frozenset())) x 0: 0.7142857142857143, ((frozenset({green}), frozenset()), (frozenset({magenta}), frozenset())) x 0: 0.2, ((frozenset({yellow}), frozenset()), (frozenset({blue}), frozenset())) x 0: 0.8, ((frozenset({blue}), frozenset()), (frozenset({yellow}), frozenset())) x 0: 0.9, ((frozenset({yellow}), frozenset()), (frozenset({green}), frozenset())) x 0: 0.875, ((frozenset({magenta}), frozenset()), (frozenset({yellow}), frozenset())) x 0: 0.6666666666666666, ((frozenset({green}), frozenset()), (frozenset({blue}), frozenset())) x 0: 1.0, ((frozenset({magenta}), frozenset()), (frozenset({green}), frozenset())) x 0: 0.6666666666666666, ((frozenset({blue}), frozenset()), (frozenset({green}), frozenset())) x 0: 1.0, ((frozenset({blue}), frozenset()), (frozenset({magenta}), frozenset())) x 0: 0.75}",1.5402990393340588,0.04744182154492856,1900544,633.990099009901,277.03867174917053,0.0012442200813893578,7:20:11,0.7722772277227723,0.4193627442484628,117.35400122892878,0.7722772277227723,0.4193627442484628,0.3744406197220087,0.0033205240906681865,0.0,0.0
0.33326140363846907,0.002027759736486999,"{((frozenset({blue}), frozenset()), (frozenset({yellow}), frozenset())) x 0: 0.7777777777777778, ((frozenset({magenta}), frozenset()), (frozenset({yellow}), frozenset())) x 0: 0.8333333333333334, ((frozenset({green}), frozenset()), (frozenset({magenta}), frozenset())) x 0: 0.7727272727272727, ((frozenset({magenta}), frozenset()), (frozenset({green}), frozenset())) x 0: 0.9333333333333333, ((frozenset({green}), frozenset()), (frozenset({blue}), frozenset())) x 0: 1.0, ((frozenset({yellow}), frozenset()), (frozenset({green}), frozenset())) x 0: 0.8571428571428571, ((frozenset({yellow}), frozenset()), (frozenset({magenta}), frozenset())) x 0: 0.8571428571428571, ((frozenset({green}), frozenset()), (frozenset({yellow}), frozenset())) x 0: 0.875, ((frozenset({magenta}), frozenset()), (frozenset({blue}), frozenset())) x 0: 0.5714285714285714, ((frozenset({blue}), frozenset()), (frozenset({magenta}), frozenset())) x 0: 1.0, ((frozenset({blue}), frozenset()), (frozenset({green}), frozenset())) x 0: 0.75, ((frozenset({yellow}), frozenset()), (frozenset({blue}), frozenset())) x 0: 0.8}",1.5573711208999157,0.04902995111929027,1966080,581.1186440677966,261.0168242350571,-0.0032173691215575673,7:10:56,0.8389830508474576,0.36754658376612614,117.33705673923453,0.8389830508474576,0.36754658376612614,0.39026627968996763,0.003065861346840393,0.0,0.0
0.3256237424769849,0.0020354243666353506,"{((frozenset({blue}), frozenset()), (frozenset({yellow}), frozenset())) x 0: 0.8571428571428571, ((frozenset({magenta}), frozenset()), (frozenset({blue}), frozenset())) x 0: 1.0, ((frozenset({green}), frozenset()), (frozenset({blue}), frozenset())) x 0: 0.9, ((frozenset({green}), frozenset()), (frozenset({magenta}), frozenset())) x 0: 0.875, ((frozenset({yellow}), frozenset()), (frozenset({magenta}), frozenset())) x 0: 0.8333333333333334, ((frozenset({green}), frozenset()), (frozenset({yellow}), frozenset())) x 0: 0.8333333333333334, ((frozenset({yellow}), frozenset()), (frozenset({green}), frozenset())) x 0: 0.6, ((frozenset({magenta}), frozenset()), (frozenset({green}), frozenset())) x 0: 0.8888888888888888, ((frozenset({yellow}), frozenset()), (frozenset({blue}), frozenset())) x 0: 1.0, ((frozenset({magenta}), frozenset()), (frozenset({yellow}), frozenset())) x 0: 1.0, ((frozenset({blue}), frozenset()), (frozenset({green}), frozenset())) x 0: 0.875, ((frozenset({blue}), frozenset()), (frozenset({magenta}), frozenset())) x 0: 0.75}",1.5499004274606705,0.043332597206055916,2031616,604.8952380952381,267.1847559028173,-0.0025528816390760767,7:15:10,0.8761904761904762,0.32936412315791586,113.68675967962439,0.8761904761904762,0.32936412315791586,0.394927192479372,0.001987325566005893,0.0,0.0
0.40393663127627255,0.002502709477655471,"{((frozenset({yellow}), frozenset()), (frozenset({blue}), frozenset())) x 0: 0.7333333333333333, ((frozenset({blue}), frozenset()), (frozenset({magenta}), frozenset())) x 0: 0.8181818181818182, ((frozenset({green}), frozenset()), (frozenset({blue}), frozenset())) x 0: 1.0, ((frozenset({blue}), frozenset()), (frozenset({yellow}), frozenset())) x 0: 1.0, ((frozenset({blue}), frozenset()), (frozenset({green}), frozenset())) x 0: 1.0, ((frozenset({green}), frozenset()), (frozenset({magenta}), frozenset())) x 0: 0.9230769230769231, ((frozenset({magenta}), frozenset()), (frozenset({yellow}), frozenset())) x 0: 0.8888888888888888, ((frozenset({yellow}), frozenset()), (frozenset({green}), frozenset())) x 0: 0.9473684210526315, ((frozenset({green}), frozenset()), (frozenset({yellow}), frozenset())) x 0: 1.0, ((frozenset({magenta}), frozenset()), (frozenset({green}), frozenset())) x 0: 0.8888888888888888, ((frozenset({magenta}), frozenset()), (frozenset({blue}), frozenset())) x 0: 1.0, ((frozenset({yellow}), frozenset()), (frozenset({magenta}), frozenset())) x 0: 0.8571428571428571}",1.5352546162903309,0.04094603110707063,2097152,489.4769230769231,238.46487292954026,-0.005353957683837507,6:58:10,0.9153846153846154,0.2783085002327007,115.69609061444056,0.9153846153846154,0.2783085002327007,0.433582853525877,0.0018366904114373028,0.0,0.0
0.33262701313723503,0.002027260163631471,"{((frozenset({yellow}), frozenset()), (frozenset({green}), frozenset())) x 0: 0.5454545454545454, ((frozenset({magenta}), frozenset()), (frozenset({green}), frozenset())) x 0: 0.7777777777777778, ((frozenset({magenta}), frozenset()), (frozenset({yellow}), frozenset())) x 0: 0.875, ((frozenset({yellow}), frozenset()), (frozenset({magenta}), frozenset())) x 0: 0.6923076923076923, ((frozenset({green}), frozenset()), (frozenset({blue}), frozenset())) x 0: 1.0, ((frozenset({blue}), frozenset()), (frozenset({magenta}), frozenset())) x 0: 0.6923076923076923, ((frozenset({magenta}), frozenset()), (frozenset({blue}), frozenset())) x 0: 1.0, ((frozenset({yellow}), frozenset()), (frozenset({blue}), frozenset())) x 0: 1.0, ((frozenset({blue}), frozenset()), (frozenset({yellow}), frozenset())) x 0: 0.875, ((frozenset({green}), frozenset()), (frozenset({magenta}), frozenset())) x 0: 0.5555555555555556, ((frozenset({green}), frozenset()), (frozenset({yellow}), frozenset())) x 0: 0.9, ((frozenset({blue}), frozenset()), (frozenset({green}), frozenset())) x 0: 1.0}",1.5570138581097126,0.0400520228909427,2162688,582.6637931034483,275.026548686057,-0.0024038452793320175,6:46:05,0.8103448275862069,0.3920281724448992,116.44598920127135,0.8103448275862069,0.3920281724448992,0.40714774280786514,0.0019964734237873927,0.0,0.0
0.3482879534052528,0.002141889621794933,"{((frozenset({magenta}), frozenset()), (frozenset({blue}), frozenset())) x 0: 0.8571428571428571, ((frozenset({magenta}), frozenset()), (frozenset({yellow}), frozenset())) x 0: 1.0, ((frozenset({blue}), frozenset()), (frozenset({magenta}), frozenset())) x 0: 0.5454545454545454, ((frozenset({green}), frozenset()), (frozenset({yellow}), frozenset())) x 0: 1.0, ((frozenset({blue}), frozenset()), (frozenset({green}), frozenset())) x 0: 0.6666666666666666, ((frozenset({magenta}), frozenset()), (frozenset({green}), frozenset())) x 0: 1.0, ((frozenset({blue}), frozenset()), (frozenset({yellow}), frozenset())) x 0: 0.75, ((frozenset({green}), frozenset()), (frozenset({magenta}), frozenset())) x 0: 0.85, ((frozenset({yellow}), frozenset()), (frozenset({magenta}), frozenset())) x 0: 0.7272727272727273, ((frozenset({green}), frozenset()), (frozenset({blue}), frozenset())) x 0: 1.0, ((frozenset({yellow}), frozenset()), (frozenset({blue}), frozenset())) x 0: 0.75, ((frozenset({yellow}), frozenset()), (frozenset({green}), frozenset())) x 0: 0.7058823529411765}",1.5881802961230278,0.038276005125429044,2228224,557.8389830508474,268.9461218281897,-0.00417465012287721,6:43:10,0.8135593220338984,0.3894618743415613,114.57945269503027,0.8135593220338984,0.3894618743415613,0.3977030823007226,0.0017958862699742895,0.0,0.0
0.3626527919048712,0.002237484458742124,"{((frozenset({yellow}), frozenset()), (frozenset({magenta}), frozenset())) x 0: 0.6666666666666666, ((frozenset({magenta}), frozenset()), (frozenset({green}), frozenset())) x 0: 1.0, ((frozenset({blue}), frozenset()), (frozenset({magenta}), frozenset())) x 0: 0.8695652173913043, ((frozenset({magenta}), frozenset()), (frozenset({yellow}), frozenset())) x 0: 1.0, ((frozenset({yellow}), frozenset()), (frozenset({green}), frozenset())) x 0: 0.8666666666666667, ((frozenset({green}), frozenset()), (frozenset({yellow}), frozenset())) x 0: 0.6666666666666666, ((frozenset({blue}), frozenset()), (frozenset({yellow}), frozenset())) x 0: 1.0, ((frozenset({blue}), frozenset()), (frozenset({green}), frozenset())) x 0: 0.5555555555555556, ((frozenset({magenta}), frozenset()), (frozenset({blue}), frozenset())) x 0: 1.0, ((frozenset({green}), frozenset()), (frozenset({blue}), frozenset())) x 0: 1.0, ((frozenset({green}), frozenset()), (frozenset({magenta}), frozenset())) x 0: 0.875, ((frozenset({yellow}), frozenset()), (frozenset({blue}), frozenset())) x 0: 0.5}",1.580020684748888,0.04496944808558266,2293760,546.3388429752066,274.62517065810243,-0.0033874384171213023,6:37:31,0.8429752066115702,0.36382414385215106,113.4625701760381,0.8429752066115702,0.36382414385215106,0.4289853321388364,0.0017032392242981587,0.0,0.0
0.37110176170538006,0.0023095693105135697,"{((frozenset({magenta}), frozenset()), (frozenset({blue}), frozenset())) x 0: 0.8333333333333334, ((frozenset({yellow}), frozenset()), (frozenset({green}), frozenset())) x 0: 0.75, ((frozenset({magenta}), frozenset()), (frozenset({green}), frozenset())) x 0: 1.0, ((frozenset({magenta}), frozenset()), (frozenset({yellow}), frozenset())) x 0: 1.0, ((frozenset({yellow}), frozenset()), (frozenset({magenta}), frozenset())) x 0: 0.75, ((frozenset({green}), frozenset()), (frozenset({magenta}), frozenset())) x 0: 1.0, ((frozenset({blue}), frozenset()), (frozenset({green}), frozenset())) x 0: 0.6, ((frozenset({blue}), frozenset()), (frozenset({yellow}), frozenset())) x 0: 0.7142857142857143, ((frozenset({green}), frozenset()), (frozenset({blue}), frozenset())) x 0: 1.0, ((frozenset({green}), frozenset()), (frozenset({yellow}), frozenset())) x 0: 1.0, ((frozenset({yellow}), frozenset()), (frozenset({blue}), frozenset())) x 0: 0.7894736842105263, ((frozenset({blue}), frozenset()), (frozenset({magenta}), frozenset())) x 0: 0.75}",1.5634107068181038,0.04183779774750333,2359296,529.7213114754098,274.5372936622542,-0.001492738634624402,6:31:57,0.819672131147541,0.3844603081822483,112.28505989265055,0.819672131147541,0.3844603081822483,0.440706686116755,0.0014781259560550097,0.0,0.0
0.35150347978759483,0.0021249892779966347,"{((frozenset({yellow}), frozenset()), (frozenset({magenta}), frozenset())) x 0: 0.8333333333333334, ((frozenset({green}), frozenset()), (frozenset({blue}), frozenset())) x 0: 1.0, ((frozenset({magenta}), frozenset()), (frozenset({blue}), frozenset())) x 0: 1.0, ((frozenset({blue}), frozenset()), (frozenset({green}), frozenset())) x 0: 0.7619047619047619, ((frozenset({blue}), frozenset()), (frozenset({magenta}), frozenset())) x 0: 0.2, ((frozenset({yellow}), frozenset()), (frozenset({blue}), frozenset())) x 0: 0.5, ((frozenset({green}), frozenset()), (frozenset({yellow}), frozenset())) x 0: 1.0, ((frozenset({magenta}), frozenset()), (frozenset({yellow}), frozenset())) x 0: 1.0, ((frozenset({green}), frozenset()), (frozenset({magenta}), frozenset())) x 0: 0.875, ((frozenset({blue}), frozenset()), (frozenset({yellow}), frozenset())) x 0: 0.9090909090909091, ((frozenset({magenta}), frozenset()), (frozenset({green}), frozenset())) x 0: 0.9, ((frozenset({yellow}), frozenset()), (frozenset({green}), frozenset())) x 0: 0.6363636363636364}",1.5576814860105515,0.038856457728416005,2424832,552.75,268.1371928074631,-0.0013556298681578483,6:08:08,0.8166666666666667,0.38693955887479664,116.5854343482469,0.8166666666666667,0.38693955887479664,0.4439452914521098,0.001338450765615562,0.0,0.0
0.36859566970465574,0.002231626962870654,"{((frozenset({magenta}), frozenset()), (frozenset({yellow}), frozenset())) x 0: 1.0, ((frozenset({blue}), frozenset()), (frozenset({green}), frozenset())) x 0: 0.6666666666666666, ((frozenset({yellow}), frozenset()), (frozenset({blue}), frozenset())) x 0: 0.75, ((frozenset({green}), frozenset()), (frozenset({yellow}), frozenset())) x 0: 1.0, ((frozenset({blue}), frozenset()), (frozenset({magenta}), frozenset())) x 0: 0.8571428571428571, ((frozenset({magenta}), frozenset()), (frozenset({blue}), frozenset())) x 0: 1.0, ((frozenset({yellow}), frozenset()), (frozenset({green}), frozenset())) x 0: 0.6363636363636364, ((frozenset({blue}), frozenset()), (frozenset({yellow}), frozenset())) x 0: 0.8888888888888888, ((frozenset({yellow}), frozenset()), (frozenset({magenta}), frozenset())) x 0: 0.875, ((frozenset({green}), frozenset()), (frozenset({blue}), frozenset())) x 0: 1.0, ((frozenset({green}), frozenset()), (frozenset({magenta}), frozenset())) x 0: 0.8333333333333334, ((frozenset({magenta}), frozenset()), (frozenset({green}), frozenset())) x 0: 1.0}",1.5795406252145767,0.031700682828835876,2490368,532.8050847457627,263.8305908193958,-0.00358625915760058,5:57:22,0.847457627118644,0.3595458209423123,117.03745648008471,0.847457627118644,0.3595458209423123,0.4355619652196765,0.0011748154320230242,0.0,0.0
0.385824022965344,0.002438947998987802,"{((frozenset({yellow}), frozenset()), (frozenset({blue}), frozenset())) x 0: 0.6666666666666666, ((frozenset({blue}), frozenset()), (frozenset({magenta}), frozenset())) x 0: 0.8235294117647058, ((frozenset({yellow}), frozenset()), (frozenset({green}), frozenset())) x 0: 0.8571428571428571, ((frozenset({blue}), frozenset()), (frozenset({green}), frozenset())) x 0: 0.8, ((frozenset({magenta}), frozenset()), (frozenset({green}), frozenset())) x 0: 0.8571428571428571, ((frozenset({yellow}), frozenset()), (frozenset({magenta}), frozenset())) x 0: 0.5384615384615384, ((frozenset({blue}), frozenset()), (frozenset({yellow}), frozenset())) x 0: 0.9, ((frozenset({green}), frozenset()), (frozenset({blue}), frozenset())) x 0: 1.0, ((frozenset({green}), frozenset()), (frozenset({yellow}), frozenset())) x 0: 1.0, ((frozenset({magenta}), frozenset()), (frozenset({yellow}), frozenset())) x 0: 1.0, ((frozenset({magenta}), frozenset()), (frozenset({blue}), frozenset())) x 0: 1.0, ((frozenset({green}), frozenset()), (frozenset({magenta}), frozenset())) x 0: 1.0}",1.5626638121902943,0.03186668994395554,2555904,504.9259259259259,275.3509176421333,-0.004531828446488362,6:02:24,0.8444444444444444,0.3823255674241168,112.40218789155239,0.8518518518518519,0.3552467795046459,0.4604083579033613,0.0011719438407453708,0.0,0.0
0.37422206717715467,0.002402773354172002,"{((frozenset({blue}), frozenset()), (frozenset({yellow}), frozenset())) x 0: 0.6923076923076923, ((frozenset({magenta}), frozenset()), (frozenset({blue}), frozenset())) x 0: 1.0, ((frozenset({green}), frozenset()), (frozenset({magenta}), frozenset())) x 0: 1.0, ((frozenset({yellow}), frozenset()), (frozenset({green}), frozenset())) x 0: 0.6363636363636364, ((frozenset({yellow}), frozenset()), (frozenset({magenta}), frozenset())) x 0: 0.6, ((frozenset({yellow}), frozenset()), (frozenset({blue}), frozenset())) x 0: 1.0, ((frozenset({blue}), frozenset()), (frozenset({green}), frozenset())) x 0: 0.6428571428571429, ((frozenset({green}), frozenset()), (frozenset({yellow}), frozenset())) x 0: 0.8333333333333334, ((frozenset({magenta}), frozenset()), (frozenset({yellow}), frozenset())) x 0: 0.9, ((frozenset({blue}), frozenset()), (frozenset({magenta}), frozenset())) x 0: 0.8888888888888888, ((frozenset({green}), frozenset()), (frozenset({blue}), frozenset())) x 0: 1.0, ((frozenset({magenta}), frozenset()), (frozenset({green}), frozenset())) x 0: 1.0}",1.5791062079370022,0.03684324041976945,2621440,523.072,282.62167435637343,-0.0016444191574009892,5:44:53,0.808,0.41368587116313277,114.94100230502245,0.816,0.38748419322599476,0.45583669282495975,0.0016442334417661186,0.0,0.0
0.3618173048929149,0.0021922142289558244,"{((frozenset({blue}), frozenset()), (frozenset({magenta}), frozenset())) x 0: 0.5714285714285714, ((frozenset({magenta}), frozenset()), (frozenset({green}), frozenset())) x 0: 1.0, ((frozenset({blue}), frozenset()), (frozenset({yellow}), frozenset())) x 0: 0.8181818181818182, ((frozenset({magenta}), frozenset()), (frozenset({yellow}), frozenset())) x 0: 1.0, ((frozenset({yellow}), frozenset()), (frozenset({blue}), frozenset())) x 0: 0.8181818181818182, ((frozenset({blue}), frozenset()), (frozenset({green}), frozenset())) x 0: 0.8125, ((frozenset({yellow}), frozenset()), (frozenset({magenta}), frozenset())) x 0: 0.75, ((frozenset({magenta}), frozenset()), (frozenset({blue}), frozenset())) x 0: 0.8, ((frozenset({yellow}), frozenset()), (frozenset({green}), frozenset())) x 0: 0.7142857142857143, ((frozenset({green}), frozenset()), (frozenset({magenta}), frozenset())) x 0: 1.0, ((frozenset({green}), frozenset()), (frozenset({yellow}), frozenset())) x 0: 1.0, ((frozenset({green}), frozenset()), (frozenset({blue}), frozenset())) x 0: 1.0}",1.5997448600828648,0.03554789771031654,2686976,525.5583333333333,267.69375524509763,-0.0017226012760147569,5:40:10,0.8166666666666667,0.4079079416840139,113.32396287090513,0.825,0.37996710383926663,0.44236427731812,0.0013046390613453696,0.0,0.0
0.38875197970125797,0.0024580340926946237,"{((frozenset({blue}), frozenset()), (frozenset({magenta}), frozenset())) x 0: 0.55, ((frozenset({yellow}), frozenset()), (frozenset({green}), frozenset())) x 0: 0.6666666666666666, ((frozenset({magenta}), frozenset()), (frozenset({yellow}), frozenset())) x 0: 0.9, ((frozenset({magenta}), frozenset()), (frozenset({green}), frozenset())) x 0: 1.0, ((frozenset({green}), frozenset()), (frozenset({blue}), frozenset())) x 0: 1.0, ((frozenset({blue}), frozenset()), (frozenset({green}), frozenset())) x 0: 0.9411764705882353, ((frozenset({green}), frozenset()), (frozenset({yellow}), frozenset())) x 0: 0.9166666666666666, ((frozenset({yellow}), frozenset()), (frozenset({magenta}), frozenset())) x 0: 0.7058823529411765, ((frozenset({blue}), frozenset()), (frozenset({yellow}), frozenset())) x 0: 1.0, ((frozenset({yellow}), frozenset()), (frozenset({blue}), frozenset())) x 0: 1.0, ((frozenset({green}), frozenset()), (frozenset({magenta}), frozenset())) x 0: 1.0, ((frozenset({magenta}), frozenset()), (frozenset({blue}), frozenset())) x 0: 0.8888888888888888}",1.6004017144441605,0.03249075955958387,2752512,491.71942446043164,276.9698326241351,-0.003213740885257721,5:36:34,0.8057553956834532,0.4304539655151537,111.29168172344365,0.8201438848920863,0.384067563022709,0.4606125680729747,0.0014395089237950742,0.0,0.0
0.37823441163733407,0.002300942789159504,"{((frozenset({yellow}), frozenset()), (frozenset({green}), frozenset())) x 0: 0.631578947368421, ((frozenset({blue}), frozenset()), (frozenset({yellow}), frozenset())) x 0: 0.9, ((frozenset({magenta}), frozenset()), (frozenset({blue}), frozenset())) x 0: 1.0, ((frozenset({yellow}), frozenset()), (frozenset({blue}), frozenset())) x 0: 0.6666666666666666, ((frozenset({green}), frozenset()), (frozenset({blue}), frozenset())) x 0: 1.0, ((frozenset({blue}), frozenset()), (frozenset({magenta}), frozenset())) x 0: 0.782608695652174, ((frozenset({magenta}), frozenset()), (frozenset({green}), frozenset())) x 0: 0.8, ((frozenset({green}), frozenset()), (frozenset({yellow}), frozenset())) x 0: 1.0, ((frozenset({blue}), frozenset()), (frozenset({green}), frozenset())) x 0: 0.9285714285714286, ((frozenset({yellow}), frozenset()), (frozenset({magenta}), frozenset())) x 0: 0.8571428571428571, ((frozenset({green}), frozenset()), (frozenset({magenta}), frozenset())) x 0: 0.8888888888888888, ((frozenset({magenta}), frozenset()), (frozenset({yellow}), frozenset())) x 0: 1.0}",1.6059696823358536,0.03488838110189786,2818048,491.94776119402985,261.2031095436773,-0.002541796530749707,5:08:51,0.8283582089552238,0.41476696213702247,117.74516155786583,0.8432835820895522,0.3635331928005553,0.4751227777451277,0.0014759123041585553,0.0,0.0
0.41128258708768606,0.002544805842884122,"{((frozenset({blue}), frozenset()), (frozenset({magenta}), frozenset())) x 0: 0.7368421052631579, ((frozenset({yellow}), frozenset()), (frozenset({magenta}), frozenset())) x 0: 0.8125, ((frozenset({yellow}), frozenset()), (frozenset({green}), frozenset())) x 0: 0.8461538461538461, ((frozenset({blue}), frozenset()), (frozenset({yellow}), frozenset())) x 0: 1.0, ((frozenset({green}), frozenset()), (frozenset({yellow}), frozenset())) x 0: 1.0, ((frozenset({magenta}), frozenset()), (frozenset({yellow}), frozenset())) x 0: 0.875, ((frozenset({green}), frozenset()), (frozenset({magenta}), frozenset())) x 0: 1.0, ((frozenset({magenta}), frozenset()), (frozenset({green}), frozenset())) x 0: 0.9, ((frozenset({magenta}), frozenset()), (frozenset({blue}), frozenset())) x 0: 1.0, ((frozenset({green}), frozenset()), (frozenset({blue}), frozenset())) x 0: 1.0, ((frozenset({yellow}), frozenset()), (frozenset({blue}), frozenset())) x 0: 0.9523809523809523, ((frozenset({blue}), frozenset()), (frozenset({green}), frozenset())) x 0: 0.8571428571428571}",1.5879762768745422,0.02928151365404557,2883584,453.21527777777777,226.87347070786822,-0.0052939968154532835,5:06:42,0.8888888888888888,0.35572912430182496,115.00829193338015,0.9027777777777778,0.29626012510696587,0.5316099170595407,0.0012595877597050276,0.0,0.0
0.44707122756051576,0.0028192468922364775,"{((frozenset({magenta}), frozenset()), (frozenset({blue}), frozenset())) x 0: 1.0, ((frozenset({green}), frozenset()), (frozenset({magenta}), frozenset())) x 0: 1.0, ((frozenset({yellow}), frozenset()), (frozenset({green}), frozenset())) x 0: 0.9090909090909091, ((frozenset({magenta}), frozenset()), (frozenset({yellow}), frozenset())) x 0: 0.9230769230769231, ((frozenset({yellow}), frozenset()), (frozenset({magenta}), frozenset())) x 0: 0.7647058823529411, ((frozenset({blue}), frozenset()), (frozenset({magenta}), frozenset())) x 0: 0.9, ((frozenset({blue}), frozenset()), (frozenset({yellow}), frozenset())) x 0: 0.9375, ((frozenset({yellow}), frozenset()), (frozenset({blue}), frozenset())) x 0: 0.9375, ((frozenset({green}), frozenset()), (frozenset({blue}), frozenset())) x 0: 1.0, ((frozenset({blue}), frozenset()), (frozenset({green}), frozenset())) x 0: 1.0, ((frozenset({magenta}), frozenset()), (frozenset({green}), frozenset())) x 0: 1.0, ((frozenset({green}), frozenset()), (frozenset({yellow}), frozenset())) x 0: 1.0}",1.573967531323433,0.034783784442109895,2949120,421.89240506329116,208.20354529025403,-0.006437541465857066,4:55:40,0.930379746835443,0.27826516375924826,115.60448852681945,0.9367088607594937,0.2434858741983714,0.5473235752433538,0.0009506325113761704,0.0,0.0
0.49001601362127656,0.0030910706648340338,"{((frozenset({yellow}), frozenset()), (frozenset({magenta}), frozenset())) x 0: 1.0, ((frozenset({blue}), frozenset()), (frozenset({magenta}), frozenset())) x 0: 1.0, ((frozenset({blue}), frozenset()), (frozenset({yellow}), frozenset())) x 0: 1.0, ((frozenset({green}), frozenset()), (frozenset({yellow}), frozenset())) x 0: 1.0, ((frozenset({green}), frozenset()), (frozenset({blue}), frozenset())) x 0: 1.0, ((frozenset({yellow}), frozenset()), (frozenset({green}), frozenset())) x 0: 0.8125, ((frozenset({magenta}), frozenset()), (frozenset({yellow}), frozenset())) x 0: 1.0, ((frozenset({yellow}), frozenset()), (frozenset({blue}), frozenset())) x 0: 1.0, ((frozenset({magenta}), frozenset()), (frozenset({blue}), frozenset())) x 0: 1.0, ((frozenset({green}), frozenset()), (frozenset({magenta}), frozenset())) x 0: 1.0, ((frozenset({magenta}), frozenset()), (frozenset({green}), frozenset())) x 0: 1.0, ((frozenset({blue}), frozenset()), (frozenset({green}), frozenset())) x 0: 1.0}",1.5600622557103634,0.030214970983819287,3014656,378.21387283236993,163.3748674735358,-0.008610489458078519,4:48:16,0.9826589595375722,0.13053861029637243,114.782694243601,0.9826589595375722,0.13053861029637243,0.6103473659604788,0.0008071709162322804,0.0,0.0
0.5474229184085869,0.005853581354925428,"{((frozenset({green}), frozenset()), (frozenset({yellow}), frozenset())) x 0: 1.0, ((frozenset({blue}), frozenset()), (frozenset({yellow}), frozenset())) x 0: 1.0, ((frozenset({yellow}), frozenset({magenta})),) x 0: 0.8611111111111112, ((frozenset({magenta}), frozenset({yellow})),) x 0: 0.8611111111111112, ((frozenset({magenta}), frozenset()), (frozenset({blue}), frozenset())) x 0: 1.0, ((frozenset({magenta}), frozenset()), (frozenset({yellow}), frozenset())) x 0: 1.0, ((frozenset({blue}), frozenset({green})),) x 0: 0.8064516129032258, ((frozenset({green}), frozenset({blue})),) x 0: 0.8571428571428571, ((frozenset({blue}), frozenset({yellow})),) x 0: 0.875, ((frozenset({blue}), frozenset({magenta})),) x 0: 0.9459459459459459, ((frozenset({magenta}), frozenset({green})),) x 0: 0.8695652173913043, ((frozenset({blue}), frozenset()), (frozenset({green}), frozenset())) x 0: 1.0, ((frozenset({yellow}), frozenset({blue})),) x 0: 0.9090909090909091, ((frozenset({yellow}), frozenset()), (frozenset({blue}), frozenset())) x 0: 1.0, ((frozenset({magenta}), frozenset({blue})),) x 0: 0.782608695652174, ((frozenset({green}), frozenset({magenta})),) x 0: 0.8, ((frozenset({green}), frozenset({yellow})),) x 0: 0.972972972972973, ((frozenset({blue}), frozenset()), (frozenset({magenta}), frozenset())) x 0: 0.0, ((frozenset({yellow}), frozenset({green})),) x 0: 0.9259259259259259}",1.499913364648819,0.09235201872292312,3080192,168.72431077694236,109.34851131946478,0.023768940125592053,4:22:13,0.7619047619047619,0.6457513980803198,122.0225344629588,0.8796992481203008,0.3253128970343449,0.7880019433796406,0.01687601732555777,0.11528822055137844,0.3193694518163488
0.5674398358048582,0.005812554594459867,"{((frozenset({magenta}), frozenset({green})),) x 0: 0.9459459459459459, ((frozenset({magenta}), frozenset({yellow})),) x 0: 0.9142857142857143, ((frozenset({blue}), frozenset({magenta})),) x 0: 0.9259259259259259, ((frozenset({magenta}), frozenset({blue})),) x 0: 0.8529411764705882, ((frozenset({green}), frozenset({yellow})),) x 0: 0.8947368421052632, ((frozenset({blue}), frozenset({green})),) x 0: 0.9142857142857143, ((frozenset({yellow}), frozenset({magenta})),) x 0: 0.9333333333333333, ((frozenset({yellow}), frozenset({green})),) x 0: 0.84375, ((frozenset({blue}), frozenset({yellow})),) x 0: 0.7857142857142857, ((frozenset({green}), frozenset({magenta})),) x 0: 0.9565217391304348, ((frozenset({yellow}), frozenset({blue})),) x 0: 0.8611111111111112, ((frozenset({green}), frozenset({blue})),) x 0: 0.8421052631578947}",1.579590167850256,0.06959861116349053,3145728,165.5617128463476,91.65816103171626,0.02404226060025394,4:08:05,0.783375314861461,0.6215489651392775,124.56890458069435,0.8916876574307305,0.3107744825696388,0.8007284160703421,0.013897439377615228,0.10579345088161209,0.307573075271832
0.5675262485865403,0.006084508730742225,"{((frozenset({blue}), frozenset({yellow})),) x 0: 0.8095238095238095, ((frozenset({magenta}), frozenset({yellow})),) x 0: 0.8888888888888888, ((frozenset({green}), frozenset({blue})),) x 0: 0.875, ((frozenset({green}), frozenset({magenta})),) x 0: 0.8125, ((frozenset({yellow}), frozenset({green})),) x 0: 0.95, ((frozenset({magenta}), frozenset({green})),) x 0: 0.9666666666666667, ((frozenset({yellow}), frozenset({blue})),) x 0: 0.8571428571428571, ((frozenset({yellow}), frozenset({magenta})),) x 0: 1.0, ((frozenset({green}), frozenset({yellow})),) x 0: 0.875, ((frozenset({blue}), frozenset({green})),) x 0: 0.8666666666666667, ((frozenset({blue}), frozenset({magenta})),) x 0: 0.9642857142857143, ((frozenset({magenta}), frozenset({blue})),) x 0: 0.8333333333333334}",1.6014294549822807,0.06752939640202535,3211264,162.11910669975185,94.87157681069144,0.02320416091242805,3:15:17,0.7741935483870968,0.6309857051135408,152.66012156514458,0.8858560794044665,0.31798598394679917,0.7809889763593674,0.012913357219076715,0.11166253101736973,0.3149508059747818
0.5650459020243571,0.005873749343613855,"{((frozenset({green}), frozenset({magenta})),) x 0: 0.9148936170212766, ((frozenset({magenta}), frozenset({green})),) x 0: 0.8620689655172413, ((frozenset({yellow}), frozenset({green})),) x 0: 0.8947368421052632, ((frozenset({blue}), frozenset({yellow})),) x 0: 0.9772727272727273, ((frozenset({blue}), frozenset({magenta})),) x 0: 0.96, ((frozenset({yellow}), frozenset({magenta})),) x 0: 0.8857142857142857, ((frozenset({magenta}), frozenset({yellow})),) x 0: 0.9, ((frozenset({green}), frozenset({blue})),) x 0: 0.7777777777777778, ((frozenset({green}), frozenset({yellow})),) x 0: 0.8947368421052632, ((frozenset({yellow}), frozenset({blue})),) x 0: 0.8709677419354839, ((frozenset({magenta}), frozenset({blue})),) x 0: 0.8787878787878788, ((frozenset({blue}), frozenset({green})),) x 0: 0.8148148148148148}",1.6032481864094734,0.06457285925777109,3276800,158.93462469733657,77.15788716479774,0.02070989366620779,3:47:35,0.7772397094430993,0.6292046042940298,126.19126343208757,0.8886198547215496,0.3146023021470149,0.7710542939603329,0.012175672833109275,0.1089588377723971,0.31158756304397894
0.6134541151842898,0.006369062100757964,"{((frozenset({yellow}), frozenset({blue})),) x 0: 0.9393939393939394, ((frozenset({yellow}), frozenset({magenta})),) x 0: 0.9523809523809523, ((frozenset({blue}), frozenset({green})),) x 0: 0.9259259259259259, ((frozenset({green}), frozenset({blue})),) x 0: 0.925, ((frozenset({green}), frozenset({yellow})),) x 0: 0.896551724137931, ((frozenset({blue}), frozenset({magenta})),) x 0: 0.96, ((frozenset({blue}), frozenset({yellow})),) x 0: 0.8095238095238095, ((frozenset({magenta}), frozenset({blue})),) x 0: 0.875, ((frozenset({magenta}), frozenset({green})),) x 0: 1.0, ((frozenset({yellow}), frozenset({green})),) x 0: 0.9428571428571428, ((frozenset({green}), frozenset({magenta})),) x 0: 0.9714285714285714, ((frozenset({magenta}), frozenset({yellow})),) x 0: 0.9142857142857143}",1.6172125972807407,0.050048393767888916,3342336,173.77188328912467,92.25932747713262,0.01031100431282539,3:36:53,0.8567639257294429,0.5157088088918721,127.37626225389896,0.9283819628647215,0.25785440444593605,0.7612611148506403,0.007617701077833772,0.07161803713527852,0.2578544044459361
0.6062815069456456,0.006032186326448766,"{((frozenset({green}), frozenset({blue})),) x 0: 0.925, ((frozenset({yellow}), frozenset({green})),) x 0: 0.8235294117647058, ((frozenset({green}), frozenset({yellow})),) x 0: 0.9666666666666667, ((frozenset({magenta}), frozenset({green})),) x 0: 1.0, ((frozenset({magenta}), frozenset({yellow})),) x 0: 0.9696969696969697, ((frozenset({green}), frozenset({magenta})),) x 0: 0.967741935483871, ((frozenset({yellow}), frozenset({blue})),) x 0: 0.8518518518518519, ((frozenset({magenta}), frozenset({blue})),) x 0: 0.9473684210526315, ((frozenset({yellow}), frozenset({magenta})),) x 0: 0.8571428571428571, ((frozenset({blue}), frozenset({yellow})),) x 0: 0.9, ((frozenset({blue}), frozenset({magenta})),) x 0: 0.9047619047619048, ((frozenset({blue}), frozenset({green})),) x 0: 0.9230769230769231}",1.6132193356752396,0.049475501069993315,3407872,168.61139896373058,90.4265039475574,0.008048703995882533,3:29:05,0.8471502590673575,0.528909978150327,126.91156650079851,0.9222797927461139,0.2677307913526179,0.7626516483724117,0.007543363040895201,0.07512953367875648,0.26360024060681175
0.607199175672569,0.006431331992178523,"{((frozenset({blue}), frozenset({magenta})),) x 0: 0.9705882352941176, ((frozenset({yellow}), frozenset({magenta})),) x 0: 0.9038461538461539, ((frozenset({green}), frozenset({magenta})),) x 0: 0.9666666666666667, ((frozenset({green}), frozenset({blue})),) x 0: 0.88, ((frozenset({magenta}), frozenset({green})),) x 0: 0.9583333333333334, ((frozenset({yellow}), frozenset({green})),) x 0: 0.9534883720930233, ((frozenset({magenta}), frozenset({yellow})),) x 0: 0.9117647058823529, ((frozenset({yellow}), frozenset({blue})),) x 0: 0.8928571428571429, ((frozenset({magenta}), frozenset({blue})),) x 0: 0.9210526315789473, ((frozenset({blue}), frozenset({yellow})),) x 0: 0.8918918918918919, ((frozenset({green}), frozenset({yellow})),) x 0: 0.7777777777777778, ((frozenset({blue}), frozenset({green})),) x 0: 0.96}",1.6152444630861282,0.05201122925427315,3473408,165.92443324937028,87.19519394061385,0.009418290836038068,3:24:58,0.8337531486146096,0.5521373807081212,124.12779793420049,0.9168765743073047,0.2760686903540606,0.7572191916406155,0.008277121625724249,0.08060453400503778,0.2722268228938297
0.607552127364969,0.006043424519949161,"{((frozenset({yellow}), frozenset({blue})),) x 0: 0.9375, ((frozenset({magenta}), frozenset({blue})),) x 0: 0.9069767441860465, ((frozenset({magenta}), frozenset({green})),) x 0: 0.9714285714285714, ((frozenset({green}), frozenset({blue})),) x 0: 0.9310344827586207, ((frozenset({blue}), frozenset({magenta})),) x 0: 0.8235294117647058, ((frozenset({blue}), frozenset({yellow})),) x 0: 0.9310344827586207, ((frozenset({yellow}), frozenset({green})),) x 0: 0.9375, ((frozenset({green}), frozenset({yellow})),) x 0: 0.8888888888888888, ((frozenset({yellow}), frozenset({magenta})),) x 0: 0.9705882352941176, ((frozenset({magenta}), frozenset({yellow})),) x 0: 0.92, ((frozenset({blue}), frozenset({green})),) x 0: 0.9, ((frozenset({green}), frozenset({magenta})),) x 0: 0.90625}",1.619496289640665,0.04769529446047895,3538944,170.69010416666666,85.18393276946354,0.006115926546044648,3:11:20,0.84375,0.5367363761661771,127.26195675131046,0.921875,0.26836818808308854,0.7491197548806667,0.00700597176910378,0.07552083333333333,0.2642298943457614
0.6297463350304039,0.0063797781816856206,"{((frozenset({green}), frozenset({yellow})),) x 0: 0.972972972972973, ((frozenset({yellow}), frozenset({blue})),) x 0: 0.9629629629629629, ((frozenset({magenta}), frozenset({yellow})),) x 0: 0.9, ((frozenset({green}), frozenset({blue})),) x 0: 0.8529411764705882, ((frozenset({blue}), frozenset({green})),) x 0: 0.8611111111111112, ((frozenset({magenta}), frozenset({blue})),) x 0: 0.9722222222222222, ((frozenset({green}), frozenset({magenta})),) x 0: 0.9722222222222222, ((frozenset({yellow}), frozenset({magenta})),) x 0: 0.9090909090909091, ((frozenset({blue}), frozenset({magenta})),) x 0: 0.9411764705882353, ((frozenset({blue}), frozenset({yellow})),) x 0: 0.9473684210526315, ((frozenset({yellow}), frozenset({green})),) x 0: 0.9655172413793104, ((frozenset({magenta}), frozenset({green})),) x 0: 1.0}",1.614626720547676,0.05114385301330654,3604480,171.3984375,89.99820656578993,0.0027884756714229297,3:05:20,0.875,0.4841229182759271,125.4885349709892,0.9375,0.24206145913796356,0.7461937554180622,0.005855076102307066,0.0625,0.24206145913796356
0.6477408526694192,0.006697658879661764,"{((frozenset({blue}), frozenset({magenta})),) x 0: 0.88, ((frozenset({green}), frozenset({magenta})),) x 0: 0.972972972972973, ((frozenset({magenta}), frozenset({yellow})),) x 0: 0.9487179487179487, ((frozenset({green}), frozenset({yellow})),) x 0: 1.0, ((frozenset({yellow}), frozenset({blue})),) x 0: 0.9285714285714286, ((frozenset({yellow}), frozenset({magenta})),) x 0: 1.0, ((frozenset({green}), frozenset({blue})),) x 0: 0.90625, ((frozenset({yellow}), frozenset({green})),) x 0: 0.9117647058823529, ((frozenset({blue}), frozenset({green})),) x 0: 0.9767441860465116, ((frozenset({blue}), frozenset({yellow})),) x 0: 0.9130434782608695, ((frozenset({magenta}), frozenset({green})),) x 0: 0.9583333333333334, ((frozenset({magenta}), frozenset({blue})),) x 0: 0.9333333333333333}",1.6259106509387493,0.046755088749604504,3670016,170.9157894736842,93.53124028145493,-0.0008611282050878799,2:53:51,0.8973684210526316,0.438290243959569,127.5009930553635,0.9473684210526315,0.22329687826943606,0.7482030875980854,0.0049172837534570135,0.042105263157894736,0.20082930556146225
0.620157531573404,0.00623248673068734,"{((frozenset({green}), frozenset({magenta})),) x 0: 0.975, ((frozenset({blue}), frozenset({magenta})),) x 0: 0.9166666666666666, ((frozenset({yellow}), frozenset({magenta})),) x 0: 0.95, ((frozenset({blue}), frozenset({green})),) x 0: 0.92, ((frozenset({green}), frozenset({yellow})),) x 0: 0.896551724137931, ((frozenset({yellow}), frozenset({blue})),) x 0: 0.9259259259259259, ((frozenset({yellow}), frozenset({green})),) x 0: 1.0, ((frozenset({green}), frozenset({blue})),) x 0: 0.9285714285714286, ((frozenset({blue}), frozenset({yellow})),) x 0: 0.967741935483871, ((frozenset({magenta}), frozenset({green})),) x 0: 0.9615384615384616, ((frozenset({magenta}), frozenset({blue})),) x 0: 0.9655172413793104, ((frozenset({magenta}), frozenset({yellow})),) x 0: 0.8148148148148148}",1.6202358976006508,0.051043864435217357,3735552,180.67857142857142,105.4111963220563,0.0011765282843043678,2:44:17,0.8763736263736264,0.4787713590530314,128.27248742241656,0.9368131868131868,0.24329866383954507,0.7339985650032759,0.005198630875383969,0.054945054945054944,0.22787298190470023
0.6269808025266849,0.0063228772496911655,"{((frozenset({blue}), frozenset({magenta})),) x 0: 0.96875, ((frozenset({yellow}), frozenset({blue})),) x 0: 0.967741935483871, ((frozenset({magenta}), frozenset({green})),) x 0: 0.9714285714285714, ((frozenset({green}), frozenset({magenta})),) x 0: 0.9117647058823529, ((frozenset({green}), frozenset({yellow})),) x 0: 0.8918918918918919, ((frozenset({blue}), frozenset({green})),) x 0: 0.9444444444444444, ((frozenset({yellow}), frozenset({magenta})),) x 0: 0.967741935483871, ((frozenset({magenta}), frozenset({yellow})),) x 0: 0.9523809523809523, ((frozenset({blue}), frozenset({yellow})),) x 0: 0.9, ((frozenset({green}), frozenset({blue})),) x 0: 0.9333333333333333, ((frozenset({yellow}), frozenset({green})),) x 0: 0.8823529411764706, ((frozenset({magenta}), frozenset({blue})),) x 0: 0.9230769230769231}",1.6351922154426575,0.05134876068865777,3801088,174.2257217847769,87.07878877129235,0.003915565963325207,2:36:18,0.8740157480314961,0.48589759434776414,127.84135038477456,0.937007874015748,0.24294879717388207,0.7574445083737373,0.0063896608335198835,0.05774278215223097,0.23325641097631375
0.6505867382104972,0.006680483396308735,"{((frozenset({blue}), frozenset({yellow})),) x 0: 0.9024390243902439, ((frozenset({yellow}), frozenset({magenta})),) x 0: 0.9666666666666667, ((frozenset({yellow}), frozenset({green})),) x 0: 1.0, ((frozenset({magenta}), frozenset({green})),) x 0: 1.0, ((frozenset({magenta}), frozenset({yellow})),) x 0: 0.9583333333333334, ((frozenset({green}), frozenset({yellow})),) x 0: 0.9642857142857143, ((frozenset({yellow}), frozenset({blue})),) x 0: 0.9230769230769231, ((frozenset({green}), frozenset({blue})),) x 0: 0.9565217391304348, ((frozenset({blue}), frozenset({magenta})),) x 0: 0.9629629629629629, ((frozenset({blue}), frozenset({green})),) x 0: 0.9428571428571428, ((frozenset({green}), frozenset({magenta})),) x 0: 1.0, ((frozenset({magenta}), frozenset({blue})),) x 0: 0.8666666666666667}",1.6333625204861164,0.042986780081507026,3866624,170.8941798941799,90.68778592727313,1.7404181562596932e-06,2:30:13,0.9047619047619048,0.42591770999996,125.74707954758608,0.9523809523809523,0.21295885499998,0.7583491858094931,0.005340090465324465,0.04497354497354497,0.2072460499649089
0.37176793480927034,0.002315825230659244,"{((frozenset({green}), frozenset({magenta})),) x 0: 1.0, ((frozenset({blue}), frozenset({magenta})),) x 0: 1.0, ((frozenset({magenta}), frozenset({green})),) x 0: 1.0, ((frozenset({magenta}), frozenset({yellow})),) x 0: 1.0, ((frozenset({green}), frozenset({yellow})),) x 0: 1.0, ((frozenset({yellow}), frozenset({blue})),) x 0: 0.0, ((frozenset({green}), frozenset({blue})),) x 0: 0.5, ((frozenset({magenta}), frozenset({blue})),) x 0: 1.0, ((frozenset({blue}), frozenset({yellow})),) x 0: 0.0, ((frozenset({yellow}), frozenset({green})),) x 0: 1.0, ((frozenset({yellow}), frozenset({magenta})),) x 0: 1.0, ((frozenset({magenta}), frozenset({yellow})), (frozenset({green}), frozenset({blue}))) x 0: 0.0, ((frozenset({yellow}), frozenset({magenta})), (frozenset({magenta}), frozenset({green}))) x 0: 0.75, ((frozenset({green}), frozenset({blue})), (frozenset({yellow}), frozenset({magenta}))) x 0: 1.0, ((frozenset({magenta}), frozenset({green})), (frozenset({yellow}), frozenset({green}))) x 0: 1.0, ((frozenset({magenta}), frozenset({blue})), (frozenset({green}), frozenset({yellow}))) x 0: 1.0, ((frozenset({magenta}), frozenset({yellow})), (frozenset({blue}), frozenset({green}))) x 0: 0.7142857142857143, ((frozenset({blue}), frozenset({magenta})), (frozenset({green}), frozenset({yellow}))) x 0: 1.0, ((frozenset({yellow}), frozenset({magenta})), (frozenset({blue}), frozenset({magenta}))) x 0: 1.0, ((frozenset({blue}), frozenset({green})), (frozenset({magenta}), frozenset({yellow}))) x 0: 0.8, ((frozenset({blue}), frozenset({magenta})), (frozenset({magenta}), frozenset({green}))) x 0: 0.8, ((frozenset({green}), frozenset({blue})), (frozenset({magenta}), frozenset({blue}))) x 0: 1.0, ((frozenset({blue}), frozenset({green})), (frozenset({green}), frozenset({magenta}))) x 0: 1.0, ((frozenset({green}), frozenset({magenta})), (frozenset({magenta}), frozenset({yellow}))) x 0: 0.25, ((frozenset({yellow}), frozenset({magenta})), (frozenset({green}), frozenset({blue}))) x 0: 1.0, ((frozenset({yellow}), frozenset({blue})), (frozenset({green}), frozenset({blue}))) x 0: 0.6666666666666666, ((frozenset({blue}), frozenset({green})), (frozenset({green}), frozenset({yellow}))) x 0: 0.8333333333333334, ((frozenset({blue}), frozenset({green})), (frozenset({yellow}), frozenset({green}))) x 0: 1.0, ((frozenset({magenta}), frozenset({green})), (frozenset({blue}), frozenset({yellow}))) x 0: 1.0, ((frozenset({yellow}), frozenset({green})), (frozenset({green}), frozenset({magenta}))) x 0: 0.5, ((frozenset({green}), frozenset({yellow})), (frozenset({blue}), frozenset({yellow}))) x 0: 1.0, ((frozenset({yellow}), frozenset({blue})), (frozenset({magenta}), frozenset({green}))) x 0: 1.0, ((frozenset({blue}), frozenset({yellow})), (frozenset({magenta}), frozenset({green}))) x 0: 1.0, ((frozenset({green}), frozenset({yellow})), (frozenset({yellow}), frozenset({blue}))) x 0: 1.0, ((frozenset({yellow}), frozenset({blue})), (frozenset({blue}), frozenset({green}))) x 0: 1.0, ((frozenset({yellow}), frozenset({magenta})), (frozenset({blue}), frozenset({green}))) x 0: 1.0, ((frozenset({blue}), frozenset({magenta})), (frozenset({yellow}), frozenset({magenta}))) x 0: 0.3333333333333333, ((frozenset({green}), frozenset({magenta})), (frozenset({blue}), frozenset({magenta}))) x 0: 1.0, ((frozenset({green}), frozenset({yellow})), (frozenset({yellow}), frozenset({magenta}))) x 0: 1.0, ((frozenset({green}), frozenset({yellow})), (frozenset({magenta}), frozenset({yellow}))) x 0: 1.0, ((frozenset({yellow}), frozenset({green})), (frozenset({blue}), frozenset({green}))) x 0: 1.0, ((frozenset({green}), frozenset({magenta})), (frozenset({blue}), frozenset({yellow}))) x 0: 1.0, ((frozenset({blue}), frozenset({green})), (frozenset({magenta}), frozenset({green}))) x 0: 1.0, ((frozenset({magenta}), frozenset({yellow})), (frozenset({yellow}), frozenset({blue}))) x 0: 1.0, ((frozenset({magenta}), frozenset({blue})), (frozenset({blue}), frozenset({green}))) x 0: 0.5, ((frozenset({blue}), frozenset({yellow})), (frozenset({green}), frozenset({magenta}))) x 0: 1.0, ((frozenset({green}), frozenset({yellow})), (frozenset({magenta}), frozenset({blue}))) x 0: 1.0, ((frozenset({yellow}), frozenset({magenta})), (frozenset({green}), frozenset({magenta}))) x 0: 1.0, ((frozenset({green}), frozenset({magenta})), (frozenset({magenta}), frozenset({blue}))) x 0: 1.0, ((frozenset({magenta}), frozenset({green})), (frozenset({blue}), frozenset({green}))) x 0: 1.0, ((frozenset({magenta}), frozenset({blue})), (frozenset({green}), frozenset({blue}))) x 0: 1.0, ((frozenset({magenta}), frozenset({yellow})), (frozenset({blue}), frozenset({yellow}))) x 0: 0.5, ((frozenset({yellow}), frozenset({magenta})), (frozenset({magenta}), frozenset({blue}))) x 0: 1.0, ((frozenset({green}), frozenset({blue})), (frozenset({magenta}), frozenset({yellow}))) x 0: 1.0, ((frozenset({blue}), frozenset({magenta})), (frozenset({magenta}), frozenset({yellow}))) x 0: 1.0, ((frozenset({yellow}), frozenset({green})), (frozenset({blue}), frozenset({magenta}))) x 0: 1.0, ((frozenset({magenta}), frozenset({green})), (frozenset({yellow}), frozenset({blue}))) x 0: 0.5, ((frozenset({blue}), frozenset({yellow})), (frozenset({green}), frozenset({yellow}))) x 0: 0.75, ((frozenset({yellow}), frozenset({green})), (frozenset({magenta}), frozenset({blue}))) x 0: 1.0, ((frozenset({magenta}), frozenset({yellow})), (frozenset({green}), frozenset({yellow}))) x 0: 0.0, ((frozenset({magenta}), frozenset({green})), (frozenset({green}), frozenset({yellow}))) x 0: 1.0, ((frozenset({yellow}), frozenset({green})), (frozenset({magenta}), frozenset({green}))) x 0: 1.0, ((frozenset({blue}), frozenset({yellow})), (frozenset({yellow}), frozenset({magenta}))) x 0: 1.0, ((frozenset({magenta}), frozenset({blue})), (frozenset({yellow}), frozenset({green}))) x 0: 1.0, ((frozenset({green}), frozenset({blue})), (frozenset({blue}), frozenset({magenta}))) x 0: 1.0, ((frozenset({green}), frozenset({blue})), (frozenset({yellow}), frozenset({blue}))) x 0: 0.6666666666666666, ((frozenset({blue}), frozenset({yellow})), (frozenset({yellow}), frozenset({green}))) x 0: 1.0, ((frozenset({yellow}), frozenset({blue})), (frozenset({blue}), frozenset({magenta}))) x 0: 1.0, ((frozenset({green}), frozenset({magenta})), (frozenset({yellow}), frozenset({magenta}))) x 0: 1.0, ((frozenset({blue}), frozenset({magenta})), (frozenset({green}), frozenset({magenta}))) x 0: 1.0, ((frozenset({yellow}), frozenset({green})), (frozenset({green}), frozenset({blue}))) x 0: 1.0, ((frozenset({yellow}), frozenset({blue})), (frozenset({green}), frozenset({magenta}))) x 0: 0.0, ((frozenset({magenta}), frozenset({green})), (frozenset({green}), frozenset({blue}))) x 0: 1.0, ((frozenset({green}), frozenset({yellow})), (frozenset({blue}), frozenset({magenta}))) x 0: 1.0, ((frozenset({blue}), frozenset({green})), (frozenset({yellow}), frozenset({magenta}))) x 0: 1.0, ((frozenset({green}), frozenset({magenta})), (frozenset({yellow}), frozenset({blue}))) x 0: 1.0, ((frozenset({magenta}), frozenset({blue})), (frozenset({yellow}), frozenset({blue}))) x 0: 1.0}",1.6632351353764534,0.05319972685914559,3932160,348.4535519125683,170.37918744584482,0.009820716950343922,2:34:58,0.7486338797814208,0.6546895083127446,114.84321082926982,0.8688524590163934,0.33756164396678695,0.6448454912751913,0.006026694143656641,0.10382513661202186,0.30503356802082765
0.36347258414771094,0.0021209655927710296,"{((frozenset({blue}), frozenset({green})), (frozenset({yellow}), frozenset({magenta}))) x 0: 1.0, ((frozenset({magenta}), frozenset({yellow})), (frozenset({blue}), frozenset({green}))) x 0: 1.0, ((frozenset({yellow}), frozenset({green})), (frozenset({magenta}), frozenset({green}))) x 0: 0.7142857142857143, ((frozenset({yellow}), frozenset({magenta})), (frozenset({blue}), frozenset({green}))) x 0: 1.0, ((frozenset({blue}), frozenset({yellow})), (frozenset({green}), frozenset({magenta}))) x 0: 1.0, ((frozenset({green}), frozenset({yellow})), (frozenset({blue}), frozenset({yellow}))) x 0: 1.0, ((frozenset({yellow}), frozenset({green})), (frozenset({green}), frozenset({blue}))) x 0: 1.0, ((frozenset({blue}), frozenset({yellow})), (frozenset({magenta}), frozenset({yellow}))) x 0: 0.75, ((frozenset({green}), frozenset({blue})), (frozenset({yellow}), frozenset({magenta}))) x 0: 1.0, ((frozenset({green}), frozenset({magenta})), (frozenset({yellow}), frozenset({magenta}))) x 0: 1.0, ((frozenset({magenta}), frozenset({blue})), (frozenset({green}), frozenset({yellow}))) x 0: 1.0, ((frozenset({magenta}), frozenset({yellow})), (frozenset({yellow}), frozenset({green}))) x 0: 1.0, ((frozenset({green}), frozenset({blue})), (frozenset({yellow}), frozenset({blue}))) x 0: 1.0, ((frozenset({yellow}), frozenset({blue})), (frozenset({green}), frozenset({magenta}))) x 0: 0.8333333333333334, ((frozenset({blue}), frozenset({yellow})), (frozenset({yellow}), frozenset({green}))) x 0: 1.0, ((frozenset({blue}), frozenset({yellow})), (frozenset({magenta}), frozenset({green}))) x 0: 1.0, ((frozenset({yellow}), frozenset({blue})), (frozenset({blue}), frozenset({green}))) x 0: 1.0, ((frozenset({blue}), frozenset({magenta})), (frozenset({yellow}), frozenset({green}))) x 0: 0.875, ((frozenset({yellow}), frozenset({magenta})), (frozenset({magenta}), frozenset({green}))) x 0: 0.5, ((frozenset({blue}), frozenset({yellow})), (frozenset({green}), frozenset({yellow}))) x 0: 1.0, ((frozenset({yellow}), frozenset({magenta})), (frozenset({green}), frozenset({blue}))) x 0: 1.0, ((frozenset({yellow}), frozenset({blue})), (frozenset({green}), frozenset({blue}))) x 0: 1.0, ((frozenset({magenta}), frozenset({blue})), (frozenset({blue}), frozenset({yellow}))) x 0: 0.8333333333333334, ((frozenset({magenta}), frozenset({yellow})), (frozenset({blue}), frozenset({yellow}))) x 0: 1.0, ((frozenset({yellow}), frozenset({blue})), (frozenset({magenta}), frozenset({blue}))) x 0: 0.75, ((frozenset({green}), frozenset({blue})), (frozenset({blue}), frozenset({yellow}))) x 0: 1.0, ((frozenset({magenta}), frozenset({yellow})), (frozenset({green}), frozenset({yellow}))) x 0: 0.7777777777777778, ((frozenset({magenta}), frozenset({green})), (frozenset({green}), frozenset({yellow}))) x 0: 1.0, ((frozenset({green}), frozenset({magenta})), (frozenset({magenta}), frozenset({yellow}))) x 0: 0.8333333333333334, ((frozenset({magenta}), frozenset({blue})), (frozenset({yellow}), frozenset({blue}))) x 0: 1.0, ((frozenset({magenta}), frozenset({yellow})), (frozenset({yellow}), frozenset({blue}))) x 0: 0.5, ((frozenset({magenta}), frozenset({green})), (frozenset({blue}), frozenset({green}))) x 0: 1.0, ((frozenset({blue}), frozenset({yellow})), (frozenset({yellow}), frozenset({magenta}))) x 0: 1.0, ((frozenset({magenta}), frozenset({blue})), (frozenset({blue}), frozenset({green}))) x 0: 0.6666666666666666, ((frozenset({blue}), frozenset({magenta})), (frozenset({magenta}), frozenset({yellow}))) x 0: 1.0, ((frozenset({magenta}), frozenset({blue})), (frozenset({green}), frozenset({blue}))) x 0: 1.0, ((frozenset({blue}), frozenset({magenta})), (frozenset({magenta}), frozenset({green}))) x 0: 0.0, ((frozenset({blue}), frozenset({magenta})), (frozenset({green}), frozenset({magenta}))) x 0: 1.0, ((frozenset({magenta}), frozenset({yellow})), (frozenset({green}), frozenset({blue}))) x 0: 1.0, ((frozenset({blue}), frozenset({magenta})), (frozenset({yellow}), frozenset({magenta}))) x 0: 0.6666666666666666, ((frozenset({green}), frozenset({yellow})), (frozenset({magenta}), frozenset({yellow}))) x 0: 0.5, ((frozenset({green}), frozenset({magenta})), (frozenset({magenta}), frozenset({blue}))) x 0: 1.0, ((frozenset({blue}), frozenset({green})), (frozenset({green}), frozenset({yellow}))) x 0: 1.0, ((frozenset({green}), frozenset({magenta})), (frozenset({blue}), frozenset({yellow}))) x 0: 1.0, ((frozenset({green}), frozenset({yellow})), (frozenset({yellow}), frozenset({blue}))) x 0: 1.0, ((frozenset({yellow}), frozenset({magenta})), (frozenset({magenta}), frozenset({blue}))) x 0: 0.6666666666666666, ((frozenset({magenta}), frozenset({green})), (frozenset({yellow}), frozenset({blue}))) x 0: 1.0, ((frozenset({blue}), frozenset({green})), (frozenset({green}), frozenset({magenta}))) x 0: 1.0, ((frozenset({blue}), frozenset({magenta})), (frozenset({green}), frozenset({yellow}))) x 0: 0.0, ((frozenset({yellow}), frozenset({magenta})), (frozenset({green}), frozenset({magenta}))) x 0: 1.0, ((frozenset({magenta}), frozenset({green})), (frozenset({yellow}), frozenset({green}))) x 0: 1.0, ((frozenset({yellow}), frozenset({green})), (frozenset({green}), frozenset({magenta}))) x 0: 0.6666666666666666, ((frozenset({magenta}), frozenset({green})), (frozenset({green}), frozenset({blue}))) x 0: 1.0, ((frozenset({yellow}), frozenset({magenta})), (frozenset({blue}), frozenset({magenta}))) x 0: 1.0, ((frozenset({blue}), frozenset({green})), (frozenset({magenta}), frozenset({yellow}))) x 0: 1.0, ((frozenset({yellow}), frozenset({blue})), (frozenset({blue}), frozenset({magenta}))) x 0: 0.5, ((frozenset({green}), frozenset({yellow})), (frozenset({yellow}), frozenset({magenta}))) x 0: 1.0, ((frozenset({green}), frozenset({yellow})), (frozenset({magenta}), frozenset({blue}))) x 0: 1.0, ((frozenset({green}), frozenset({magenta})), (frozenset({blue}), frozenset({magenta}))) x 0: 1.0, ((frozenset({yellow}), frozenset({green})), (frozenset({blue}), frozenset({green}))) x 0: 1.0}",1.665231391787529,0.049675616061760436,3997696,353.5133689839572,164.9776636409143,0.007978555586305447,2:25:03,0.7540106951871658,0.6486699348494513,115.15714232504813,0.8716577540106952,0.3344704977777944,0.6369289010763168,0.005281253899738658,0.0962566844919786,0.29494293546818556
0.3542083847459375,0.002148951881901365,"{((frozenset({yellow}), frozenset({blue})), (frozenset({green}), frozenset({magenta}))) x 0: 1.0, ((frozenset({blue}), frozenset({green})), (frozenset({magenta}), frozenset({green}))) x 0: 1.0, ((frozenset({green}), frozenset({magenta})), (frozenset({magenta}), frozenset({blue}))) x 0: 1.0, ((frozenset({yellow}), frozenset({magenta})), (frozenset({magenta}), frozenset({green}))) x 0: 1.0, ((frozenset({blue}), frozenset({magenta})), (frozenset({yellow}), frozenset({magenta}))) x 0: 0.75, ((frozenset({green}), frozenset({yellow})), (frozenset({yellow}), frozenset({magenta}))) x 0: 1.0, ((frozenset({yellow}), frozenset({blue})), (frozenset({magenta}), frozenset({blue}))) x 0: 0.8, ((frozenset({magenta}), frozenset({blue})), (frozenset({yellow}), frozenset({blue}))) x 0: 1.0, ((frozenset({green}), frozenset({magenta})), (frozenset({blue}), frozenset({yellow}))) x 0: 1.0, ((frozenset({blue}), frozenset({yellow})), (frozenset({green}), frozenset({magenta}))) x 0: 1.0, ((frozenset({yellow}), frozenset({magenta})), (frozenset({magenta}), frozenset({blue}))) x 0: 1.0, ((frozenset({magenta}), frozenset({yellow})), (frozenset({yellow}), frozenset({green}))) x 0: 1.0, ((frozenset({blue}), frozenset({yellow})), (frozenset({magenta}), frozenset({green}))) x 0: 1.0, ((frozenset({yellow}), frozenset({green})), (frozenset({blue}), frozenset({green}))) x 0: 1.0, ((frozenset({magenta}), frozenset({blue})), (frozenset({green}), frozenset({yellow}))) x 0: 0.6666666666666666, ((frozenset({blue}), frozenset({magenta})), (frozenset({magenta}), frozenset({green}))) x 0: 1.0, ((frozenset({green}), frozenset({blue})), (frozenset({magenta}), frozenset({yellow}))) x 0: 0.6666666666666666, ((frozenset({blue}), frozenset({green})), (frozenset({green}), frozenset({magenta}))) x 0: 1.0, ((frozenset({green}), frozenset({magenta})), (frozenset({blue}), frozenset({magenta}))) x 0: 0.6666666666666666, ((frozenset({blue}), frozenset({magenta})), (frozenset({green}), frozenset({yellow}))) x 0: 0.7058823529411765, ((frozenset({magenta}), frozenset({yellow})), (frozenset({yellow}), frozenset({blue}))) x 0: 1.0, ((frozenset({magenta}), frozenset({yellow})), (frozenset({green}), frozenset({blue}))) x 0: 1.0, ((frozenset({green}), frozenset({blue})), (frozenset({blue}), frozenset({magenta}))) x 0: 0.8, ((frozenset({blue}), frozenset({yellow})), (frozenset({yellow}), frozenset({green}))) x 0: 0.5, ((frozenset({magenta}), frozenset({green})), (frozenset({yellow}), frozenset({blue}))) x 0: 1.0, ((frozenset({green}), frozenset({magenta})), (frozenset({magenta}), frozenset({yellow}))) x 0: 1.0, ((frozenset({blue}), frozenset({yellow})), (frozenset({green}), frozenset({yellow}))) x 0: 1.0, ((frozenset({magenta}), frozenset({blue})), (frozenset({green}), frozenset({blue}))) x 0: 1.0, ((frozenset({magenta}), frozenset({blue})), (frozenset({blue}), frozenset({green}))) x 0: 0.6, ((frozenset({blue}), frozenset({yellow})), (frozenset({yellow}), frozenset({magenta}))) x 0: 0.0, ((frozenset({green}), frozenset({blue})), (frozenset({yellow}), frozenset({magenta}))) x 0: 1.0, ((frozenset({yellow}), frozenset({green})), (frozenset({green}), frozenset({magenta}))) x 0: 1.0, ((frozenset({yellow}), frozenset({green})), (frozenset({magenta}), frozenset({green}))) x 0: 1.0, ((frozenset({magenta}), frozenset({green})), (frozenset({green}), frozenset({yellow}))) x 0: 0.5714285714285714, ((frozenset({magenta}), frozenset({yellow})), (frozenset({blue}), frozenset({green}))) x 0: 1.0, ((frozenset({yellow}), frozenset({magenta})), (frozenset({green}), frozenset({blue}))) x 0: 1.0, ((frozenset({yellow}), frozenset({blue})), (frozenset({blue}), frozenset({magenta}))) x 0: 1.0, ((frozenset({yellow}), frozenset({magenta})), (frozenset({blue}), frozenset({magenta}))) x 0: 1.0, ((frozenset({yellow}), frozenset({blue})), (frozenset({magenta}), frozenset({green}))) x 0: 0.5, ((frozenset({magenta}), frozenset({green})), (frozenset({blue}), frozenset({yellow}))) x 0: 1.0, ((frozenset({blue}), frozenset({green})), (frozenset({green}), frozenset({yellow}))) x 0: 1.0, ((frozenset({green}), frozenset({blue})), (frozenset({magenta}), frozenset({blue}))) x 0: 0.6666666666666666, ((frozenset({magenta}), frozenset({yellow})), (frozenset({blue}), frozenset({yellow}))) x 0: 1.0, ((frozenset({magenta}), frozenset({green})), (frozenset({green}), frozenset({blue}))) x 0: 1.0, ((frozenset({yellow}), frozenset({green})), (frozenset({magenta}), frozenset({blue}))) x 0: 1.0, ((frozenset({yellow}), frozenset({blue})), (frozenset({blue}), frozenset({green}))) x 0: 1.0, ((frozenset({green}), frozenset({yellow})), (frozenset({blue}), frozenset({magenta}))) x 0: 0.6666666666666666, ((frozenset({green}), frozenset({yellow})), (frozenset({magenta}), frozenset({blue}))) x 0: 1.0, ((frozenset({yellow}), frozenset({green})), (frozenset({blue}), frozenset({magenta}))) x 0: 1.0, ((frozenset({yellow}), frozenset({green})), (frozenset({green}), frozenset({blue}))) x 0: 1.0, ((frozenset({blue}), frozenset({green})), (frozenset({yellow}), frozenset({magenta}))) x 0: 1.0, ((frozenset({blue}), frozenset({magenta})), (frozenset({yellow}), frozenset({green}))) x 0: 1.0, ((frozenset({magenta}), frozenset({yellow})), (frozenset({green}), frozenset({yellow}))) x 0: 1.0, ((frozenset({magenta}), frozenset({blue})), (frozenset({blue}), frozenset({yellow}))) x 0: 1.0, ((frozenset({green}), frozenset({blue})), (frozenset({blue}), frozenset({yellow}))) x 0: 1.0, ((frozenset({magenta}), frozenset({blue})), (frozenset({yellow}), frozenset({green}))) x 0: 1.0, ((frozenset({blue}), frozenset({magenta})), (frozenset({magenta}), frozenset({yellow}))) x 0: 1.0, ((frozenset({magenta}), frozenset({green})), (frozenset({yellow}), frozenset({green}))) x 0: 1.0, ((frozenset({green}), frozenset({yellow})), (frozenset({blue}), frozenset({yellow}))) x 0: 1.0, ((frozenset({blue}), frozenset({yellow})), (frozenset({magenta}), frozenset({yellow}))) x 0: 0.5, ((frozenset({green}), frozenset({magenta})), (frozenset({yellow}), frozenset({blue}))) x 0: 0.0, ((frozenset({yellow}), frozenset({magenta})), (frozenset({blue}), frozenset({green}))) x 0: 1.0, ((frozenset({blue}), frozenset({green})), (frozenset({magenta}), frozenset({yellow}))) x 0: 1.0}",1.6655263639986515,0.052445697625589316,4063232,381.5988372093023,171.65631766409518,0.008342254426679574,2:11:17,0.7383720930232558,0.6613356120604275,118.91585229975767,0.8604651162790697,0.3465038238546823,0.6075052656233311,0.005310369560902473,0.10465116279069768,0.30610340886251586
0.38279479679331,0.0021417704215627425,"{((frozenset({magenta}), frozenset({green})), (frozenset({yellow}), frozenset({blue}))) x 0: 0.6666666666666666, ((frozenset({magenta}), frozenset({blue})), (frozenset({blue}), frozenset({green}))) x 0: 1.0, ((frozenset({yellow}), frozenset({green})), (frozenset({green}), frozenset({magenta}))) x 0: 1.0, ((frozenset({blue}), frozenset({magenta})), (frozenset({yellow}), frozenset({green}))) x 0: 1.0, ((frozenset({blue}), frozenset({magenta})), (frozenset({green}), frozenset({yellow}))) x 0: 0.6666666666666666, ((frozenset({blue}), frozenset({magenta})), (frozenset({magenta}), frozenset({green}))) x 0: 0.5, ((frozenset({blue}), frozenset({magenta})), (frozenset({yellow}), frozenset({magenta}))) x 0: 1.0, ((frozenset({magenta}), frozenset({yellow})), (frozenset({yellow}), frozenset({green}))) x 0: 1.0, ((frozenset({yellow}), frozenset({blue})), (frozenset({blue}), frozenset({magenta}))) x 0: 1.0, ((frozenset({blue}), frozenset({magenta})), (frozenset({green}), frozenset({magenta}))) x 0: 1.0, ((frozenset({green}), frozenset({blue})), (frozenset({blue}), frozenset({yellow}))) x 0: 1.0, ((frozenset({yellow}), frozenset({magenta})), (frozenset({blue}), frozenset({magenta}))) x 0: 1.0, ((frozenset({blue}), frozenset({magenta})), (frozenset({magenta}), frozenset({yellow}))) x 0: 0.0, ((frozenset({blue}), frozenset({yellow})), (frozenset({magenta}), frozenset({yellow}))) x 0: 0.7142857142857143, ((frozenset({green}), frozenset({magenta})), (frozenset({yellow}), frozenset({blue}))) x 0: 1.0, ((frozenset({magenta}), frozenset({yellow})), (frozenset({blue}), frozenset({yellow}))) x 0: 1.0, ((frozenset({magenta}), frozenset({green})), (frozenset({green}), frozenset({yellow}))) x 0: 1.0, ((frozenset({green}), frozenset({blue})), (frozenset({blue}), frozenset({magenta}))) x 0: 1.0, ((frozenset({green}), frozenset({yellow})), (frozenset({magenta}), frozenset({yellow}))) x 0: 0.8333333333333334, ((frozenset({blue}), frozenset({yellow})), (frozenset({yellow}), frozenset({magenta}))) x 0: 1.0, ((frozenset({blue}), frozenset({green})), (frozenset({green}), frozenset({magenta}))) x 0: 1.0, ((frozenset({green}), frozenset({yellow})), (frozenset({blue}), frozenset({yellow}))) x 0: 1.0, ((frozenset({green}), frozenset({magenta})), (frozenset({blue}), frozenset({yellow}))) x 0: 1.0, ((frozenset({magenta}), frozenset({green})), (frozenset({blue}), frozenset({yellow}))) x 0: 0.5, ((frozenset({green}), frozenset({yellow})), (frozenset({yellow}), frozenset({magenta}))) x 0: 1.0, ((frozenset({magenta}), frozenset({blue})), (frozenset({green}), frozenset({blue}))) x 0: 1.0, ((frozenset({magenta}), frozenset({green})), (frozenset({green}), frozenset({blue}))) x 0: 1.0, ((frozenset({blue}), frozenset({yellow})), (frozenset({yellow}), frozenset({green}))) x 0: 0.7777777777777778, ((frozenset({blue}), frozenset({green})), (frozenset({yellow}), frozenset({magenta}))) x 0: 1.0, ((frozenset({yellow}), frozenset({green})), (frozenset({magenta}), frozenset({blue}))) x 0: 1.0, ((frozenset({green}), frozenset({magenta})), (frozenset({magenta}), frozenset({yellow}))) x 0: 1.0, ((frozenset({yellow}), frozenset({green})), (frozenset({magenta}), frozenset({green}))) x 0: 1.0, ((frozenset({green}), frozenset({yellow})), (frozenset({yellow}), frozenset({blue}))) x 0: 1.0, ((frozenset({blue}), frozenset({yellow})), (frozenset({green}), frozenset({yellow}))) x 0: 1.0, ((frozenset({yellow}), frozenset({blue})), (frozenset({magenta}), frozenset({green}))) x 0: 1.0, ((frozenset({green}), frozenset({blue})), (frozenset({magenta}), frozenset({yellow}))) x 0: 1.0, ((frozenset({yellow}), frozenset({blue})), (frozenset({green}), frozenset({magenta}))) x 0: 1.0, ((frozenset({yellow}), frozenset({magenta})), (frozenset({green}), frozenset({magenta}))) x 0: 1.0, ((frozenset({blue}), frozenset({green})), (frozenset({magenta}), frozenset({green}))) x 0: 1.0, ((frozenset({blue}), frozenset({green})), (frozenset({yellow}), frozenset({green}))) x 0: 0.6666666666666666, ((frozenset({magenta}), frozenset({green})), (frozenset({yellow}), frozenset({green}))) x 0: 1.0, ((frozenset({green}), frozenset({blue})), (frozenset({magenta}), frozenset({blue}))) x 0: 1.0, ((frozenset({green}), frozenset({magenta})), (frozenset({magenta}), frozenset({blue}))) x 0: 0.6666666666666666, ((frozenset({magenta}), frozenset({yellow})), (frozenset({blue}), frozenset({green}))) x 0: 0.0, ((frozenset({yellow}), frozenset({magenta})), (frozenset({blue}), frozenset({green}))) x 0: 1.0, ((frozenset({magenta}), frozenset({blue})), (frozenset({green}), frozenset({yellow}))) x 0: 0.6666666666666666, ((frozenset({magenta}), frozenset({yellow})), (frozenset({yellow}), frozenset({blue}))) x 0: 1.0, ((frozenset({blue}), frozenset({yellow})), (frozenset({green}), frozenset({magenta}))) x 0: 1.0, ((frozenset({magenta}), frozenset({blue})), (frozenset({yellow}), frozenset({green}))) x 0: 1.0, ((frozenset({yellow}), frozenset({green})), (frozenset({blue}), frozenset({magenta}))) x 0: 1.0, ((frozenset({yellow}), frozenset({green})), (frozenset({blue}), frozenset({green}))) x 0: 0.5, ((frozenset({green}), frozenset({yellow})), (frozenset({magenta}), frozenset({blue}))) x 0: 1.0, ((frozenset({yellow}), frozenset({magenta})), (frozenset({magenta}), frozenset({green}))) x 0: 1.0, ((frozenset({green}), frozenset({yellow})), (frozenset({blue}), frozenset({magenta}))) x 0: 0.0, ((frozenset({magenta}), frozenset({blue})), (frozenset({blue}), frozenset({yellow}))) x 0: 1.0, ((frozenset({magenta}), frozenset({yellow})), (frozenset({green}), frozenset({yellow}))) x 0: 1.0, ((frozenset({yellow}), frozenset({blue})), (frozenset({blue}), frozenset({green}))) x 0: 0.0, ((frozenset({yellow}), frozenset({blue})), (frozenset({magenta}), frozenset({blue}))) x 0: 1.0, ((frozenset({green}), frozenset({blue})), (frozenset({yellow}), frozenset({magenta}))) x 0: 1.0, ((frozenset({green}), frozenset({blue})), (frozenset({yellow}), frozenset({blue}))) x 0: 1.0}",1.6702499948441982,0.04112906940185765,4128768,359.85474860335194,170.2500662181462,0.005152752848516684,2:06:02,0.7932960893854749,0.6042306863996082,115.2104472019559,0.8938547486033519,0.30802343580089875,0.6254402305930853,0.003766838737647049,0.09497206703910614,0.2931763522547917
0.32911009146121045,0.001606634741642393,"{((frozenset({green}), frozenset({yellow})), (frozenset({blue}), frozenset({magenta}))) x 0: 1.0, ((frozenset({blue}), frozenset({magenta})), (frozenset({magenta}), frozenset({yellow}))) x 0: 0.625, ((frozenset({magenta}), frozenset({yellow})), (frozenset({blue}), frozenset({green}))) x 0: 0.8888888888888888, ((frozenset({green}), frozenset({yellow})), (frozenset({yellow}), frozenset({magenta}))) x 0: 1.0, ((frozenset({magenta}), frozenset({blue})), (frozenset({green}), frozenset({yellow}))) x 0: 1.0, ((frozenset({magenta}), frozenset({green})), (frozenset({yellow}), frozenset({blue}))) x 0: 1.0, ((frozenset({blue}), frozenset({yellow})), (frozenset({green}), frozenset({yellow}))) x 0: 1.0, ((frozenset({yellow}), frozenset({magenta})), (frozenset({green}), frozenset({blue}))) x 0: 0.5, ((frozenset({magenta}), frozenset({blue})), (frozenset({yellow}), frozenset({green}))) x 0: 1.0, ((frozenset({green}), frozenset({blue})), (frozenset({magenta}), frozenset({yellow}))) x 0: 0.75, ((frozenset({magenta}), frozenset({green})), (frozenset({blue}), frozenset({green}))) x 0: 0.5, ((frozenset({green}), frozenset({magenta})), (frozenset({yellow}), frozenset({blue}))) x 0: 1.0, ((frozenset({green}), frozenset({blue})), (frozenset({magenta}), frozenset({blue}))) x 0: 0.5, ((frozenset({blue}), frozenset({green})), (frozenset({magenta}), frozenset({green}))) x 0: 1.0, ((frozenset({blue}), frozenset({yellow})), (frozenset({yellow}), frozenset({magenta}))) x 0: 1.0, ((frozenset({yellow}), frozenset({blue})), (frozenset({magenta}), frozenset({green}))) x 0: 1.0, ((frozenset({yellow}), frozenset({blue})), (frozenset({blue}), frozenset({green}))) x 0: 0.8181818181818182, ((frozenset({magenta}), frozenset({yellow})), (frozenset({green}), frozenset({yellow}))) x 0: 1.0, ((frozenset({magenta}), frozenset({blue})), (frozenset({green}), frozenset({blue}))) x 0: 1.0, ((frozenset({magenta}), frozenset({yellow})), (frozenset({yellow}), frozenset({blue}))) x 0: 0.75, ((frozenset({yellow}), frozenset({blue})), (frozenset({green}), frozenset({magenta}))) x 0: 1.0, ((frozenset({green}), frozenset({yellow})), (frozenset({magenta}), frozenset({yellow}))) x 0: 1.0, ((frozenset({blue}), frozenset({magenta})), (frozenset({green}), frozenset({yellow}))) x 0: 1.0, ((frozenset({green}), frozenset({blue})), (frozenset({blue}), frozenset({yellow}))) x 0: 0.0, ((frozenset({magenta}), frozenset({blue})), (frozenset({yellow}), frozenset({blue}))) x 0: 0.0, ((frozenset({blue}), frozenset({magenta})), (frozenset({magenta}), frozenset({green}))) x 0: 1.0, ((frozenset({blue}), frozenset({green})), (frozenset({yellow}), frozenset({magenta}))) x 0: 1.0, ((frozenset({blue}), frozenset({green})), (frozenset({magenta}), frozenset({yellow}))) x 0: 1.0, ((frozenset({magenta}), frozenset({green})), (frozenset({blue}), frozenset({yellow}))) x 0: 1.0, ((frozenset({yellow}), frozenset({magenta})), (frozenset({blue}), frozenset({magenta}))) x 0: 1.0, ((frozenset({green}), frozenset({magenta})), (frozenset({magenta}), frozenset({blue}))) x 0: 1.0, ((frozenset({yellow}), frozenset({magenta})), (frozenset({magenta}), frozenset({blue}))) x 0: 1.0, ((frozenset({blue}), frozenset({yellow})), (frozenset({green}), frozenset({magenta}))) x 0: 1.0, ((frozenset({blue}), frozenset({magenta})), (frozenset({yellow}), frozenset({green}))) x 0: 0.6666666666666666, ((frozenset({magenta}), frozenset({yellow})), (frozenset({blue}), frozenset({yellow}))) x 0: 1.0, ((frozenset({blue}), frozenset({yellow})), (frozenset({magenta}), frozenset({green}))) x 0: 1.0, ((frozenset({yellow}), frozenset({magenta})), (frozenset({green}), frozenset({magenta}))) x 0: 1.0, ((frozenset({yellow}), frozenset({green})), (frozenset({green}), frozenset({magenta}))) x 0: 0.5, ((frozenset({green}), frozenset({yellow})), (frozenset({magenta}), frozenset({blue}))) x 0: 1.0, ((frozenset({blue}), frozenset({yellow})), (frozenset({magenta}), frozenset({yellow}))) x 0: 1.0, ((frozenset({yellow}), frozenset({blue})), (frozenset({magenta}), frozenset({blue}))) x 0: 1.0, ((frozenset({green}), frozenset({magenta})), (frozenset({blue}), frozenset({yellow}))) x 0: 1.0, ((frozenset({magenta}), frozenset({green})), (frozenset({yellow}), frozenset({green}))) x 0: 1.0, ((frozenset({yellow}), frozenset({magenta})), (frozenset({magenta}), frozenset({green}))) x 0: 0.5, ((frozenset({magenta}), frozenset({blue})), (frozenset({blue}), frozenset({yellow}))) x 0: 1.0, ((frozenset({magenta}), frozenset({green})), (frozenset({green}), frozenset({blue}))) x 0: 0.5, ((frozenset({yellow}), frozenset({magenta})), (frozenset({blue}), frozenset({green}))) x 0: 1.0, ((frozenset({blue}), frozenset({magenta})), (frozenset({green}), frozenset({magenta}))) x 0: 1.0, ((frozenset({yellow}), frozenset({blue})), (frozenset({green}), frozenset({blue}))) x 0: 0.0, ((frozenset({blue}), frozenset({yellow})), (frozenset({yellow}), frozenset({green}))) x 0: 1.0, ((frozenset({yellow}), frozenset({green})), (frozenset({magenta}), frozenset({blue}))) x 0: 1.0, ((frozenset({blue}), frozenset({green})), (frozenset({green}), frozenset({yellow}))) x 0: 1.0, ((frozenset({magenta}), frozenset({yellow})), (frozenset({green}), frozenset({blue}))) x 0: 1.0, ((frozenset({green}), frozenset({magenta})), (frozenset({blue}), frozenset({magenta}))) x 0: 1.0, ((frozenset({blue}), frozenset({green})), (frozenset({yellow}), frozenset({green}))) x 0: 1.0, ((frozenset({blue}), frozenset({magenta})), (frozenset({yellow}), frozenset({magenta}))) x 0: 1.0, ((frozenset({green}), frozenset({blue})), (frozenset({blue}), frozenset({magenta}))) x 0: 0.5, ((frozenset({magenta}), frozenset({green})), (frozenset({green}), frozenset({yellow}))) x 0: 1.0, ((frozenset({yellow}), frozenset({green})), (frozenset({blue}), frozenset({green}))) x 0: 1.0, ((frozenset({green}), frozenset({yellow})), (frozenset({yellow}), frozenset({blue}))) x 0: 0.6666666666666666, ((frozenset({blue}), frozenset({green})), (frozenset({green}), frozenset({magenta}))) x 0: 1.0, ((frozenset({yellow}), frozenset({green})), (frozenset({blue}), frozenset({magenta}))) x 0: 1.0, ((frozenset({yellow}), frozenset({blue})), (frozenset({blue}), frozenset({magenta}))) x 0: 1.0, ((frozenset({yellow}), frozenset({green})), (frozenset({green}), frozenset({blue}))) x 0: 1.0}",1.6684333756566048,0.04732953464640604,4194304,379.60571428571427,174.629269258142,0.006773209352104459,1:51:30,0.7542857142857143,0.643358534630289,120.41762504184537,0.8685714285714285,0.337868468550731,0.6126315332949162,0.0041288153297500685,0.10857142857142857,0.3111007448872274
0.43332597776570153,0.0026543343252519815,"{((frozenset({green}), frozenset({magenta})), (frozenset({yellow}), frozenset({magenta}))) x 0: 1.0, ((frozenset({yellow}), frozenset({blue})), (frozenset({blue}), frozenset({green}))) x 0: 0.7142857142857143, ((frozenset({magenta}), frozenset({yellow})), (frozenset({blue}), frozenset({green}))) x 0: 1.0, ((frozenset({magenta}), frozenset({green})), (frozenset({blue}), frozenset({yellow}))) x 0: 1.0, ((frozenset({magenta}), frozenset({yellow})), (frozenset({green}), frozenset({yellow}))) x 0: 1.0, ((frozenset({green}), frozenset({yellow})), (frozenset({blue}), frozenset({magenta}))) x 0: 0.6666666666666666, ((frozenset({blue}), frozenset({yellow})), (frozenset({magenta}), frozenset({yellow}))) x 0: 1.0, ((frozenset({yellow}), frozenset({blue})), (frozenset({green}), frozenset({magenta}))) x 0: 1.0, ((frozenset({yellow}), frozenset({green})), (frozenset({magenta}), frozenset({green}))) x 0: 1.0, ((frozenset({magenta}), frozenset({blue})), (frozenset({green}), frozenset({yellow}))) x 0: 1.0, ((frozenset({yellow}), frozenset({blue})), (frozenset({green}), frozenset({blue}))) x 0: 1.0, ((frozenset({green}), frozenset({blue})), (frozenset({magenta}), frozenset({blue}))) x 0: 1.0, ((frozenset({yellow}), frozenset({magenta})), (frozenset({green}), frozenset({blue}))) x 0: 1.0, ((frozenset({yellow}), frozenset({magenta})), (frozenset({green}), frozenset({magenta}))) x 0: 1.0, ((frozenset({blue}), frozenset({yellow})), (frozenset({magenta}), frozenset({green}))) x 0: 1.0, ((frozenset({yellow}), frozenset({green})), (frozenset({green}), frozenset({magenta}))) x 0: 1.0, ((frozenset({magenta}), frozenset({blue})), (frozenset({yellow}), frozenset({blue}))) x 0: 1.0, ((frozenset({blue}), frozenset({green})), (frozenset({green}), frozenset({magenta}))) x 0: 1.0, ((frozenset({green}), frozenset({blue})), (frozenset({blue}), frozenset({yellow}))) x 0: 0.8823529411764706, ((frozenset({blue}), frozenset({magenta})), (frozenset({green}), frozenset({magenta}))) x 0: 1.0, ((frozenset({green}), frozenset({yellow})), (frozenset({yellow}), frozenset({blue}))) x 0: 0.75, ((frozenset({yellow}), frozenset({magenta})), (frozenset({magenta}), frozenset({green}))) x 0: 1.0, ((frozenset({magenta}), frozenset({green})), (frozenset({yellow}), frozenset({blue}))) x 0: 1.0, ((frozenset({green}), frozenset({magenta})), (frozenset({blue}), frozenset({yellow}))) x 0: 1.0, ((frozenset({blue}), frozenset({magenta})), (frozenset({magenta}), frozenset({yellow}))) x 0: 0.5, ((frozenset({magenta}), frozenset({blue})), (frozenset({green}), frozenset({blue}))) x 0: 1.0, ((frozenset({green}), frozenset({magenta})), (frozenset({magenta}), frozenset({blue}))) x 0: 1.0, ((frozenset({blue}), frozenset({green})), (frozenset({yellow}), frozenset({magenta}))) x 0: 1.0, ((frozenset({magenta}), frozenset({blue})), (frozenset({blue}), frozenset({yellow}))) x 0: 0.6666666666666666, ((frozenset({magenta}), frozenset({green})), (frozenset({blue}), frozenset({green}))) x 0: 1.0, ((frozenset({magenta}), frozenset({green})), (frozenset({green}), frozenset({blue}))) x 0: 1.0, ((frozenset({green}), frozenset({yellow})), (frozenset({magenta}), frozenset({blue}))) x 0: 1.0, ((frozenset({yellow}), frozenset({green})), (frozenset({blue}), frozenset({green}))) x 0: 1.0, ((frozenset({yellow}), frozenset({green})), (frozenset({green}), frozenset({blue}))) x 0: 1.0, ((frozenset({green}), frozenset({yellow})), (frozenset({magenta}), frozenset({yellow}))) x 0: 1.0, ((frozenset({blue}), frozenset({green})), (frozenset({yellow}), frozenset({green}))) x 0: 1.0, ((frozenset({blue}), frozenset({magenta})), (frozenset({yellow}), frozenset({magenta}))) x 0: 1.0, ((frozenset({blue}), frozenset({magenta})), (frozenset({yellow}), frozenset({green}))) x 0: 0.6, ((frozenset({magenta}), frozenset({green})), (frozenset({yellow}), frozenset({green}))) x 0: 1.0, ((frozenset({yellow}), frozenset({blue})), (frozenset({magenta}), frozenset({green}))) x 0: 1.0, ((frozenset({blue}), frozenset({green})), (frozenset({magenta}), frozenset({green}))) x 0: 0.6666666666666666, ((frozenset({green}), frozenset({blue})), (frozenset({blue}), frozenset({magenta}))) x 0: 1.0, ((frozenset({green}), frozenset({magenta})), (frozenset({magenta}), frozenset({yellow}))) x 0: 1.0, ((frozenset({green}), frozenset({magenta})), (frozenset({blue}), frozenset({magenta}))) x 0: 1.0, ((frozenset({blue}), frozenset({yellow})), (frozenset({green}), frozenset({yellow}))) x 0: 1.0, ((frozenset({magenta}), frozenset({green})), (frozenset({green}), frozenset({yellow}))) x 0: 1.0, ((frozenset({yellow}), frozenset({blue})), (frozenset({blue}), frozenset({magenta}))) x 0: 0.5, ((frozenset({green}), frozenset({blue})), (frozenset({yellow}), frozenset({blue}))) x 0: 1.0, ((frozenset({blue}), frozenset({yellow})), (frozenset({green}), frozenset({magenta}))) x 0: 1.0, ((frozenset({yellow}), frozenset({green})), (frozenset({magenta}), frozenset({blue}))) x 0: 1.0, ((frozenset({magenta}), frozenset({blue})), (frozenset({blue}), frozenset({green}))) x 0: 0.5, ((frozenset({yellow}), frozenset({blue})), (frozenset({magenta}), frozenset({blue}))) x 0: 1.0, ((frozenset({yellow}), frozenset({magenta})), (frozenset({blue}), frozenset({magenta}))) x 0: 1.0, ((frozenset({yellow}), frozenset({magenta})), (frozenset({magenta}), frozenset({blue}))) x 0: 1.0, ((frozenset({blue}), frozenset({green})), (frozenset({green}), frozenset({yellow}))) x 0: 1.0, ((frozenset({magenta}), frozenset({yellow})), (frozenset({green}), frozenset({blue}))) x 0: 1.0, ((frozenset({blue}), frozenset({yellow})), (frozenset({yellow}), frozenset({magenta}))) x 0: 1.0, ((frozenset({magenta}), frozenset({yellow})), (frozenset({blue}), frozenset({yellow}))) x 0: 1.0, ((frozenset({green}), frozenset({blue})), (frozenset({magenta}), frozenset({yellow}))) x 0: 1.0, ((frozenset({magenta}), frozenset({yellow})), (frozenset({yellow}), frozenset({blue}))) x 0: 1.0, ((frozenset({green}), frozenset({yellow})), (frozenset({yellow}), frozenset({magenta}))) x 0: 1.0, ((frozenset({yellow}), frozenset({green})), (frozenset({blue}), frozenset({magenta}))) x 0: 1.0, ((frozenset({green}), frozenset({blue})), (frozenset({yellow}), frozenset({magenta}))) x 0: 1.0}",1.672236643731594,0.03450533713338014,4259840,357.7087912087912,145.82202696811026,0.002815469717461383,1:44:46,0.8681318681318682,0.4851371440581124,117.73288907634941,0.9285714285714286,0.25753937681885636,0.6486187931150198,0.0034636017480806913,0.054945054945054944,0.22787298190470023
0.4302721466790907,0.003998508798307302,"{((frozenset({yellow}), frozenset({blue})), (frozenset({green}), frozenset({blue}))) x 0: 1.0, ((frozenset({yellow}), frozenset({green})), (frozenset({green}), frozenset({blue}))) x 0: 1.0, ((frozenset({yellow}), frozenset({blue})), (frozenset({blue}), frozenset({magenta}))) x 0: 1.0, ((frozenset({magenta}), frozenset({green})), (frozenset({blue}), frozenset({green}))) x 0: 1.0, ((frozenset({green}), frozenset({yellow})), (frozenset({blue}), frozenset({magenta}))) x 0: 1.0, ((-42, frozenset({green})), (frozenset({blue}), frozenset({green, magenta, , yellow}))) x 30: 0.8571428571428571, ((frozenset({yellow}), frozenset({magenta})), (frozenset({blue}), frozenset({magenta}))) x 0: 1.0, ((frozenset({blue}), frozenset({yellow})), (frozenset({magenta}), frozenset({green}))) x 0: 1.0, ((frozenset({magenta}), frozenset({yellow})), (frozenset({green}), frozenset({blue}))) x 0: 1.0, ((frozenset({magenta}), frozenset({yellow})), (frozenset({green}), frozenset({yellow}))) x 0: 1.0, ((frozenset({yellow}), frozenset({blue})), (frozenset({blue}), frozenset({green}))) x 0: 0.0, ((-42, frozenset({magenta})), (frozenset({green}), frozenset({blue, magenta, , yellow}))) x 30: 1.0, ((frozenset({blue}), frozenset({magenta, yellow})),) x 0: 1.0, ((frozenset({yellow}), frozenset({green})), (frozenset({magenta}), frozenset({green}))) x 0: 1.0, ((-42, frozenset({green})), (frozenset({magenta}), frozenset({green, blue, , yellow}))) x 30: 0.75, ((frozenset({yellow}), frozenset({magenta})), (frozenset({blue}), frozenset({green}))) x 0: 1.0, ((frozenset({blue, yellow}), frozenset({green})),) x 0: 1.0, ((frozenset({magenta}), frozenset({blue})), (frozenset({yellow}), frozenset({blue}))) x 0: 1.0, ((frozenset({green, blue}), frozenset({magenta, yellow})),) x 0: 1.0, ((frozenset({green, blue}), frozenset()),) x 0: 1.0, ((-42, frozenset({magenta})), (frozenset({yellow}), frozenset({green, blue, magenta, }))) x 30: 0.5, ((frozenset({blue, yellow}), frozenset({green, magenta})),) x 0: 1.0, ((-42, frozenset()), (frozenset({blue}), frozenset({green, magenta, , yellow}))) x 30: 1.0, ((-42, frozenset({blue})), (frozenset({green}), frozenset({blue, magenta, , yellow}))) x 30: 0.42857142857142855, ((-42, frozenset()), (frozenset({green}), frozenset({blue, magenta, , yellow}))) x 30: 0.8571428571428571, ((frozenset({blue}), frozenset({magenta})), (frozenset({green}), frozenset({yellow}))) x 0: 0.0, ((frozenset({magenta, yellow}), frozenset({green})),) x 0: 1.0, ((frozenset({yellow}), frozenset()),) x 0: 0.6666666666666666, ((frozenset({blue}), frozenset({yellow})),) x 0: 1.0, ((-42, frozenset({yellow})), (frozenset({green}), frozenset({blue, magenta, , yellow}))) x 30: 0.8333333333333334, ((frozenset({magenta}), frozenset()),) x 0: 1.0, ((frozenset({green, yellow}), frozenset({blue, magenta})),) x 0: 1.0, ((frozenset({green, blue}), frozenset({yellow})),) x 0: 1.0, ((frozenset({blue, magenta}), frozenset({green})),) x 0: 1.0, ((-42, frozenset({green})), (frozenset({yellow}), frozenset({green, blue, magenta, }))) x 30: 0.25, ((-42, frozenset({blue})), (frozenset({yellow}), frozenset({green, blue, magenta, }))) x 30: 0.25, ((frozenset({green}), frozenset({magenta, yellow})),) x 0: 1.0, ((-42, frozenset({yellow})), (frozenset({blue}), frozenset({green, magenta, , yellow}))) x 30: 1.0, ((-42, frozenset({blue})), (frozenset({magenta}), frozenset({green, blue, , yellow}))) x 30: 0.0, ((-42, frozenset({magenta})), (frozenset({blue}), frozenset({green, magenta, , yellow}))) x 30: 1.0, ((frozenset({blue, magenta}), frozenset({green, yellow})),) x 0: 1.0, ((frozenset({magenta}), frozenset({blue})),) x 0: 1.0, ((frozenset({blue}), frozenset({green, yellow})),) x 0: 1.0, ((-42, frozenset()), (frozenset({yellow}), frozenset({green, blue, magenta, }))) x 30: 0.0, ((frozenset({blue}), frozenset({magenta})),) x 0: 1.0, ((frozenset({yellow}), frozenset({blue})),) x 0: 0.0, ((-42, frozenset()), (frozenset({magenta}), frozenset({green, blue, , yellow}))) x 30: 0.2727272727272727, ((frozenset({yellow}), frozenset({blue, magenta})),) x 0: 0.6666666666666666, ((-42, frozenset({yellow})), (frozenset({magenta}), frozenset({green, blue, , yellow}))) x 30: 0.3333333333333333, ((frozenset({green, yellow}), frozenset()),) x 0: 1.0, ((frozenset({magenta, yellow}), frozenset()),) x 0: 1.0, ((frozenset({green, magenta}), frozenset({blue})),) x 0: 1.0, ((frozenset({green, magenta}), frozenset({blue, yellow})),) x 0: 1.0, ((frozenset({green, magenta}), frozenset({yellow})),) x 0: 1.0, ((frozenset({blue}), frozenset()),) x 0: 1.0, ((frozenset({blue, magenta}), frozenset()),) x 0: 1.0, ((frozenset({green}), frozenset()),) x 0: 1.0, ((frozenset({yellow}), frozenset({green, magenta})),) x 0: 1.0, ((frozenset({magenta}), frozenset({green, yellow})),) x 0: 1.0, ((frozenset({magenta}), frozenset({yellow})),) x 0: 1.0, ((frozenset({green, yellow}), frozenset({blue})),) x 0: 1.0, ((frozenset({blue, yellow}), frozenset()),) x 0: 1.0, ((frozenset({green, magenta}), frozenset()),) x 0: 1.0, ((frozenset({yellow}), frozenset({green, blue})),) x 0: 1.0, ((frozenset({magenta}), frozenset({blue, yellow})),) x 0: 1.0}",1.6776963658630848,0.05663922237997496,4325376,328.8144329896907,294.8036155654332,0.014237524388590828,1:39:40,0.6391752577319587,0.6839178676545148,112.80209337657185,0.7577319587628866,0.42845564231580113,0.5428123623132706,0.00782998200156726,0.10824742268041238,0.31069264259628115
0.41214167940155627,0.003875713106476701,"{((frozenset({green, magenta}), frozenset({yellow})),) x 0: 1.0, ((frozenset({magenta, yellow}), frozenset({green, blue})),) x 0: 1.0, ((-42, frozenset()), (frozenset({yellow}), frozenset({green, blue, magenta, }))) x 30: 0.18181818181818182, ((-42, frozenset({magenta})), (frozenset({blue}), frozenset({green, magenta, , yellow}))) x 30: 1.0, ((-42, frozenset({green})), (frozenset({yellow}), frozenset({green, blue, magenta, }))) x 30: 0.16666666666666666, ((-42, frozenset()), (frozenset({magenta}), frozenset({green, blue, , yellow}))) x 30: 0.2777777777777778, ((-42, frozenset()), (frozenset({blue}), frozenset({green, magenta, , yellow}))) x 30: 1.0, ((frozenset({green, magenta}), frozenset({blue})),) x 0: 1.0, ((-42, frozenset({magenta})), (frozenset({yellow}), frozenset({green, blue, magenta, }))) x 30: 0.4, ((frozenset({blue}), frozenset({magenta, yellow})),) x 0: 0.5, ((frozenset({magenta, yellow}), frozenset()),) x 0: 1.0, ((-42, frozenset({blue})), (frozenset({magenta}), frozenset({green, blue, , yellow}))) x 30: 0.2857142857142857, ((-42, frozenset({blue})), (frozenset({green}), frozenset({blue, magenta, , yellow}))) x 30: 0.5714285714285714, ((frozenset({green}), frozenset({blue, magenta})),) x 0: 1.0, ((frozenset({yellow}), frozenset({blue})),) x 0: 1.0, ((-42, frozenset({yellow})), (frozenset({magenta}), frozenset({green, blue, , yellow}))) x 30: 0.0, ((frozenset({green, yellow}), frozenset()),) x 0: 1.0, ((frozenset({green, blue}), frozenset({magenta, yellow})),) x 0: 0.6, ((-42, frozenset()), (frozenset({green}), frozenset({blue, magenta, , yellow}))) x 30: 0.8571428571428571, ((frozenset({green, blue}), frozenset({yellow})),) x 0: 1.0, ((-42, frozenset({green})), (frozenset({magenta}), frozenset({green, blue, , yellow}))) x 30: 1.0, ((frozenset({blue}), frozenset()),) x 0: 1.0, ((-42, frozenset({yellow})), (frozenset({green}), frozenset({blue, magenta, , yellow}))) x 30: 1.0, ((-42, frozenset({blue})), (frozenset({yellow}), frozenset({green, blue, magenta, }))) x 30: 1.0, ((frozenset({green}), frozenset({yellow})),) x 0: 1.0, ((frozenset({green}), frozenset({magenta})),) x 0: 0.6666666666666666, ((-42, frozenset({green})), (frozenset({blue}), frozenset({green, magenta, , yellow}))) x 30: 1.0, ((frozenset({magenta}), frozenset({green, yellow})),) x 0: 1.0, ((frozenset({blue}), frozenset({magenta})),) x 0: 1.0, ((frozenset({magenta, yellow}), frozenset({blue})),) x 0: 1.0, ((frozenset({green, yellow}), frozenset({magenta})),) x 0: 1.0, ((frozenset({yellow}), frozenset()),) x 0: 1.0, ((-42, frozenset({magenta})), (frozenset({green}), frozenset({blue, magenta, , yellow}))) x 30: 1.0, ((frozenset({blue, magenta}), frozenset({green})),) x 0: 1.0, ((frozenset({green}), frozenset()),) x 0: 1.0, ((frozenset({green, yellow}), frozenset({blue})),) x 0: 1.0, ((frozenset({green, magenta}), frozenset()),) x 0: 1.0, ((frozenset({green, yellow}), frozenset({blue, magenta})),) x 0: 1.0, ((frozenset({green}), frozenset({magenta, yellow})),) x 0: 1.0, ((frozenset({magenta}), frozenset()),) x 0: 1.0, ((frozenset({magenta}), frozenset({blue})),) x 0: 1.0, ((frozenset({magenta}), frozenset({yellow})),) x 0: 1.0, ((frozenset({blue, magenta}), frozenset({green, yellow})),) x 0: 1.0, ((frozenset({blue}), frozenset({green, magenta})),) x 0: 1.0, ((frozenset({green, magenta}), frozenset({blue, yellow})),) x 0: 1.0, ((-42, frozenset({yellow})), (frozenset({blue}), frozenset({green, magenta, , yellow}))) x 30: 0.5, ((frozenset({yellow}), frozenset({magenta})),) x 0: 1.0, ((frozenset({blue, yellow}), frozenset()),) x 0: 1.0, ((frozenset({magenta, yellow}), frozenset({green})),) x 0: 1.0, ((frozenset({blue}), frozenset({yellow})),) x 0: 1.0, ((frozenset({blue, yellow}), frozenset({green, magenta})),) x 0: 1.0, ((frozenset({green, blue}), frozenset({magenta})),) x 0: 1.0}",1.6817613132297993,0.04861089790505098,4390912,403.9512195121951,356.4290338300871,0.015662811318179592,1:31:43,0.6158536585365854,0.6382081456082815,110.67143153377661,0.7012195121951219,0.457723396727715,0.5116796437650919,0.005173074721824378,0.07926829268292683,0.2701570477667771
0.4051299556150462,0.00387127048938454,"{((frozenset({green}), frozenset()),) x 0: 1.0, ((-42, frozenset({blue})), (frozenset({magenta}), frozenset({green, blue, , yellow}))) x 30: 0.42857142857142855, ((-42, frozenset({magenta})), (frozenset({green}), frozenset({blue, magenta, , yellow}))) x 30: 0.5, ((frozenset({blue, yellow}), frozenset({green, magenta})),) x 0: 1.0, ((frozenset({green, magenta}), frozenset({blue, yellow})),) x 0: 1.0, ((-42, frozenset()), (frozenset({yellow}), frozenset({green, blue, magenta, }))) x 30: 0.1111111111111111, ((frozenset({magenta, yellow}), frozenset({green, blue})),) x 0: 1.0, ((frozenset({blue}), frozenset({green, yellow})),) x 0: 1.0, ((-42, frozenset()), (frozenset({green}), frozenset({blue, magenta, , yellow}))) x 30: 0.6666666666666666, ((-42, frozenset()), (frozenset({magenta}), frozenset({green, blue, , yellow}))) x 30: 0.0, ((frozenset({blue}), frozenset({green})),) x 0: 1.0, ((frozenset({yellow}), frozenset({blue})),) x 0: 0.6666666666666666, ((frozenset({yellow}), frozenset({green, magenta})),) x 0: 1.0, ((frozenset({green}), frozenset({yellow})),) x 0: 1.0, ((-42, frozenset({green})), (frozenset({magenta}), frozenset({green, blue, , yellow}))) x 30: 0.6666666666666666, ((-42, frozenset({green})), (frozenset({yellow}), frozenset({green, blue, magenta, }))) x 30: 0.3333333333333333, ((frozenset({yellow}), frozenset({blue, magenta})),) x 0: 1.0, ((frozenset({green, blue}), frozenset({magenta, yellow})),) x 0: 1.0, ((frozenset({blue}), frozenset({magenta, yellow})),) x 0: 1.0, ((-42, frozenset({yellow})), (frozenset({blue}), frozenset({green, magenta, , yellow}))) x 30: 0.5, ((frozenset({magenta}), frozenset({blue})),) x 0: 1.0, ((frozenset({blue}), frozenset({yellow})),) x 0: 1.0, ((-42, frozenset()), (frozenset({blue}), frozenset({green, magenta, , yellow}))) x 30: 1.0, ((frozenset({magenta}), frozenset({green})),) x 0: 1.0, ((-42, frozenset({magenta})), (frozenset({blue}), frozenset({green, magenta, , yellow}))) x 30: 1.0, ((frozenset({green}), frozenset({blue, magenta})),) x 0: 0.6666666666666666, ((-42, frozenset({yellow})), (frozenset({magenta}), frozenset({green, blue, , yellow}))) x 30: 0.2, ((-42, frozenset({blue})), (frozenset({green}), frozenset({blue, magenta, , yellow}))) x 30: 0.0, ((frozenset({blue}), frozenset()),) x 0: 1.0, ((-42, frozenset({magenta})), (frozenset({yellow}), frozenset({green, blue, magenta, }))) x 30: 0.75, ((-42, frozenset({yellow})), (frozenset({green}), frozenset({blue, magenta, , yellow}))) x 30: 0.8571428571428571, ((frozenset({green}), frozenset({magenta, yellow})),) x 0: 1.0, ((frozenset({green, magenta}), frozenset()),) x 0: 1.0, ((frozenset({magenta}), frozenset({blue, yellow})),) x 0: 0.0, ((frozenset({green, yellow}), frozenset({blue, magenta})),) x 0: 1.0, ((frozenset({green, yellow}), frozenset({magenta})),) x 0: 1.0, ((frozenset({blue, magenta}), frozenset()),) x 0: 1.0, ((frozenset({green, yellow}), frozenset({blue})),) x 0: 1.0, ((frozenset({yellow}), frozenset()),) x 0: 1.0, ((frozenset({yellow}), frozenset({magenta})),) x 0: 1.0, ((frozenset({blue}), frozenset({green, magenta})),) x 0: 1.0, ((frozenset({green, magenta}), frozenset({blue})),) x 0: 1.0, ((frozenset({blue}), frozenset({magenta})),) x 0: 1.0, ((frozenset({green}), frozenset({blue})),) x 0: 1.0, ((frozenset({blue, yellow}), frozenset()),) x 0: 1.0, ((-42, frozenset({green})), (frozenset({blue}), frozenset({green, magenta, , yellow}))) x 30: 1.0, ((frozenset({green, blue}), frozenset()),) x 0: 1.0, ((frozenset({green}), frozenset({magenta})),) x 0: 1.0, ((frozenset({magenta, yellow}), frozenset()),) x 0: 1.0, ((-42, frozenset({blue})), (frozenset({yellow}), frozenset({green, blue, magenta, }))) x 30: 0.5, ((frozenset({green, magenta}), frozenset({yellow})),) x 0: 1.0}",1.6853506304323673,0.04659113948568121,4456448,383.02941176470586,343.510003732584,0.01436844328418374,1:20:05,0.6,0.66332495807108,113.11232775110774,0.7,0.45825756949558405,0.5007370980456471,0.005144789902260527,0.08823529411764706,0.28363678708802803
0.4656521586922639,0.004361306354366242,"{((-42, frozenset({green})), (frozenset({blue}), frozenset({green, magenta, , yellow}))) x 30: 0.8888888888888888, ((-42, frozenset({blue})), (frozenset({green}), frozenset({blue, magenta, , yellow}))) x 30: 0.5, ((-42, frozenset({yellow})), (frozenset({green}), frozenset({blue, magenta, , yellow}))) x 30: 0.6, ((-42, frozenset()), (frozenset({magenta}), frozenset({green, blue, , yellow}))) x 30: 0.2, ((frozenset({magenta}), frozenset({green, yellow})),) x 0: 1.0, ((frozenset({green, blue}), frozenset({magenta})),) x 0: 1.0, ((frozenset({green, yellow}), frozenset({blue, magenta})),) x 0: 1.0, ((frozenset({green}), frozenset({blue, yellow})),) x 0: 1.0, ((-42, frozenset({green})), (frozenset({yellow}), frozenset({green, blue, magenta, }))) x 30: 0.5, ((frozenset({green, blue}), frozenset()),) x 0: 1.0, ((-42, frozenset()), (frozenset({yellow}), frozenset({green, blue, magenta, }))) x 30: 0.2, ((frozenset({blue, yellow}), frozenset()),) x 0: 1.0, ((frozenset({magenta, yellow}), frozenset()),) x 0: 1.0, ((frozenset({blue, magenta}), frozenset({yellow})),) x 0: 0.6666666666666666, ((-42, frozenset()), (frozenset({blue}), frozenset({green, magenta, , yellow}))) x 30: 1.0, ((-42, frozenset({magenta})), (frozenset({yellow}), frozenset({green, blue, magenta, }))) x 30: 0.6666666666666666, ((-42, frozenset({blue})), (frozenset({magenta}), frozenset({green, blue, , yellow}))) x 30: 0.5, ((-42, frozenset()), (frozenset({green}), frozenset({blue, magenta, , yellow}))) x 30: 0.8235294117647058, ((-42, frozenset({magenta})), (frozenset({blue}), frozenset({green, magenta, , yellow}))) x 30: 1.0, ((frozenset({yellow}), frozenset({magenta})),) x 0: 1.0, ((frozenset({green}), frozenset()),) x 0: 1.0, ((frozenset({yellow}), frozenset({blue, magenta})),) x 0: 1.0, ((frozenset({blue, magenta}), frozenset()),) x 0: 1.0, ((-42, frozenset({green})), (frozenset({magenta}), frozenset({green, blue, , yellow}))) x 30: 0.8, ((frozenset({green, magenta}), frozenset({blue, yellow})),) x 0: 1.0, ((frozenset({magenta}), frozenset({blue})),) x 0: 1.0, ((frozenset({yellow}), frozenset()),) x 0: 1.0, ((frozenset({blue, yellow}), frozenset({green})),) x 0: 1.0, ((frozenset({green, magenta}), frozenset()),) x 0: 1.0, ((frozenset({blue}), frozenset({green, yellow})),) x 0: 1.0, ((frozenset({green, blue}), frozenset({magenta, yellow})),) x 0: 0.75, ((-42, frozenset({yellow})), (frozenset({magenta}), frozenset({green, blue, , yellow}))) x 30: 0.0, ((frozenset({blue}), frozenset()),) x 0: 1.0, ((frozenset({blue, yellow}), frozenset({magenta})),) x 0: 1.0, ((frozenset({magenta}), frozenset()),) x 0: 1.0, ((frozenset({magenta}), frozenset({yellow})),) x 0: 1.0, ((-42, frozenset({blue})), (frozenset({yellow}), frozenset({green, blue, magenta, }))) x 30: 0.8, ((frozenset({yellow}), frozenset({green, blue})),) x 0: 1.0, ((-42, frozenset({magenta})), (frozenset({green}), frozenset({blue, magenta, , yellow}))) x 30: 0.6666666666666666, ((frozenset({blue}), frozenset({yellow})),) x 0: 1.0, ((frozenset({green, magenta}), frozenset({yellow})),) x 0: 1.0, ((frozenset({yellow}), frozenset({green})),) x 0: 1.0, ((frozenset({blue}), frozenset({magenta, yellow})),) x 0: 1.0, ((frozenset({green, yellow}), frozenset({magenta})),) x 0: 1.0, ((-42, frozenset({yellow})), (frozenset({blue}), frozenset({green, magenta, , yellow}))) x 30: 1.0, ((frozenset({magenta}), frozenset({blue, yellow})),) x 0: 1.0, ((frozenset({magenta}), frozenset({green})),) x 0: 1.0, ((frozenset({green, magenta}), frozenset({blue})),) x 0: 0.5, ((frozenset({yellow}), frozenset({green, magenta})),) x 0: 1.0, ((frozenset({magenta, yellow}), frozenset({blue})),) x 0: 1.0, ((frozenset({yellow}), frozenset({blue})),) x 0: 1.0, ((frozenset({blue, magenta}), frozenset({green, yellow})),) x 0: 0.0, ((frozenset({green}), frozenset({magenta, yellow})),) x 0: 1.0}",1.6842521019279957,0.04840049614381607,4521984,335.7474226804124,312.4412738527986,0.009755197213962674,1:10:39,0.6958762886597938,0.6052038126107577,112.75142196005689,0.7731958762886598,0.41876486621834846,0.51472626067698,0.0045754914317512885,0.07216494845360824,0.2587608329486832
0.44983725884865133,0.004172072512310908,"{((-42, frozenset({blue})), (frozenset({green}), frozenset({blue, magenta, , yellow}))) x 30: 0.6, ((-42, frozenset({yellow})), (frozenset({magenta}), frozenset({green, blue, , yellow}))) x 30: 0.5, ((frozenset({blue, yellow}), frozenset({green, magenta})),) x 0: 1.0, ((frozenset({blue, magenta}), frozenset()),) x 0: 1.0, ((-42, frozenset({green})), (frozenset({blue}), frozenset({green, magenta, , yellow}))) x 30: 1.0, ((frozenset({yellow}), frozenset()),) x 0: 1.0, ((frozenset({green, magenta}), frozenset({yellow})),) x 0: 1.0, ((frozenset({green}), frozenset()),) x 0: 1.0, ((frozenset({yellow}), frozenset({blue, magenta})),) x 0: 1.0, ((frozenset({yellow}), frozenset({green, magenta})),) x 0: 0.6666666666666666, ((frozenset({magenta}), frozenset({green})),) x 0: 1.0, ((-42, frozenset()), (frozenset({yellow}), frozenset({green, blue, magenta, }))) x 30: 0.1, ((frozenset({blue}), frozenset({green, magenta})),) x 0: 1.0, ((frozenset({magenta, yellow}), frozenset({green, blue})),) x 0: 1.0, ((-42, frozenset()), (frozenset({blue}), frozenset({green, magenta, , yellow}))) x 30: 1.0, ((-42, frozenset({blue})), (frozenset({yellow}), frozenset({green, blue, magenta, }))) x 30: 1.0, ((-42, frozenset()), (frozenset({green}), frozenset({blue, magenta, , yellow}))) x 30: 0.75, ((frozenset({blue, magenta}), frozenset({yellow})),) x 0: 1.0, ((-42, frozenset({magenta})), (frozenset({blue}), frozenset({green, magenta, , yellow}))) x 30: 1.0, ((-42, frozenset()), (frozenset({magenta}), frozenset({green, blue, , yellow}))) x 30: 0.25, ((-42, frozenset({green})), (frozenset({magenta}), frozenset({green, blue, , yellow}))) x 30: 1.0, ((frozenset({yellow}), frozenset({green, blue})),) x 0: 1.0, ((frozenset({green, yellow}), frozenset()),) x 0: 1.0, ((-42, frozenset({yellow})), (frozenset({green}), frozenset({blue, magenta, , yellow}))) x 30: 0.4, ((frozenset({yellow}), frozenset({blue})),) x 0: 1.0, ((-42, frozenset({blue})), (frozenset({magenta}), frozenset({green, blue, , yellow}))) x 30: 0.7777777777777778, ((-42, frozenset({magenta})), (frozenset({green}), frozenset({blue, magenta, , yellow}))) x 30: 0.8, ((frozenset({yellow}), frozenset({green})),) x 0: 1.0, ((frozenset({blue, magenta}), frozenset({green})),) x 0: 1.0, ((-42, frozenset({yellow})), (frozenset({blue}), frozenset({green, magenta, , yellow}))) x 30: 1.0, ((frozenset({blue, yellow}), frozenset({magenta})),) x 0: 1.0, ((-42, frozenset({magenta})), (frozenset({yellow}), frozenset({green, blue, magenta, }))) x 30: 0.6666666666666666, ((frozenset({blue}), frozenset()),) x 0: 1.0, ((frozenset({magenta}), frozenset()),) x 0: 1.0, ((-42, frozenset({green})), (frozenset({yellow}), frozenset({green, blue, magenta, }))) x 30: 0.5, ((frozenset({green, yellow}), frozenset({blue, magenta})),) x 0: 1.0, ((frozenset({magenta}), frozenset({yellow})),) x 0: 1.0, ((frozenset({green, magenta}), frozenset({blue, yellow})),) x 0: 1.0, ((frozenset({magenta}), frozenset({green, blue})),) x 0: 1.0, ((frozenset({green, blue}), frozenset()),) x 0: 1.0, ((frozenset({green, blue}), frozenset({yellow})),) x 0: 0.6666666666666666, ((frozenset({green}), frozenset({blue, yellow})),) x 0: 1.0, ((frozenset({green, magenta}), frozenset()),) x 0: 1.0, ((frozenset({blue}), frozenset({green})),) x 0: 1.0, ((frozenset({magenta, yellow}), frozenset({green})),) x 0: 1.0, ((frozenset({green}), frozenset({magenta, yellow})),) x 0: 1.0, ((frozenset({yellow}), frozenset({magenta})),) x 0: 1.0, ((frozenset({blue, yellow}), frozenset()),) x 0: 1.0}",1.6842203550040722,0.0461607261080037,4587520,359.54285714285714,318.49330496279265,0.00929914323205594,1:00:15,0.68,0.6144916598294888,114.09928007704124,0.76,0.4270831300812525,0.48884950391948223,0.004983767437806819,0.08,0.27129319932501067
0.47183599621286837,0.004307156749507677,"{((-42, frozenset()), (frozenset({magenta}), frozenset({green, blue, , yellow}))) x 30: 0.16666666666666666, ((-42, frozenset()), (frozenset({green}), frozenset({blue, magenta, , yellow}))) x 30: 0.875, ((-42, frozenset({green})), (frozenset({yellow}), frozenset({green, blue, magenta, }))) x 30: 0.75, ((-42, frozenset()), (frozenset({blue}), frozenset({green, magenta, , yellow}))) x 30: 1.0, ((frozenset({green, yellow}), frozenset({magenta})),) x 0: 1.0, ((frozenset({green, magenta}), frozenset({blue, yellow})),) x 0: 0.8, ((-42, frozenset()), (frozenset({yellow}), frozenset({green, blue, magenta, }))) x 30: 0.1, ((-42, frozenset({blue})), (frozenset({yellow}), frozenset({green, blue, magenta, }))) x 30: 0.8, ((-42, frozenset({magenta})), (frozenset({green}), frozenset({blue, magenta, , yellow}))) x 30: 1.0, ((frozenset({blue}), frozenset({green, yellow})),) x 0: 0.5, ((frozenset({yellow}), frozenset({green, magenta})),) x 0: 1.0, ((-42, frozenset({magenta})), (frozenset({yellow}), frozenset({green, blue, magenta, }))) x 30: 0.8, ((frozenset({blue, magenta}), frozenset({green})),) x 0: 1.0, ((frozenset({green}), frozenset()),) x 0: 1.0, ((-42, frozenset({yellow})), (frozenset({magenta}), frozenset({green, blue, , yellow}))) x 30: 0.25, ((-42, frozenset({yellow})), (frozenset({green}), frozenset({blue, magenta, , yellow}))) x 30: 1.0, ((frozenset({magenta}), frozenset({blue})),) x 0: 1.0, ((frozenset({magenta}), frozenset({green})),) x 0: 1.0, ((frozenset({green, blue}), frozenset()),) x 0: 1.0, ((frozenset({green, magenta}), frozenset({yellow})),) x 0: 1.0, ((frozenset({green}), frozenset({blue, yellow})),) x 0: 1.0, ((-42, frozenset({magenta})), (frozenset({blue}), frozenset({green, magenta, , yellow}))) x 30: 1.0, ((frozenset({magenta, yellow}), frozenset({green, blue})),) x 0: 1.0, ((frozenset({green}), frozenset({blue, magenta})),) x 0: 1.0, ((-42, frozenset({blue})), (frozenset({green}), frozenset({blue, magenta, , yellow}))) x 30: 0.5, ((frozenset({green}), frozenset({magenta, yellow})),) x 0: 0.5, ((-42, frozenset({yellow})), (frozenset({blue}), frozenset({green, magenta, , yellow}))) x 30: 0.75, ((-42, frozenset({green})), (frozenset({blue}), frozenset({green, magenta, , yellow}))) x 30: 1.0, ((frozenset({magenta}), frozenset({green, yellow})),) x 0: 1.0, ((-42, frozenset({green})), (frozenset({magenta}), frozenset({green, blue, , yellow}))) x 30: 0.0, ((frozenset({blue, yellow}), frozenset({green, magenta})),) x 0: 1.0, ((frozenset({magenta, yellow}), frozenset()),) x 0: 1.0, ((frozenset({green, blue}), frozenset({magenta})),) x 0: 1.0, ((frozenset({yellow}), frozenset({blue})),) x 0: 1.0, ((frozenset({blue}), frozenset({magenta})),) x 0: 1.0, ((frozenset({blue}), frozenset({yellow})),) x 0: 1.0, ((frozenset({blue, yellow}), frozenset({magenta})),) x 0: 1.0, ((frozenset({yellow}), frozenset({magenta})),) x 0: 1.0, ((frozenset({blue, yellow}), frozenset()),) x 0: 1.0, ((frozenset({magenta}), frozenset({yellow})),) x 0: 1.0, ((frozenset({green, blue}), frozenset({magenta, yellow})),) x 0: 1.0, ((frozenset({blue, magenta}), frozenset()),) x 0: 1.0, ((frozenset({magenta, yellow}), frozenset({blue})),) x 0: 1.0, ((frozenset({green, yellow}), frozenset()),) x 0: 1.0, ((frozenset({magenta}), frozenset({blue, yellow})),) x 0: 0.5, ((frozenset({green}), frozenset({magenta})),) x 0: 1.0, ((frozenset({green, magenta}), frozenset({blue})),) x 0: 1.0, ((frozenset({magenta}), frozenset()),) x 0: 1.0, ((frozenset({magenta}), frozenset({green, blue})),) x 0: 1.0, ((frozenset({magenta, yellow}), frozenset({green})),) x 0: 1.0, ((frozenset({yellow}), frozenset({blue, magenta})),) x 0: 1.0, ((frozenset({green}), frozenset({yellow})),) x 0: 1.0, ((frozenset({blue, magenta}), frozenset({green, yellow})),) x 0: 1.0, ((frozenset({blue}), frozenset({magenta, yellow})),) x 0: 1.0, ((frozenset({blue, magenta}), frozenset({yellow})),) x 0: 1.0}",1.6866076961159706,0.03932025675922556,4653056,380.51381215469615,339.6538473167494,0.00791046921222005,0:51:06,0.7292817679558011,0.5241926527350461,113.138155181849,0.7679558011049724,0.4221370496108965,0.49120791628956795,0.00293235599383479,0.03867403314917127,0.19281688802889663
0.4906449770421595,0.004438932211939765,"{((frozenset({green, yellow}), frozenset({magenta})),) x 0: 1.0, ((frozenset({blue}), frozenset({green, yellow})),) x 0: 0.6666666666666666, ((frozenset({magenta, yellow}), frozenset()),) x 0: 1.0, ((frozenset({magenta, yellow}), frozenset({green})),) x 0: 1.0, ((-42, frozenset({blue})), (frozenset({yellow}), frozenset({green, blue, magenta, }))) x 30: 1.0, ((frozenset({blue, magenta}), frozenset({yellow})),) x 0: 1.0, ((frozenset({blue}), frozenset({yellow})),) x 0: 1.0, ((-42, frozenset({blue})), (frozenset({magenta}), frozenset({green, blue, , yellow}))) x 30: 0.8, ((frozenset({yellow}), frozenset({blue})),) x 0: 1.0, ((-42, frozenset()), (frozenset({yellow}), frozenset({green, blue, magenta, }))) x 30: 0.05555555555555555, ((-42, frozenset()), (frozenset({magenta}), frozenset({green, blue, , yellow}))) x 30: 0.2727272727272727, ((frozenset({yellow}), frozenset({green, magenta})),) x 0: 0.5, ((frozenset({green, blue}), frozenset()),) x 0: 1.0, ((frozenset({blue, magenta}), frozenset({green, yellow})),) x 0: 1.0, ((-42, frozenset({green})), (frozenset({magenta}), frozenset({green, blue, , yellow}))) x 30: 1.0, ((frozenset({blue, yellow}), frozenset({green})),) x 0: 1.0, ((-42, frozenset()), (frozenset({green}), frozenset({blue, magenta, , yellow}))) x 30: 0.9090909090909091, ((-42, frozenset({blue})), (frozenset({green}), frozenset({blue, magenta, , yellow}))) x 30: 1.0, ((-42, frozenset({green})), (frozenset({yellow}), frozenset({green, blue, magenta, }))) x 30: 0.8333333333333334, ((frozenset({blue, magenta}), frozenset({green})),) x 0: 1.0, ((frozenset({magenta}), frozenset({green})),) x 0: 1.0, ((-42, frozenset({magenta})), (frozenset({yellow}), frozenset({green, blue, magenta, }))) x 30: 0.8, ((frozenset({green, yellow}), frozenset({blue, magenta})),) x 0: 0.75, ((-42, frozenset({yellow})), (frozenset({blue}), frozenset({green, magenta, , yellow}))) x 30: 1.0, ((frozenset({green, blue}), frozenset({yellow})),) x 0: 1.0, ((-42, frozenset({magenta})), (frozenset({green}), frozenset({blue, magenta, , yellow}))) x 30: 1.0, ((frozenset({yellow}), frozenset()),) x 0: 1.0, ((frozenset({green, magenta}), frozenset({blue, yellow})),) x 0: 1.0, ((frozenset({magenta, yellow}), frozenset({blue})),) x 0: 0.5, ((-42, frozenset({magenta})), (frozenset({blue}), frozenset({green, magenta, , yellow}))) x 30: 0.8571428571428571, ((-42, frozenset({yellow})), (frozenset({green}), frozenset({blue, magenta, , yellow}))) x 30: 1.0, ((frozenset({green, blue}), frozenset({magenta})),) x 0: 1.0, ((frozenset({green, magenta}), frozenset()),) x 0: 0.75, ((frozenset({green, yellow}), frozenset()),) x 0: 1.0, ((frozenset({blue}), frozenset()),) x 0: 1.0, ((-42, frozenset()), (frozenset({blue}), frozenset({green, magenta, , yellow}))) x 30: 0.875, ((frozenset({green}), frozenset({magenta, yellow})),) x 0: 1.0, ((frozenset({yellow}), frozenset({blue, magenta})),) x 0: 1.0, ((frozenset({yellow}), frozenset({green})),) x 0: 1.0, ((-42, frozenset({green})), (frozenset({blue}), frozenset({green, magenta, , yellow}))) x 30: 1.0, ((frozenset({magenta, yellow}), frozenset({green, blue})),) x 0: 1.0, ((frozenset({magenta}), frozenset()),) x 0: 1.0, ((frozenset({blue, yellow}), frozenset()),) x 0: 1.0, ((frozenset({green}), frozenset({blue, magenta})),) x 0: 1.0, ((-42, frozenset({yellow})), (frozenset({magenta}), frozenset({green, blue, , yellow}))) x 30: 0.5, ((frozenset({green}), frozenset()),) x 0: 1.0, ((frozenset({blue, yellow}), frozenset({green, magenta})),) x 0: 1.0, ((frozenset({blue, yellow}), frozenset({magenta})),) x 0: 1.0, ((frozenset({green, yellow}), frozenset({blue})),) x 0: 1.0, ((frozenset({magenta}), frozenset({blue, yellow})),) x 0: 1.0, ((frozenset({green}), frozenset({yellow})),) x 0: 1.0, ((frozenset({green, magenta}), frozenset({yellow})),) x 0: 1.0, ((frozenset({green}), frozenset({blue, yellow})),) x 0: 0.5, ((frozenset({magenta}), frozenset({green, blue})),) x 0: 1.0, ((frozenset({blue}), frozenset({green, magenta})),) x 0: 1.0, ((frozenset({magenta}), frozenset({green, yellow})),) x 0: 1.0, ((frozenset({blue, magenta}), frozenset()),) x 0: 1.0, ((frozenset({green}), frozenset({magenta})),) x 0: 1.0}",1.6836404539644718,0.041954302951899836,4718592,326.94,291.1602589640283,0.005950462946202606,0:41:18,0.74,0.576541412215983,113.54021905977591,0.81,0.39230090491866065,0.4896977860480547,0.004720275770523585,0.06,0.23748684174075835
0.31877003437199386,0.0025394785996359593,"{((-42, frozenset({yellow})), (frozenset({magenta}), frozenset({green, blue, , yellow}))) x 30: 0.3333333333333333, ((frozenset({blue, yellow}), frozenset()),) x 0: 1.0, ((-42, frozenset()), (frozenset({green}), frozenset({blue, magenta, , yellow}))) x 30: 0.42857142857142855, ((-42, frozenset({blue})), (frozenset({green}), frozenset({blue, magenta, , yellow}))) x 30: 0.3333333333333333, ((-42, frozenset({magenta})), (frozenset({yellow}), frozenset({green, blue, magenta, }))) x 30: 0.3333333333333333, ((frozenset({green, magenta}), frozenset()),) x 0: 1.0, ((frozenset({green}), frozenset({blue})),) x 0: 1.0, ((-42, frozenset({green})), (frozenset({blue}), frozenset({green, magenta, , yellow}))) x 30: 1.0, ((frozenset({yellow}), frozenset({green, blue})), (frozenset({green}), frozenset({blue, magenta}))) x 0: 0.0, ((frozenset({yellow}), frozenset({blue})),) x 0: 1.0, ((frozenset({magenta}), frozenset({blue, yellow})), (frozenset({blue, magenta}), frozenset({yellow}))) x 0: 1.0, ((frozenset({blue, magenta}), frozenset({green, yellow})), (frozenset({blue}), frozenset({green, yellow}))) x 0: 0.0, ((-42, frozenset()), (frozenset({yellow}), frozenset({green, blue, magenta, }))) x 30: 0.14285714285714285, ((frozenset({magenta}), frozenset({green})), (frozenset({blue, yellow}), frozenset({green}))) x 0: 1.0, ((frozenset({magenta}), frozenset({yellow})), (frozenset({green, blue}), frozenset({yellow}))) x 0: 1.0, ((frozenset({green, magenta}), frozenset({blue, yellow})), (frozenset({blue}), frozenset({yellow}))) x 0: 0.5, ((-42, frozenset()), (frozenset({magenta}), frozenset({green, blue, , yellow}))) x 30: 0.16666666666666666, ((frozenset({blue}), frozenset({green, magenta})), (frozenset({magenta, yellow}), frozenset({green}))) x 0: 0.0, ((frozenset({blue}), frozenset({green})), (frozenset({blue, yellow}), frozenset({green}))) x 0: 1.0, ((frozenset({magenta}), frozenset({blue})), (frozenset({magenta, yellow}), frozenset({green}))) x 0: 1.0, ((frozenset({magenta, yellow}), frozenset({green, blue})), (frozenset({blue}), frozenset({green}))) x 0: 1.0, ((frozenset({yellow}), frozenset({blue})), (frozenset({green, blue}), frozenset({magenta}))) x 0: 1.0, ((-42, frozenset({magenta})), (frozenset({green}), frozenset({blue, magenta, , yellow}))) x 60: 1.0, ((frozenset({blue, yellow}), frozenset({green})), (frozenset({green}), frozenset({magenta}))) x 0: 1.0, ((frozenset({green, yellow}), frozenset({blue})), (frozenset({green, magenta}), frozenset({blue}))) x 0: 1.0, ((frozenset({magenta}), frozenset({yellow})), (frozenset({magenta}), frozenset({blue, yellow}))) x 0: 1.0, ((frozenset({blue}), frozenset({green, yellow})), (frozenset({yellow}), frozenset({magenta}))) x 0: 0.0, ((-42, frozenset()), (frozenset({blue}), frozenset({green, magenta, , yellow}))) x 60: 0.0, ((-42, frozenset({magenta})), (frozenset({blue}), frozenset({green, magenta, , yellow}))) x 60: 0.5, ((frozenset({yellow}), frozenset({blue, magenta})), (frozenset({blue, yellow}), frozenset({green}))) x 0: 0.0, ((frozenset({green, magenta}), frozenset({yellow})), (frozenset({green}), frozenset({blue, yellow}))) x 0: 1.0, ((frozenset({green}), frozenset({blue, magenta})), (frozenset({blue}), frozenset({magenta}))) x 0: 1.0, ((frozenset({blue}), frozenset({magenta})), (frozenset({yellow}), frozenset({magenta}))) x 0: 1.0, ((frozenset({yellow}), frozenset({blue})), (frozenset({blue}), frozenset({green, magenta}))) x 0: 1.0, ((frozenset({green}), frozenset({magenta})), (frozenset({green}), frozenset({blue}))) x 0: 1.0, ((frozenset({yellow}), frozenset({blue, magenta})), (frozenset({blue}), frozenset({magenta}))) x 0: 1.0, ((frozenset({yellow}), frozenset({magenta})), (frozenset({magenta, yellow}), frozenset({blue}))) x 0: 1.0, ((frozenset({blue, magenta}), frozenset({green})), (frozenset({blue, yellow}), frozenset({green}))) x 0: 1.0, ((frozenset({blue, yellow}), frozenset({magenta})), (frozenset({blue, yellow}), frozenset({green, magenta}))) x 0: 1.0, ((frozenset({blue, yellow}), frozenset({green, magenta})), (frozenset({yellow}), frozenset({green}))) x 0: 1.0, ((frozenset({blue}), frozenset({green, yellow})), (frozenset({magenta, yellow}), frozenset({green}))) x 0: 1.0, ((frozenset({green, magenta}), frozenset({blue, yellow})), (frozenset({blue, yellow}), frozenset())) x 0: 0.0, ((-42, frozenset({blue})), (frozenset({yellow}), frozenset({green, blue, magenta, }))) x 60: 0.5, ((frozenset({blue}), frozenset({yellow})), (frozenset({blue, magenta}), frozenset({green}))) x 0: 1.0, ((frozenset({green, magenta}), frozenset({blue, yellow})), (frozenset({blue, magenta}), frozenset({yellow}))) x 0: 1.0, ((frozenset({magenta}), frozenset({blue, yellow})), (frozenset({blue}), frozenset({green}))) x 0: 1.0, ((frozenset({yellow}), frozenset({magenta})), (frozenset({green, magenta}), frozenset({blue}))) x 0: 1.0, ((frozenset({magenta, yellow}), frozenset({green})), (frozenset({green}), frozenset({blue}))) x 0: 1.0, ((frozenset({yellow}), frozenset({blue})), (frozenset({green, yellow}), frozenset({blue, magenta}))) x 0: 1.0, ((frozenset({yellow}), frozenset({blue})), (frozenset({blue}), frozenset({green}))) x 0: 1.0, ((frozenset({blue}), frozenset({magenta, yellow})), (frozenset({green, yellow}), frozenset({magenta}))) x 0: 1.0, ((frozenset({green, magenta}), frozenset({blue})), (frozenset({yellow}), frozenset({blue}))) x 0: 1.0, ((frozenset({blue, magenta}), frozenset({yellow})), (frozenset({yellow}), frozenset({green}))) x 0: 1.0, ((frozenset({magenta, yellow}), frozenset({green, blue})), (frozenset({magenta}), frozenset({green}))) x 0: 1.0, ((frozenset({yellow}), frozenset({green, magenta})), (frozenset({green, blue}), frozenset({magenta}))) x 0: 1.0, ((frozenset({yellow}), frozenset({green})), (frozenset({yellow}), frozenset({green, magenta}))) x 0: 1.0, ((frozenset({blue}), frozenset({green})), (frozenset({magenta, yellow}), frozenset({green}))) x 0: 1.0, ((frozenset({blue}), frozenset({magenta})), (frozenset({blue}), frozenset({green, yellow}))) x 0: 1.0, ((frozenset({yellow}), frozenset({blue})), (frozenset({yellow}), frozenset({blue}))) x 0: 1.0, ((frozenset({yellow}), frozenset({magenta})), (frozenset({green, yellow}), frozenset({blue}))) x 0: 1.0, ((frozenset({magenta, yellow}), frozenset({blue})), (frozenset({magenta}), frozenset({blue}))) x 0: 1.0, ((frozenset({green, yellow}), frozenset({blue, magenta})), (frozenset({magenta, yellow}), frozenset({blue}))) x 0: 1.0, ((frozenset({green, blue}), frozenset({magenta, yellow})), (frozenset({magenta}), frozenset({yellow}))) x 0: 0.0, ((frozenset({green, yellow}), frozenset({magenta})), (frozenset({magenta}), frozenset({blue}))) x 0: 1.0, ((frozenset({magenta, yellow}), frozenset({green, blue})), (frozenset({green, blue}), frozenset())) x 0: 1.0, ((frozenset({green, blue}), frozenset({magenta, yellow})), (frozenset({yellow}), frozenset({magenta}))) x 0: 1.0, ((frozenset({green, yellow}), frozenset({blue, magenta})), (frozenset({yellow}), frozenset({blue, magenta}))) x 0: 1.0, ((frozenset({magenta, yellow}), frozenset({green})), (frozenset({blue, yellow}), frozenset({green}))) x 0: 1.0, ((frozenset({green}), frozenset({blue})), (frozenset({blue}), frozenset({magenta, yellow}))) x 0: 1.0, ((frozenset({blue}), frozenset({green, yellow})), (frozenset({blue}), frozenset({magenta}))) x 0: 1.0, ((frozenset({magenta}), frozenset({blue, yellow})), (frozenset({blue, magenta}), frozenset({green}))) x 0: 1.0, ((frozenset({green, yellow}), frozenset({blue})), (frozenset({yellow}), frozenset({blue, magenta}))) x 0: 1.0, ((frozenset({yellow}), frozenset({green})), (frozenset({magenta, yellow}), frozenset({green, blue}))) x 0: 1.0, ((frozenset({blue}), frozenset({yellow})), (frozenset({green}), frozenset({magenta, yellow}))) x 0: 1.0, ((frozenset({green, yellow}), frozenset({blue, magenta})), (frozenset({magenta}), frozenset({blue}))) x 0: 1.0, ((frozenset({blue, magenta}), frozenset({green, yellow})), (frozenset({blue, magenta}), frozenset({yellow}))) x 0: 1.0, ((frozenset({magenta, yellow}), frozenset({green})), (frozenset({yellow}), frozenset({green}))) x 0: 1.0, ((frozenset({green, magenta}), frozenset({blue})), (frozenset({magenta, yellow}), frozenset({blue}))) x 0: 1.0, ((frozenset({green}), frozenset({blue})), (frozenset({blue}), frozenset({yellow}))) x 0: 1.0, ((frozenset({yellow}), frozenset({green, blue})), (frozenset({green, blue}), frozenset({magenta}))) x 0: 0.0, ((frozenset({green, yellow}), frozenset({blue, magenta})), (frozenset({blue, magenta}), frozenset())) x 0: 0.0, ((frozenset({green, yellow}), frozenset({magenta})), (frozenset({blue, magenta}), frozenset())) x 0: 1.0, ((frozenset({magenta}), frozenset({blue})), (frozenset({green}), frozenset({blue, yellow}))) x 0: 1.0, ((frozenset({green, yellow}), frozenset({blue, magenta})), (frozenset({yellow}), frozenset({blue}))) x 0: 1.0, ((frozenset({green, yellow}), frozenset({magenta})), (frozenset({green}), frozenset({blue, magenta}))) x 0: 1.0, ((frozenset({green, blue}), frozenset({magenta})), (frozenset({blue}), frozenset({yellow}))) x 0: 1.0, ((frozenset({green, yellow}), frozenset({blue, magenta})), (frozenset({green, yellow}), frozenset({magenta}))) x 0: 1.0, ((-42, frozenset({yellow})), (frozenset({blue}), frozenset({green, magenta, , yellow}))) x 60: 0.5, ((frozenset({magenta, yellow}), frozenset({green})), (frozenset({blue, magenta}), frozenset({green}))) x 0: 1.0, ((frozenset({green, magenta}), frozenset({blue, yellow})), (frozenset({magenta, yellow}), frozenset({blue}))) x 0: 0.0, ((frozenset({yellow}), frozenset({magenta})), (frozenset({magenta}), frozenset({green}))) x 0: 1.0, ((frozenset({green, magenta}), frozenset({blue, yellow})), (frozenset({magenta}), frozenset({blue, yellow}))) x 0: 1.0, ((frozenset({blue, yellow}), frozenset({green, magenta})), (frozenset({green, yellow}), frozenset({magenta}))) x 0: 1.0, ((frozenset({green}), frozenset({magenta})), (frozenset({green}), frozenset({blue, magenta}))) x 0: 1.0, ((frozenset({green, yellow}), frozenset({blue, magenta})), (frozenset({green, magenta}), frozenset({blue}))) x 0: 1.0, ((frozenset({green}), frozenset({blue})), (frozenset({yellow}), frozenset({blue}))) x 0: 1.0, ((-42, frozenset({yellow})), (frozenset({green}), frozenset({blue, magenta, , yellow}))) x 60: 1.0, ((frozenset({magenta}), frozenset({green, blue})), (frozenset({blue}), frozenset({green, yellow}))) x 0: 1.0, ((frozenset({blue, yellow}), frozenset({green, magenta})), (frozenset({yellow}), frozenset({green, magenta}))) x 0: 1.0, ((frozenset({blue, magenta}), frozenset({green, yellow})), (frozenset({magenta, yellow}), frozenset({green}))) x 0: 0.0, ((frozenset({blue, magenta}), frozenset({green})), (frozenset({magenta}), frozenset({green, yellow}))) x 0: 1.0, ((frozenset({blue}), frozenset({magenta})), (frozenset({blue, magenta}), frozenset({green}))) x 0: 0.0, ((frozenset({yellow}), frozenset({magenta})), (frozenset({blue, yellow}), frozenset({magenta}))) x 0: 1.0, ((frozenset({magenta}), frozenset({blue})), (frozenset({green, yellow}), frozenset({blue}))) x 0: 1.0, ((frozenset({blue, magenta}), frozenset({green})), (frozenset({blue}), frozenset({green, yellow}))) x 0: 1.0, ((frozenset({green, magenta}), frozenset({yellow})), (frozenset({magenta}), frozenset({blue, yellow}))) x 0: 1.0, ((frozenset({blue}), frozenset({magenta, yellow})), (frozenset({yellow}), frozenset({green}))) x 0: 1.0, ((frozenset({green, yellow}), frozenset({blue})), (frozenset({green, yellow}), frozenset({magenta}))) x 0: 1.0, ((frozenset({yellow}), frozenset({blue})), (frozenset({blue}), frozenset({magenta}))) x 0: 1.0, ((-42, frozenset({green})), (frozenset({yellow}), frozenset({green, blue, magenta, }))) x 60: 0.0, ((frozenset({blue}), frozenset({magenta})), (frozenset({magenta, yellow}), frozenset({green}))) x 0: 1.0, ((frozenset({magenta}), frozenset({blue})), (frozenset({blue}), frozenset({yellow}))) x 0: 0.0, ((frozenset({magenta}), frozenset({blue, yellow})), (frozenset({green, yellow}), frozenset({blue}))) x 0: 1.0, ((frozenset({green, blue}), frozenset({magenta, yellow})), (frozenset({green, blue}), frozenset({magenta, yellow}))) x 0: 1.0, ((frozenset({blue, yellow}), frozenset({green})), (frozenset({yellow}), frozenset({green, magenta}))) x 0: 1.0, ((frozenset({blue, yellow}), frozenset({green, magenta})), (frozenset({magenta}), frozenset({green}))) x 0: 1.0, ((frozenset({blue, magenta}), frozenset({green, yellow})), (frozenset({magenta}), frozenset({green}))) x 0: 1.0, ((frozenset({magenta, yellow}), frozenset({blue})), (frozenset({magenta}), frozenset({green}))) x 0: 1.0, ((frozenset({blue, magenta}), frozenset({green, yellow})), (frozenset({yellow}), frozenset({green}))) x 0: 1.0, ((frozenset({yellow}), frozenset({green, blue})), (frozenset({blue}), frozenset({green}))) x 0: 1.0, ((frozenset({yellow}), frozenset({green, magenta})), (frozenset({green, yellow}), frozenset({blue, magenta}))) x 0: 1.0, ((frozenset({yellow}), frozenset({green, magenta})), (frozenset({magenta, yellow}), frozenset({green, blue}))) x 0: 1.0, ((frozenset({green}), frozenset({blue, yellow})), (frozenset({yellow}), frozenset({blue, magenta}))) x 0: 0.0, ((frozenset({green}), frozenset({blue, magenta})), (frozenset({green, yellow}), frozenset({blue, magenta}))) x 0: 1.0, ((frozenset({blue}), frozenset({yellow})), (frozenset({green, blue}), frozenset({magenta}))) x 0: 1.0, ((frozenset({magenta}), frozenset({green, blue})), (frozenset({green, magenta}), frozenset({blue}))) x 0: 0.0, ((frozenset({blue}), frozenset({magenta})), (frozenset({blue}), frozenset({green, magenta}))) x 0: 1.0, ((frozenset({magenta, yellow}), frozenset({green})), (frozenset({blue}), frozenset({green}))) x 0: 0.5, ((frozenset({green}), frozenset({magenta})), (frozenset({magenta, yellow}), frozenset({blue}))) x 0: 1.0, ((frozenset({blue}), frozenset({magenta, yellow})), (frozenset({magenta}), frozenset({green, yellow}))) x 0: 1.0, ((frozenset({blue, yellow}), frozenset({green})), (frozenset({blue}), frozenset({magenta}))) x 0: 1.0, ((frozenset({green}), frozenset({yellow})), (frozenset({blue}), frozenset({magenta, yellow}))) x 0: 1.0, ((frozenset({blue, magenta}), frozenset({green})), (frozenset({green, magenta}), frozenset({yellow}))) x 0: 1.0, ((frozenset({blue}), frozenset({green, magenta})), (frozenset({blue, yellow}), frozenset({green, magenta}))) x 0: 1.0, ((frozenset({magenta}), frozenset({blue, yellow})), (frozenset({blue, yellow}), frozenset({green}))) x 0: 1.0, ((frozenset({green, blue}), frozenset({magenta})), (frozenset({magenta}), frozenset({yellow}))) x 0: 0.0, ((frozenset({magenta}), frozenset({green})), (frozenset({green, magenta}), frozenset({blue, yellow}))) x 0: 1.0, ((frozenset({green, blue}), frozenset({magenta, yellow})), (frozenset({green}), frozenset({magenta}))) x 0: 1.0, ((frozenset({blue, yellow}), frozenset({green, magenta})), (frozenset({green, blue}), frozenset({magenta}))) x 0: 1.0, ((frozenset({blue, magenta}), frozenset({yellow})), (frozenset({blue}), frozenset({green, yellow}))) x 0: 1.0, ((frozenset({yellow}), frozenset({blue, magenta})), (frozenset({blue, yellow}), frozenset({green, magenta}))) x 0: 1.0, ((frozenset({blue, magenta}), frozenset({yellow})), (frozenset({blue, yellow}), frozenset({green}))) x 0: 1.0, ((frozenset({blue, magenta}), frozenset({yellow})), (frozenset({green}), frozenset({yellow}))) x 0: 1.0, ((frozenset({yellow}), frozenset({green, magenta})), (frozenset({yellow}), frozenset({green, magenta}))) x 0: 1.0, ((frozenset({green}), frozenset({magenta})), (frozenset({blue, magenta}), frozenset({yellow}))) x 0: 1.0, ((frozenset({magenta}), frozenset({blue})), (frozenset({magenta}), frozenset({yellow}))) x 0: 1.0, ((frozenset({yellow}), frozenset({blue, magenta})), (frozenset({magenta}), frozenset({blue}))) x 0: 0.0, ((frozenset({magenta}), frozenset({green})), (frozenset({yellow}), frozenset({blue}))) x 0: 0.0, ((frozenset({blue, magenta}), frozenset({yellow})), (frozenset({blue}), frozenset({green}))) x 0: 1.0, ((frozenset({blue}), frozenset({yellow})), (frozenset({magenta, yellow}), frozenset({green}))) x 0: 1.0, ((frozenset({blue}), frozenset({yellow})), (frozenset({green, magenta}), frozenset({yellow}))) x 0: 1.0, ((frozenset({green, yellow}), frozenset({magenta})), (frozenset({blue}), frozenset({magenta}))) x 0: 1.0, ((frozenset({blue}), frozenset({magenta, yellow})), (frozenset({blue, yellow}), frozenset({green, magenta}))) x 0: 1.0}",1.6868649385869503,0.07051819903013154,4784128,331.76732673267327,252.1922108426137,0.01969386896234937,0:31:21,0.5495049504950495,0.783508706741571,114.70363235799135,0.7326732673267327,0.4425642898738022,0.5784192122519016,0.012658513674978167,0.16831683168316833,0.3741473985681422
0.38648543248885414,0.0031071924269214565,"{((frozenset({green}), frozenset({blue})), (frozenset({magenta, yellow}), frozenset({blue}))) x 0: 1.0, ((frozenset({magenta}), frozenset({blue, yellow})), (frozenset({magenta, yellow}), frozenset({blue}))) x 0: 1.0, ((frozenset({blue, magenta}), frozenset({green, yellow})), (frozenset({magenta, yellow}), frozenset({green}))) x 0: 1.0, ((frozenset({green}), frozenset({magenta, yellow})), (frozenset({green, yellow}), frozenset({magenta}))) x 0: 1.0, ((-42, frozenset({green})), (frozenset({yellow}), frozenset({green, blue, magenta, }))) x 60: 0.16666666666666666, ((frozenset({magenta}), frozenset({green, blue})), (frozenset({yellow}), frozenset({green, blue}))) x 0: 1.0, ((frozenset({blue, magenta}), frozenset({green, yellow})), (frozenset({yellow}), frozenset({green}))) x 0: 0.0, ((-42, frozenset({green})), (frozenset({magenta}), frozenset({green, blue, , yellow}))) x 60: 0.5, ((frozenset({yellow}), frozenset({magenta})), (frozenset({green}), frozenset({blue, magenta}))) x 0: 1.0, ((frozenset({yellow}), frozenset({magenta})), (frozenset({yellow}), frozenset({green}))) x 0: 1.0, ((frozenset({blue, magenta}), frozenset({green})), (frozenset({green}), frozenset({yellow}))) x 0: 1.0, ((frozenset({yellow}), frozenset({green, blue})), (frozenset({green, blue}), frozenset({magenta}))) x 0: 1.0, ((frozenset({yellow}), frozenset({green, magenta})), (frozenset({blue}), frozenset({green, magenta}))) x 0: 0.0, ((-42, frozenset({blue})), (frozenset({magenta}), frozenset({green, blue, , yellow}))) x 60: 1.0, ((-42, frozenset()), (frozenset({magenta}), frozenset({green, blue, , yellow}))) x 60: 0.2857142857142857, ((frozenset({blue}), frozenset({yellow})), (frozenset({green, yellow}), frozenset({magenta}))) x 0: 1.0, ((frozenset({blue, magenta}), frozenset({green})), (frozenset({magenta}), frozenset({green}))) x 0: 1.0, ((frozenset({green, magenta}), frozenset({blue})), (frozenset({magenta, yellow}), frozenset({blue}))) x 0: 1.0, ((frozenset({green, magenta}), frozenset({yellow})), (frozenset({blue, magenta}), frozenset({yellow}))) x 0: 1.0, ((frozenset({magenta}), frozenset({green})), (frozenset({blue, yellow}), frozenset({green}))) x 0: 1.0, ((-42, frozenset()), (frozenset({yellow}), frozenset({green, blue, magenta, }))) x 60: 0.16666666666666666, ((frozenset({yellow}), frozenset({blue, magenta})), (frozenset({green, magenta}), frozenset({blue}))) x 0: 1.0, ((-42, frozenset({yellow})), (frozenset({magenta}), frozenset({green, blue, , yellow}))) x 60: 0.0, ((frozenset({blue}), frozenset({green})), (frozenset({blue, yellow}), frozenset({green, magenta}))) x 0: 1.0, ((frozenset({green, yellow}), frozenset({blue})), (frozenset({green, yellow}), frozenset({blue, magenta}))) x 0: 1.0, ((frozenset({yellow}), frozenset({green, blue})), (frozenset({blue}), frozenset({green}))) x 0: 1.0, ((frozenset({magenta}), frozenset({blue})), (frozenset({blue}), frozenset({green, yellow}))) x 0: 1.0, ((frozenset({green}), frozenset({magenta})), (frozenset({green}), frozenset({yellow}))) x 0: 1.0, ((frozenset({green}), frozenset({blue, magenta})), (frozenset({magenta}), frozenset({blue, yellow}))) x 0: 1.0, ((frozenset({blue, magenta}), frozenset({green, yellow})), (frozenset({blue, yellow}), frozenset({green}))) x 0: 1.0, ((frozenset({magenta, yellow}), frozenset({green, blue})), (frozenset({magenta}), frozenset({blue}))) x 0: 1.0, ((frozenset({yellow}), frozenset({green})), (frozenset({green, yellow}), frozenset({blue, magenta}))) x 0: 1.0, ((frozenset({blue}), frozenset({magenta})), (frozenset({green, yellow}), frozenset({magenta}))) x 0: 0.5, ((frozenset({blue}), frozenset({green, yellow})), (frozenset({blue, yellow}), frozenset({green, magenta}))) x 0: 1.0, ((frozenset({blue, yellow}), frozenset({green, magenta})), (frozenset({yellow}), frozenset({green}))) x 0: 1.0, ((frozenset({magenta}), frozenset({green, blue})), (frozenset({green, blue}), frozenset({yellow}))) x 0: 1.0, ((frozenset({yellow}), frozenset({blue, magenta})), (frozenset({green, yellow}), frozenset({magenta}))) x 0: 1.0, ((frozenset({green, yellow}), frozenset({magenta})), (frozenset({magenta}), frozenset({blue}))) x 0: 1.0, ((frozenset({magenta, yellow}), frozenset({blue})), (frozenset({blue, magenta}), frozenset({green}))) x 0: 1.0, ((frozenset({magenta}), frozenset({green, yellow})), (frozenset({blue, yellow}), frozenset({green}))) x 0: 1.0, ((frozenset({green, yellow}), frozenset({magenta})), (frozenset({green}), frozenset({magenta}))) x 0: 1.0, ((-42, frozenset()), (frozenset({blue}), frozenset({green, magenta, , yellow}))) x 60: 0.5, ((frozenset({blue, yellow}), frozenset({green, magenta})), (frozenset({green, blue}), frozenset({magenta}))) x 0: 1.0, ((frozenset({magenta}), frozenset({blue, yellow})), (frozenset({blue, yellow}), frozenset({green}))) x 0: 0.0, ((frozenset({blue}), frozenset({green})), (frozenset({magenta}), frozenset({yellow}))) x 0: 1.0, ((frozenset({blue}), frozenset({yellow})), (frozenset({blue}), frozenset({green, yellow}))) x 0: 1.0, ((frozenset({green, blue}), frozenset({magenta})), (frozenset({magenta}), frozenset({yellow}))) x 0: 1.0, ((frozenset({blue}), frozenset({yellow})), (frozenset({yellow}), frozenset({green}))) x 0: 1.0, ((frozenset({magenta}), frozenset({green, yellow})), (frozenset({green, yellow}), frozenset({blue}))) x 0: 1.0, ((frozenset({blue}), frozenset({green})), (frozenset({blue}), frozenset({green, magenta}))) x 0: 1.0, ((frozenset({blue, yellow}), frozenset({green, magenta})), (frozenset({blue, yellow}), frozenset({green}))) x 0: 1.0, ((-42, frozenset({magenta})), (frozenset({yellow}), frozenset({green, blue, magenta, }))) x 60: 0.0, ((frozenset({green, yellow}), frozenset({blue, magenta})), (frozenset({green}), frozenset({blue, magenta}))) x 0: 1.0, ((-42, frozenset({blue})), (frozenset({green}), frozenset({blue, magenta, , yellow}))) x 60: 0.5, ((frozenset({blue}), frozenset({yellow})), (frozenset({yellow}), frozenset({magenta}))) x 0: 1.0, ((-42, frozenset({magenta})), (frozenset({green}), frozenset({blue, magenta, , yellow}))) x 60: 0.5, ((frozenset({green, magenta}), frozenset({blue, yellow})), (frozenset({magenta}), frozenset({blue}))) x 0: 0.0, ((frozenset({blue, magenta}), frozenset({yellow})), (frozenset({magenta, yellow}), frozenset({green}))) x 0: 1.0, ((frozenset({magenta}), frozenset({blue})), (frozenset({green, magenta}), frozenset({blue}))) x 0: 0.0, ((-42, frozenset({green})), (frozenset({blue}), frozenset({green, magenta, , yellow}))) x 60: 0.6666666666666666, ((frozenset({green}), frozenset({magenta})), (frozenset({green, blue}), frozenset({magenta, yellow}))) x 0: 1.0, ((frozenset({green}), frozenset({magenta, yellow})), (frozenset({yellow}), frozenset({blue, magenta}))) x 0: 0.0, ((-42, frozenset()), (frozenset({green}), frozenset({blue, magenta, , yellow}))) x 60: 1.0, ((frozenset({blue}), frozenset({green, yellow})), (frozenset({blue, magenta}), frozenset({yellow}))) x 0: 1.0, ((frozenset({blue, magenta}), frozenset({green, yellow})), (frozenset({magenta}), frozenset({yellow}))) x 0: 1.0, ((frozenset({blue}), frozenset({yellow})), (frozenset({green, blue}), frozenset({magenta}))) x 0: 1.0, ((frozenset({green, magenta}), frozenset({blue})), (frozenset({yellow}), frozenset({blue}))) x 0: 1.0, ((frozenset({green, blue}), frozenset({magenta, yellow})), (frozenset({yellow}), frozenset({magenta}))) x 0: 1.0, ((frozenset({green, magenta}), frozenset({yellow})), (frozenset({green, blue}), frozenset({yellow}))) x 0: 1.0, ((frozenset({magenta}), frozenset({green, yellow})), (frozenset({magenta}), frozenset({yellow}))) x 0: 1.0, ((frozenset({green, blue}), frozenset({magenta, yellow})), (frozenset({magenta}), frozenset({yellow}))) x 0: 1.0, ((frozenset({magenta}), frozenset({yellow})), (frozenset({green, magenta}), frozenset({blue}))) x 0: 1.0, ((frozenset({green}), frozenset({yellow})), (frozenset({blue}), frozenset({magenta, yellow}))) x 0: 1.0, ((frozenset({green, yellow}), frozenset({blue, magenta})), (frozenset({blue, magenta}), frozenset())) x 0: 1.0, ((frozenset({magenta, yellow}), frozenset({green, blue})), (frozenset({magenta}), frozenset({green, blue}))) x 0: 1.0, ((frozenset({yellow}), frozenset({green})), (frozenset({yellow}), frozenset({blue, magenta}))) x 0: 1.0, ((frozenset({blue}), frozenset({green, magenta})), (frozenset({blue, yellow}), frozenset({green}))) x 0: 1.0, ((frozenset({magenta}), frozenset({blue})), (frozenset({magenta, yellow}), frozenset({green, blue}))) x 0: 1.0, ((-42, frozenset({yellow})), (frozenset({green}), frozenset({blue, magenta, , yellow}))) x 60: 1.0, ((frozenset({green}), frozenset({blue, magenta})), (frozenset({yellow}), frozenset({magenta}))) x 0: 1.0, ((frozenset({green, blue}), frozenset({magenta})), (frozenset({yellow}), frozenset({magenta}))) x 0: 1.0, ((-42, frozenset({yellow})), (frozenset({blue}), frozenset({green, magenta, , yellow}))) x 60: 0.5, ((frozenset({green, blue}), frozenset({magenta})), (frozenset({blue, yellow}), frozenset({magenta}))) x 0: 1.0, ((frozenset({yellow}), frozenset({blue})), (frozenset({green}), frozenset({blue}))) x 0: 1.0, ((frozenset({green, yellow}), frozenset({magenta})), (frozenset({blue}), frozenset({magenta}))) x 0: 1.0, ((frozenset({magenta, yellow}), frozenset({green, blue})), (frozenset({green}), frozenset({blue}))) x 0: 1.0, ((frozenset({green}), frozenset({magenta, yellow})), (frozenset({green}), frozenset({yellow}))) x 0: 1.0, ((frozenset({yellow}), frozenset({green})), (frozenset({blue}), frozenset({green, magenta}))) x 0: 1.0, ((frozenset({blue, magenta}), frozenset({green, yellow})), (frozenset({green, yellow}), frozenset())) x 0: 1.0, ((frozenset({green}), frozenset({blue})), (frozenset({yellow}), frozenset({blue, magenta}))) x 0: 1.0, ((frozenset({magenta, yellow}), frozenset({green, blue})), (frozenset({blue, magenta}), frozenset({green}))) x 0: 1.0, ((frozenset({blue, yellow}), frozenset({green})), (frozenset({blue}), frozenset({magenta}))) x 0: 1.0, ((frozenset({green}), frozenset({blue})), (frozenset({green}), frozenset({magenta}))) x 0: 1.0, ((frozenset({green, yellow}), frozenset({blue})), (frozenset({green, blue}), frozenset({magenta}))) x 0: 1.0, ((frozenset({green, blue}), frozenset({yellow})), (frozenset({magenta}), frozenset({yellow}))) x 0: 1.0, ((frozenset({green, blue}), frozenset({yellow})), (frozenset({magenta, yellow}), frozenset())) x 0: 1.0, ((frozenset({blue}), frozenset({yellow})), (frozenset({green}), frozenset({yellow}))) x 0: 1.0, ((frozenset({green, blue}), frozenset({magenta, yellow})), (frozenset({green}), frozenset({magenta, yellow}))) x 0: 0.5, ((frozenset({yellow}), frozenset({green, magenta})), (frozenset({green, yellow}), frozenset({blue, magenta}))) x 0: 1.0, ((frozenset({green}), frozenset({blue})), (frozenset({green}), frozenset({blue, magenta}))) x 0: 1.0, ((frozenset({yellow}), frozenset({blue, magenta})), (frozenset({green}), frozenset({blue}))) x 0: 0.5, ((frozenset({blue}), frozenset({magenta, yellow})), (frozenset({yellow}), frozenset({magenta}))) x 0: 1.0, ((frozenset({green, yellow}), frozenset({blue, magenta})), (frozenset({magenta}), frozenset({blue}))) x 0: 1.0, ((frozenset({green, magenta}), frozenset({blue, yellow})), (frozenset({green}), frozenset({blue, yellow}))) x 0: 1.0, ((frozenset({blue}), frozenset({green})), (frozenset({magenta, yellow}), frozenset({green}))) x 0: 1.0, ((frozenset({green, blue}), frozenset({magenta, yellow})), (frozenset({blue}), frozenset({yellow}))) x 0: 1.0, ((frozenset({magenta}), frozenset({green, yellow})), (frozenset({green}), frozenset({yellow}))) x 0: 1.0, ((frozenset({yellow}), frozenset({green})), (frozenset({yellow}), frozenset({magenta}))) x 0: 1.0, ((frozenset({yellow}), frozenset({green})), (frozenset({green}), frozenset({blue, magenta}))) x 0: 0.5, ((frozenset({blue}), frozenset({magenta})), (frozenset({blue, magenta}), frozenset({green, yellow}))) x 0: 1.0, ((frozenset({green, yellow}), frozenset({blue})), (frozenset({green, magenta}), frozenset({blue}))) x 0: 1.0, ((frozenset({blue, magenta}), frozenset({green, yellow})), (frozenset({green}), frozenset({yellow}))) x 0: 0.0, ((frozenset({blue, magenta}), frozenset({yellow})), (frozenset({green}), frozenset({yellow}))) x 0: 1.0, ((frozenset({blue}), frozenset({magenta, yellow})), (frozenset({magenta}), frozenset({yellow}))) x 0: 1.0, ((frozenset({yellow}), frozenset({blue, magenta})), (frozenset({green}), frozenset({blue, magenta}))) x 0: 1.0, ((frozenset({magenta}), frozenset({green, blue})), (frozenset({green}), frozenset({blue}))) x 0: 1.0, ((frozenset({magenta}), frozenset({yellow})), (frozenset({blue}), frozenset({green, yellow}))) x 0: 1.0, ((frozenset({blue, magenta}), frozenset({green, yellow})), (frozenset({blue, magenta}), frozenset({yellow}))) x 0: 1.0, ((-42, frozenset({blue})), (frozenset({yellow}), frozenset({green, blue, magenta, }))) x 60: 0.0, ((frozenset({magenta, yellow}), frozenset({green, blue})), (frozenset({green, blue}), frozenset())) x 0: 1.0, ((frozenset({yellow}), frozenset({blue, magenta})), (frozenset({green, blue}), frozenset({magenta}))) x 0: 1.0, ((frozenset({green}), frozenset({blue, yellow})), (frozenset({blue}), frozenset({yellow}))) x 0: 1.0, ((frozenset({green, yellow}), frozenset({magenta})), (frozenset({green, yellow}), frozenset({blue, magenta}))) x 0: 1.0, ((frozenset({blue}), frozenset({magenta})), (frozenset({blue}), frozenset({green, yellow}))) x 0: 1.0, ((frozenset({blue, yellow}), frozenset({green})), (frozenset({yellow}), frozenset({magenta}))) x 0: 1.0, ((frozenset({blue, yellow}), frozenset({green, magenta})), (frozenset({magenta}), frozenset({green}))) x 0: 0.0, ((frozenset({green, magenta}), frozenset({blue})), (frozenset({green, blue}), frozenset({yellow}))) x 0: 1.0, ((frozenset({green}), frozenset({blue, magenta})), (frozenset({green}), frozenset({magenta}))) x 0: 1.0, ((frozenset({green, yellow}), frozenset({blue})), (frozenset({magenta, yellow}), frozenset({blue}))) x 0: 1.0, ((frozenset({green, magenta}), frozenset({blue, yellow})), (frozenset({green, blue}), frozenset({yellow}))) x 0: 1.0, ((frozenset({magenta}), frozenset({green, blue})), (frozenset({green, yellow}), frozenset({blue}))) x 0: 1.0, ((frozenset({magenta, yellow}), frozenset({green, blue})), (frozenset({yellow}), frozenset({green, blue}))) x 0: 1.0, ((frozenset({green}), frozenset({yellow})), (frozenset({magenta}), frozenset({blue, yellow}))) x 0: 0.0, ((frozenset({magenta}), frozenset({green})), (frozenset({magenta}), frozenset({green}))) x 0: 1.0, ((frozenset({blue}), frozenset({yellow})), (frozenset({yellow}), frozenset({green, magenta}))) x 0: 1.0, ((frozenset({yellow}), frozenset({blue})), (frozenset({blue, yellow}), frozenset({magenta}))) x 0: 1.0, ((frozenset({green, yellow}), frozenset({blue, magenta})), (frozenset({yellow}), frozenset({blue, magenta}))) x 0: 1.0, ((frozenset({green}), frozenset({blue})), (frozenset({green}), frozenset({yellow}))) x 0: 1.0, ((frozenset({blue, magenta}), frozenset({green, yellow})), (frozenset({blue, magenta}), frozenset({green, yellow}))) x 0: 1.0, ((-42, frozenset({magenta})), (frozenset({blue}), frozenset({green, magenta, , yellow}))) x 60: 0.0, ((frozenset({green}), frozenset({blue, yellow})), (frozenset({green}), frozenset({blue, yellow}))) x 0: 1.0, ((frozenset({magenta, yellow}), frozenset({green, blue})), (frozenset({magenta}), frozenset({green}))) x 0: 0.0, ((frozenset({yellow}), frozenset({green, blue})), (frozenset({green, magenta}), frozenset({blue}))) x 0: 1.0, ((frozenset({magenta}), frozenset({blue, yellow})), (frozenset({yellow}), frozenset({green, blue}))) x 0: 0.0, ((frozenset({green}), frozenset({magenta, yellow})), (frozenset({blue}), frozenset({yellow}))) x 0: 1.0, ((frozenset({blue, yellow}), frozenset({green, magenta})), (frozenset({green, magenta}), frozenset())) x 0: 1.0, ((frozenset({blue, magenta}), frozenset({yellow})), (frozenset({blue, magenta}), frozenset({green}))) x 0: 1.0}",1.6846269220113754,0.05562855366270832,4849664,320.09708737864077,226.68381874504638,0.016338183981133625,0:21:37,0.6262135922330098,0.7380716366221676,115.85633452069882,0.7815533980582524,0.4131920667702264,0.5968879237771034,0.009627074643503875,0.13592233009708737,0.34270606980044255
0.3398354745823744,0.0026946130970233835,"{((frozenset({magenta}), frozenset({yellow})), (frozenset({green}), frozenset({yellow}))) x 0: 1.0, ((frozenset({green, yellow}), frozenset({blue, magenta})), (frozenset({green, yellow}), frozenset({blue, magenta}))) x 0: 1.0, ((-42, frozenset({green})), (frozenset({blue}), frozenset({green, magenta, , yellow}))) x 60: 0.4, ((frozenset({yellow}), frozenset({blue})), (frozenset({green, blue}), frozenset({magenta}))) x 0: 1.0, ((frozenset({magenta}), frozenset({green})), (frozenset({blue, magenta}), frozenset({green, yellow}))) x 0: 1.0, ((frozenset({blue}), frozenset({green, yellow})), (frozenset({magenta, yellow}), frozenset({green}))) x 0: 1.0, ((frozenset({yellow}), frozenset({blue})), (frozenset({blue}), frozenset({magenta}))) x 0: 1.0, ((frozenset({blue}), frozenset({green, magenta})), (frozenset({magenta}), frozenset({green}))) x 0: 1.0, ((frozenset({green, yellow}), frozenset({magenta})), (frozenset({blue}), frozenset({magenta}))) x 0: 1.0, ((frozenset({blue, yellow}), frozenset({magenta})), (frozenset({blue, magenta}), frozenset({green}))) x 0: 1.0, ((frozenset({blue}), frozenset({green, yellow})), (frozenset({magenta}), frozenset({yellow}))) x 0: 1.0, ((frozenset({magenta}), frozenset({green, yellow})), (frozenset({green, blue}), frozenset({yellow}))) x 0: 1.0, ((-42, frozenset({yellow})), (frozenset({magenta}), frozenset({green, blue, , yellow}))) x 60: 0.6, ((frozenset({magenta}), frozenset({green, yellow})), (frozenset({blue}), frozenset({green, yellow}))) x 0: 1.0, ((frozenset({yellow}), frozenset({blue})), (frozenset({yellow}), frozenset({magenta}))) x 0: 1.0, ((frozenset({yellow}), frozenset({green, blue})), (frozenset({blue, magenta}), frozenset({green}))) x 0: 1.0, ((frozenset({green, magenta}), frozenset({blue, yellow})), (frozenset({blue, yellow}), frozenset())) x 0: 0.6666666666666666, ((frozenset({blue, yellow}), frozenset({green})), (frozenset({blue}), frozenset({magenta}))) x 0: 1.0, ((frozenset({green, yellow}), frozenset({blue, magenta})), (frozenset({green}), frozenset({blue, magenta}))) x 0: 1.0, ((frozenset({green, yellow}), frozenset({magenta})), (frozenset({green, yellow}), frozenset({blue, magenta}))) x 0: 1.0, ((frozenset({green, magenta}), frozenset({yellow})), (frozenset({green, blue}), frozenset({yellow}))) x 0: 1.0, ((-42, frozenset({blue})), (frozenset({yellow}), frozenset({green, blue, magenta, }))) x 60: 0.25, ((frozenset({blue, yellow}), frozenset({green, magenta})), (frozenset({magenta}), frozenset({green}))) x 0: 0.75, ((frozenset({green, magenta}), frozenset({blue, yellow})), (frozenset({yellow}), frozenset({blue}))) x 0: 1.0, ((-42, frozenset()), (frozenset({yellow}), frozenset({green, blue, magenta, }))) x 60: 0.0, ((-42, frozenset({green})), (frozenset({magenta}), frozenset({green, blue, , yellow}))) x 60: 0.6666666666666666, ((frozenset({blue, magenta}), frozenset({green})), (frozenset({green}), frozenset({yellow}))) x 0: 1.0, ((-42, frozenset({magenta})), (frozenset({yellow}), frozenset({green, blue, magenta, }))) x 60: 0.0, ((frozenset({yellow}), frozenset({green, magenta})), (frozenset({blue, magenta}), frozenset({green}))) x 0: 1.0, ((frozenset({blue, yellow}), frozenset({green, magenta})), (frozenset({green}), frozenset({magenta}))) x 0: 1.0, ((frozenset({blue, magenta}), frozenset({green})), (frozenset({magenta}), frozenset({yellow}))) x 0: 1.0, ((frozenset({magenta, yellow}), frozenset({blue})), (frozenset({blue}), frozenset({green}))) x 0: 1.0, ((frozenset({magenta}), frozenset({blue})), (frozenset({green, yellow}), frozenset({blue}))) x 0: 0.0, ((frozenset({green, yellow}), frozenset({blue, magenta})), (frozenset({blue}), frozenset({magenta}))) x 0: 1.0, ((-42, frozenset()), (frozenset({green}), frozenset({blue, magenta, , yellow}))) x 60: 1.0, ((-42, frozenset({green})), (frozenset({yellow}), frozenset({green, blue, magenta, }))) x 60: 0.3333333333333333, ((frozenset({green, blue}), frozenset({magenta, yellow})), (frozenset({green, yellow}), frozenset({magenta}))) x 0: 1.0, ((frozenset({magenta}), frozenset({green, yellow})), (frozenset({green}), frozenset({blue, yellow}))) x 0: 1.0, ((frozenset({yellow}), frozenset({magenta})), (frozenset({green}), frozenset({blue, magenta}))) x 0: 1.0, ((frozenset({blue}), frozenset({yellow})), (frozenset({magenta, yellow}), frozenset({green}))) x 0: 0.0, ((frozenset({green}), frozenset({magenta})), (frozenset({blue}), frozenset({magenta, yellow}))) x 0: 1.0, ((frozenset({blue}), frozenset({magenta, yellow})), (frozenset({blue, magenta}), frozenset({green, yellow}))) x 0: 1.0, ((frozenset({yellow}), frozenset({green, blue})), (frozenset({green}), frozenset({blue, magenta}))) x 0: 1.0, ((frozenset({green}), frozenset({magenta})), (frozenset({magenta, yellow}), frozenset({blue}))) x 0: 0.0, ((frozenset({yellow}), frozenset({blue})), (frozenset({magenta}), frozenset({green, blue}))) x 0: 1.0, ((frozenset({green}), frozenset({yellow})), (frozenset({blue, yellow}), frozenset({magenta}))) x 0: 1.0, ((frozenset({blue, yellow}), frozenset({magenta})), (frozenset({yellow}), frozenset({magenta}))) x 0: 1.0, ((frozenset({green, yellow}), frozenset({magenta})), (frozenset({green, yellow}), frozenset({magenta}))) x 0: 1.0, ((frozenset({green, magenta}), frozenset({yellow})), (frozenset({green, magenta}), frozenset({blue, yellow}))) x 0: 1.0, ((frozenset({green, blue}), frozenset({yellow})), (frozenset({blue}), frozenset({magenta, yellow}))) x 0: 1.0, ((frozenset({green, magenta}), frozenset({blue, yellow})), (frozenset({green}), frozenset({blue}))) x 0: 1.0, ((frozenset({green, blue}), frozenset({magenta, yellow})), (frozenset({magenta}), frozenset({yellow}))) x 0: 1.0, ((frozenset({green, yellow}), frozenset({blue, magenta})), (frozenset({green, yellow}), frozenset({blue}))) x 0: 1.0, ((frozenset({magenta}), frozenset({green, yellow})), (frozenset({green}), frozenset({yellow}))) x 0: 1.0, ((frozenset({green}), frozenset({magenta, yellow})), (frozenset({green, yellow}), frozenset({magenta}))) x 0: 1.0, ((frozenset({green, blue}), frozenset({magenta})), (frozenset({green}), frozenset({yellow}))) x 0: 1.0, ((frozenset({green, magenta}), frozenset({blue, yellow})), (frozenset({green}), frozenset({blue, yellow}))) x 0: 1.0, ((frozenset({yellow}), frozenset({green})), (frozenset({green, blue}), frozenset({magenta}))) x 0: 1.0, ((frozenset({green, magenta}), frozenset({blue, yellow})), (frozenset({magenta}), frozenset({blue, yellow}))) x 0: 1.0, ((frozenset({green, magenta}), frozenset({yellow})), (frozenset({magenta}), frozenset({blue, yellow}))) x 0: 1.0, ((-42, frozenset({blue})), (frozenset({green}), frozenset({blue, magenta, , yellow}))) x 60: 0.6666666666666666, ((frozenset({yellow}), frozenset({green})), (frozenset({blue, magenta}), frozenset({green}))) x 0: 0.0, ((frozenset({green, magenta}), frozenset({blue, yellow})), (frozenset({blue}), frozenset({yellow}))) x 0: 1.0, ((frozenset({yellow}), frozenset({green, magenta})), (frozenset({green}), frozenset({blue, magenta}))) x 0: 1.0, ((frozenset({magenta}), frozenset({blue, yellow})), (frozenset({green}), frozenset({blue}))) x 0: 1.0, ((frozenset({green}), frozenset({magenta})), (frozenset({magenta}), frozenset({blue, yellow}))) x 0: 1.0, ((frozenset({magenta}), frozenset({green})), (frozenset({blue}), frozenset({yellow}))) x 0: 1.0, ((frozenset({green}), frozenset({blue, magenta})), (frozenset({blue, magenta}), frozenset({yellow}))) x 0: 1.0, ((frozenset({green, yellow}), frozenset({blue})), (frozenset({yellow}), frozenset({blue, magenta}))) x 0: 1.0, ((frozenset({blue, magenta}), frozenset({yellow})), (frozenset({blue}), frozenset({green, yellow}))) x 0: 1.0, ((frozenset({magenta, yellow}), frozenset({green})), (frozenset({green, blue}), frozenset())) x 0: 1.0, ((frozenset({yellow}), frozenset({green, blue})), (frozenset({blue, yellow}), frozenset({green, magenta}))) x 0: 0.0, ((-42, frozenset()), (frozenset({blue}), frozenset({green, magenta, , yellow}))) x 60: 0.5, ((frozenset({magenta, yellow}), frozenset({blue})), (frozenset({green, blue}), frozenset())) x 0: 1.0, ((frozenset({blue, yellow}), frozenset({green, magenta})), (frozenset({green, yellow}), frozenset({magenta}))) x 0: 1.0, ((frozenset({yellow}), frozenset({green})), (frozenset({green, magenta}), frozenset({blue}))) x 0: 0.5, ((frozenset({yellow}), frozenset({green})), (frozenset({yellow}), frozenset({blue}))) x 0: 1.0, ((frozenset({yellow}), frozenset({blue, magenta})), (frozenset({green, magenta}), frozenset({blue}))) x 0: 0.0, ((frozenset({green}), frozenset({blue, magenta})), (frozenset({magenta}), frozenset({blue}))) x 0: 1.0, ((frozenset({green}), frozenset({blue, magenta})), (frozenset({blue}), frozenset({magenta, yellow}))) x 0: 0.0, ((frozenset({magenta, yellow}), frozenset({green, blue})), (frozenset({magenta, yellow}), frozenset({green}))) x 0: 1.0, ((frozenset({yellow}), frozenset({green, blue})), (frozenset({magenta, yellow}), frozenset({green}))) x 0: 1.0, ((frozenset({blue, magenta}), frozenset({green, yellow})), (frozenset({magenta}), frozenset({green}))) x 0: 1.0, ((frozenset({blue}), frozenset({green, magenta})), (frozenset({blue, magenta}), frozenset({green, yellow}))) x 0: 1.0, ((frozenset({green, yellow}), frozenset({blue, magenta})), (frozenset({green, blue}), frozenset({magenta}))) x 0: 1.0, ((frozenset({blue}), frozenset({yellow})), (frozenset({green, magenta}), frozenset({yellow}))) x 0: 1.0, ((-42, frozenset({magenta})), (frozenset({blue}), frozenset({green, magenta, , yellow}))) x 60: 0.0, ((frozenset({green}), frozenset({blue, yellow})), (frozenset({green, yellow}), frozenset({magenta}))) x 0: 1.0, ((frozenset({magenta}), frozenset({green, yellow})), (frozenset({green, magenta}), frozenset({blue, yellow}))) x 0: 1.0, ((frozenset({blue}), frozenset({green, magenta})), (frozenset({blue, magenta}), frozenset({yellow}))) x 0: 1.0, ((frozenset({green, magenta}), frozenset({blue})), (frozenset({yellow}), frozenset({blue}))) x 0: 1.0, ((-42, frozenset()), (frozenset({magenta}), frozenset({green, blue, , yellow}))) x 60: 0.25, ((frozenset({green, blue}), frozenset({yellow})), (frozenset({green}), frozenset({yellow}))) x 0: 1.0, ((frozenset({green, yellow}), frozenset({blue})), (frozenset({yellow}), frozenset({magenta}))) x 0: 1.0, ((frozenset({blue}), frozenset({green, yellow})), (frozenset({green}), frozenset({yellow}))) x 0: 0.0, ((frozenset({green}), frozenset({magenta})), (frozenset({green, yellow}), frozenset({blue, magenta}))) x 0: 1.0, ((frozenset({green}), frozenset({magenta})), (frozenset({green}), frozenset({yellow}))) x 0: 1.0, ((frozenset({green, yellow}), frozenset({blue})), (frozenset({blue, yellow}), frozenset({magenta}))) x 0: 1.0, ((frozenset({blue, yellow}), frozenset({green})), (frozenset({green, magenta}), frozenset())) x 0: 1.0, ((frozenset({magenta}), frozenset({green, yellow})), (frozenset({blue}), frozenset({green}))) x 0: 1.0, ((frozenset({blue}), frozenset({magenta})), (frozenset({blue, yellow}), frozenset({green}))) x 0: 1.0, ((frozenset({green, blue}), frozenset({magenta})), (frozenset({yellow}), frozenset({magenta}))) x 0: 0.0, ((frozenset({blue, yellow}), frozenset({magenta})), (frozenset({blue}), frozenset({green}))) x 0: 1.0, ((frozenset({blue, magenta}), frozenset({yellow})), (frozenset({magenta}), frozenset({green, yellow}))) x 0: 1.0, ((frozenset({magenta, yellow}), frozenset({green, blue})), (frozenset({magenta}), frozenset({blue}))) x 0: 1.0, ((frozenset({magenta}), frozenset({yellow})), (frozenset({magenta, yellow}), frozenset({green, blue}))) x 0: 1.0, ((frozenset({blue}), frozenset({yellow})), (frozenset({blue, yellow}), frozenset({magenta}))) x 0: 1.0, ((frozenset({yellow}), frozenset({green, magenta})), (frozenset({blue, yellow}), frozenset({green, magenta}))) x 0: 1.0, ((frozenset({blue, yellow}), frozenset({green})), (frozenset({green}), frozenset({magenta}))) x 0: 1.0, ((frozenset({blue}), frozenset({green})), (frozenset({blue}), frozenset({green, yellow}))) x 0: 1.0, ((frozenset({yellow}), frozenset({blue})), (frozenset({green, magenta}), frozenset({blue}))) x 0: 1.0, ((frozenset({yellow}), frozenset({green, blue})), (frozenset({magenta}), frozenset({green, blue}))) x 0: 0.0, ((frozenset({blue, magenta}), frozenset({green, yellow})), (frozenset({green}), frozenset({yellow}))) x 0: 1.0, ((frozenset({yellow}), frozenset({blue})), (frozenset({green, yellow}), frozenset({blue}))) x 0: 1.0, ((frozenset({blue, yellow}), frozenset({magenta})), (frozenset({magenta}), frozenset({green}))) x 0: 1.0, ((frozenset({magenta, yellow}), frozenset({green})), (frozenset({green}), frozenset({blue}))) x 0: 1.0, ((frozenset({green, yellow}), frozenset({blue, magenta})), (frozenset({green}), frozenset({blue}))) x 0: 1.0, ((frozenset({blue, yellow}), frozenset({magenta})), (frozenset({blue}), frozenset({green, magenta}))) x 0: 1.0, ((frozenset({magenta, yellow}), frozenset({green})), (frozenset({blue, magenta}), frozenset({green}))) x 0: 1.0, ((frozenset({yellow}), frozenset({blue, magenta})), (frozenset({green}), frozenset({blue}))) x 0: 1.0, ((frozenset({green}), frozenset({blue, magenta})), (frozenset({green}), frozenset({magenta, yellow}))) x 0: 0.0, ((frozenset({yellow}), frozenset({magenta})), (frozenset({magenta, yellow}), frozenset({green}))) x 0: 1.0, ((frozenset({blue, yellow}), frozenset({green, magenta})), (frozenset({blue, magenta}), frozenset({green}))) x 0: 1.0, ((frozenset({magenta}), frozenset({blue, yellow})), (frozenset({magenta}), frozenset({blue}))) x 0: 1.0, ((frozenset({blue, yellow}), frozenset({green, magenta})), (frozenset({blue}), frozenset({green, magenta}))) x 0: 1.0, ((frozenset({blue}), frozenset({magenta})), (frozenset({magenta}), frozenset({green, yellow}))) x 0: 0.0, ((frozenset({blue, magenta}), frozenset({green})), (frozenset({green, blue}), frozenset({yellow}))) x 0: 1.0, ((frozenset({blue, magenta}), frozenset({yellow})), (frozenset({green}), frozenset({yellow}))) x 0: 0.5, ((frozenset({green, blue}), frozenset({yellow})), (frozenset({yellow}), frozenset({magenta}))) x 0: 0.0, ((frozenset({yellow}), frozenset({blue, magenta})), (frozenset({blue, magenta}), frozenset({green}))) x 0: 1.0, ((frozenset({green, magenta}), frozenset({blue, yellow})), (frozenset({green, magenta}), frozenset({yellow}))) x 0: 1.0, ((frozenset({yellow}), frozenset({magenta})), (frozenset({blue, magenta}), frozenset({green}))) x 0: 1.0, ((frozenset({yellow}), frozenset({green})), (frozenset({green}), frozenset({blue, magenta}))) x 0: 0.0, ((frozenset({magenta, yellow}), frozenset({green, blue})), (frozenset({yellow}), frozenset({green}))) x 0: 1.0, ((frozenset({green}), frozenset({magenta, yellow})), (frozenset({yellow}), frozenset({blue, magenta}))) x 0: 0.0, ((frozenset({green}), frozenset({blue, yellow})), (frozenset({green, magenta}), frozenset({blue}))) x 0: 1.0, ((-42, frozenset({yellow})), (frozenset({blue}), frozenset({green, magenta, , yellow}))) x 60: 1.0, ((frozenset({blue, yellow}), frozenset({green, magenta})), (frozenset({yellow}), frozenset({green, magenta}))) x 0: 0.0, ((frozenset({magenta}), frozenset({blue, yellow})), (frozenset({magenta, yellow}), frozenset({green, blue}))) x 0: 1.0, ((-42, frozenset({blue})), (frozenset({magenta}), frozenset({green, blue, , yellow}))) x 60: 0.0, ((frozenset({blue, yellow}), frozenset({magenta})), (frozenset({green}), frozenset({magenta}))) x 0: 1.0, ((frozenset({magenta}), frozenset({green, yellow})), (frozenset({yellow}), frozenset({green, blue}))) x 0: 1.0, ((frozenset({magenta, yellow}), frozenset({green, blue})), (frozenset({blue}), frozenset({green}))) x 0: 1.0, ((frozenset({yellow}), frozenset({blue, magenta})), (frozenset({green, blue}), frozenset({magenta}))) x 0: 1.0, ((frozenset({magenta}), frozenset({green, yellow})), (frozenset({magenta, yellow}), frozenset({green, blue}))) x 0: 1.0}",1.6870680153369904,0.058455797623704515,4915200,322.62311557788945,232.55425404346025,0.017041177285136655,0:12:22,0.5979899497487438,0.756344009829869,114.19161851523431,0.7638190954773869,0.4247346052083506,0.5753176752477884,0.009048980587976985,0.1457286432160804,0.35283396344807955
0.4038396546667627,0.0034514620757005,"{((-42, frozenset({magenta})), (frozenset({green}), frozenset({blue, magenta, , yellow}))) x 60: 1.0, ((frozenset({magenta, yellow}), frozenset({green, blue})), (frozenset({green, yellow}), frozenset({blue}))) x 0: 1.0, ((-42, frozenset({yellow})), (frozenset({green}), frozenset({blue, magenta, , yellow}))) x 60: 1.0, ((frozenset({blue}), frozenset({magenta, yellow})), (frozenset({green, yellow}), frozenset({magenta}))) x 0: 1.0, ((-42, frozenset()), (frozenset({magenta}), frozenset({green, blue, , yellow}))) x 60: 0.14285714285714285, ((frozenset({yellow}), frozenset({green})), (frozenset({green, magenta}), frozenset({blue}))) x 0: 1.0, ((frozenset({green, blue}), frozenset({magenta, yellow})), (frozenset({blue, yellow}), frozenset({magenta}))) x 0: 0.6666666666666666, ((frozenset({magenta}), frozenset({yellow})), (frozenset({green, blue}), frozenset({yellow}))) x 0: 1.0, ((frozenset({yellow}), frozenset({magenta})), (frozenset({yellow}), frozenset({green}))) x 0: 1.0, ((frozenset({yellow}), frozenset({green, magenta})), (frozenset({blue, yellow}), frozenset({magenta}))) x 0: 1.0, ((frozenset({yellow}), frozenset({magenta})), (frozenset({magenta}), frozenset({green}))) x 0: 1.0, ((frozenset({green, magenta}), frozenset({yellow})), (frozenset({green, blue}), frozenset({yellow}))) x 0: 1.0, ((-42, frozenset()), (frozenset({blue}), frozenset({green, magenta, , yellow}))) x 60: 0.3333333333333333, ((frozenset({magenta}), frozenset({blue, yellow})), (frozenset({blue, yellow}), frozenset({green}))) x 0: 1.0, ((-42, frozenset({blue})), (frozenset({magenta}), frozenset({green, blue, , yellow}))) x 60: 0.5714285714285714, ((-42, frozenset({blue})), (frozenset({yellow}), frozenset({green, blue, magenta, }))) x 60: 0.0, ((frozenset({blue, yellow}), frozenset({magenta})), (frozenset({green}), frozenset({magenta}))) x 0: 1.0, ((frozenset({yellow}), frozenset({magenta})), (frozenset({blue}), frozenset({green, magenta}))) x 0: 1.0, ((frozenset({green}), frozenset({blue})), (frozenset({blue}), frozenset({magenta, yellow}))) x 0: 0.0, ((frozenset({green, magenta}), frozenset({blue, yellow})), (frozenset({green, magenta}), frozenset({blue, yellow}))) x 0: 0.0, ((frozenset({blue, yellow}), frozenset({green, magenta})), (frozenset({blue}), frozenset({green}))) x 0: 1.0, ((frozenset({blue}), frozenset({magenta})), (frozenset({blue, yellow}), frozenset({magenta}))) x 0: 1.0, ((frozenset({blue, yellow}), frozenset({green, magenta})), (frozenset({magenta, yellow}), frozenset({green}))) x 0: 1.0, ((frozenset({blue}), frozenset({green})), (frozenset({green}), frozenset({magenta}))) x 0: 1.0, ((frozenset({blue, magenta}), frozenset({green, yellow})), (frozenset({magenta, yellow}), frozenset({green}))) x 0: 1.0, ((frozenset({yellow}), frozenset({magenta})), (frozenset({blue, yellow}), frozenset({green, magenta}))) x 0: 1.0, ((frozenset({blue}), frozenset({magenta})), (frozenset({yellow}), frozenset({green, magenta}))) x 0: 1.0, ((frozenset({green, blue}), frozenset({magenta, yellow})), (frozenset({blue, magenta}), frozenset({yellow}))) x 0: 1.0, ((frozenset({magenta, yellow}), frozenset({blue})), (frozenset({green, magenta}), frozenset({blue}))) x 0: 0.5, ((frozenset({magenta}), frozenset({green, yellow})), (frozenset({blue}), frozenset({green, yellow}))) x 0: 0.0, ((-42, frozenset({yellow})), (frozenset({blue}), frozenset({green, magenta, , yellow}))) x 60: 0.0, ((frozenset({green, blue}), frozenset({yellow})), (frozenset({green}), frozenset({magenta, yellow}))) x 0: 1.0, ((frozenset({green, yellow}), frozenset({blue})), (frozenset({magenta, yellow}), frozenset({blue}))) x 0: 1.0, ((-42, frozenset({green})), (frozenset({blue}), frozenset({green, magenta, , yellow}))) x 60: 1.0, ((frozenset({magenta}), frozenset({green, yellow})), (frozenset({blue, magenta}), frozenset({yellow}))) x 0: 1.0, ((frozenset({green, magenta}), frozenset({yellow})), (frozenset({blue, magenta}), frozenset({yellow}))) x 0: 1.0, ((frozenset({blue, magenta}), frozenset({green})), (frozenset({blue, yellow}), frozenset({green}))) x 0: 1.0, ((frozenset({green, blue}), frozenset({magenta})), (frozenset({green, blue}), frozenset({magenta, yellow}))) x 0: 1.0, ((frozenset({magenta}), frozenset({blue})), (frozenset({green, blue}), frozenset({yellow}))) x 0: 1.0, ((frozenset({green, blue}), frozenset({magenta, yellow})), (frozenset({magenta, yellow}), frozenset())) x 0: 1.0, ((frozenset({green, yellow}), frozenset({blue, magenta})), (frozenset({green, magenta}), frozenset({blue}))) x 0: 1.0, ((frozenset({blue}), frozenset({green})), (frozenset({blue, magenta}), frozenset({green}))) x 0: 1.0, ((frozenset({magenta}), frozenset({green, blue})), (frozenset({green}), frozenset({yellow}))) x 0: 1.0, ((frozenset({blue}), frozenset({yellow})), (frozenset({blue}), frozenset({magenta, yellow}))) x 0: 1.0, ((-42, frozenset()), (frozenset({green}), frozenset({blue, magenta, , yellow}))) x 60: 1.0, ((frozenset({green, yellow}), frozenset({blue})), (frozenset({green, yellow}), frozenset({blue, magenta}))) x 0: 1.0, ((frozenset({yellow}), frozenset({blue, magenta})), (frozenset({blue, yellow}), frozenset({green, magenta}))) x 0: 0.0, ((frozenset({yellow}), frozenset({magenta})), (frozenset({magenta}), frozenset({blue}))) x 0: 1.0, ((frozenset({blue, yellow}), frozenset({magenta})), (frozenset({magenta}), frozenset({green}))) x 0: 1.0, ((frozenset({magenta}), frozenset({yellow})), (frozenset({green, yellow}), frozenset({blue}))) x 0: 1.0, ((frozenset({blue, magenta}), frozenset({green, yellow})), (frozenset({magenta}), frozenset({green}))) x 0: 1.0, ((frozenset({blue}), frozenset({green, magenta})), (frozenset({blue}), frozenset({magenta}))) x 0: 0.0, ((frozenset({magenta}), frozenset({blue})), (frozenset({green, magenta}), frozenset({blue, yellow}))) x 0: 0.0, ((frozenset({green, blue}), frozenset({magenta})), (frozenset({blue}), frozenset({magenta, yellow}))) x 0: 1.0, ((frozenset({green}), frozenset({blue, magenta})), (frozenset({blue}), frozenset({magenta, yellow}))) x 0: 1.0, ((frozenset({green, yellow}), frozenset({blue, magenta})), (frozenset({magenta}), frozenset({blue}))) x 0: 1.0, ((frozenset({blue}), frozenset({magenta, yellow})), (frozenset({magenta}), frozenset({yellow}))) x 0: 1.0, ((frozenset({green, magenta}), frozenset({blue, yellow})), (frozenset({green, magenta}), frozenset({blue}))) x 0: 1.0, ((frozenset({green, blue}), frozenset({magenta, yellow})), (frozenset({yellow}), frozenset({magenta}))) x 0: 0.75, ((frozenset({blue}), frozenset({magenta, yellow})), (frozenset({magenta}), frozenset({green, yellow}))) x 0: 1.0, ((frozenset({green}), frozenset({yellow})), (frozenset({magenta}), frozenset({blue, yellow}))) x 0: 1.0, ((frozenset({yellow}), frozenset({blue})), (frozenset({green, blue}), frozenset({magenta}))) x 0: 1.0, ((frozenset({green, magenta}), frozenset({blue, yellow})), (frozenset({magenta}), frozenset({blue, yellow}))) x 0: 1.0, ((frozenset({yellow}), frozenset({green})), (frozenset({green}), frozenset({magenta}))) x 0: 1.0, ((frozenset({blue}), frozenset({yellow})), (frozenset({green, yellow}), frozenset({magenta}))) x 0: 0.5, ((frozenset({green, magenta}), frozenset({blue})), (frozenset({magenta, yellow}), frozenset({blue}))) x 0: 1.0, ((frozenset({green}), frozenset({blue, yellow})), (frozenset({blue, yellow}), frozenset({magenta}))) x 0: 1.0, ((frozenset({green, blue}), frozenset({magenta})), (frozenset({yellow}), frozenset({magenta}))) x 0: 1.0, ((-42, frozenset({green})), (frozenset({magenta}), frozenset({green, blue, , yellow}))) x 60: 1.0, ((frozenset({green, yellow}), frozenset({blue})), (frozenset({yellow}), frozenset({blue, magenta}))) x 0: 0.0, ((frozenset({blue}), frozenset({green})), (frozenset({green, magenta}), frozenset({yellow}))) x 0: 1.0, ((frozenset({magenta}), frozenset({blue, yellow})), (frozenset({blue}), frozenset({yellow}))) x 0: 1.0, ((frozenset({blue, yellow}), frozenset({green})), (frozenset({green, yellow}), frozenset({magenta}))) x 0: 1.0, ((frozenset({yellow}), frozenset({magenta})), (frozenset({green, magenta}), frozenset({blue}))) x 0: 0.0, ((frozenset({blue}), frozenset({magenta, yellow})), (frozenset({green, magenta}), frozenset({yellow}))) x 0: 1.0, ((frozenset({blue, yellow}), frozenset({green, magenta})), (frozenset({yellow}), frozenset({green}))) x 0: 1.0, ((frozenset({green}), frozenset({blue, yellow})), (frozenset({magenta, yellow}), frozenset({blue}))) x 0: 1.0, ((frozenset({blue, magenta}), frozenset({green, yellow})), (frozenset({magenta}), frozenset({yellow}))) x 0: 1.0, ((frozenset({magenta, yellow}), frozenset({green, blue})), (frozenset({green}), frozenset({blue}))) x 0: 0.75, ((frozenset({blue}), frozenset({yellow})), (frozenset({green, blue}), frozenset({magenta, yellow}))) x 0: 1.0, ((frozenset({green}), frozenset({magenta})), (frozenset({green, blue}), frozenset({magenta, yellow}))) x 0: 1.0, ((frozenset({magenta}), frozenset({blue, yellow})), (frozenset({magenta}), frozenset({blue, yellow}))) x 0: 1.0, ((frozenset({blue, magenta}), frozenset({green, yellow})), (frozenset({yellow}), frozenset({green}))) x 0: 1.0, ((frozenset({blue, yellow}), frozenset({green})), (frozenset({yellow}), frozenset({green, magenta}))) x 0: 1.0, ((frozenset({green}), frozenset({blue, magenta})), (frozenset({green}), frozenset({blue}))) x 0: 0.0, ((frozenset({magenta}), frozenset({blue, yellow})), (frozenset({yellow}), frozenset({green, blue}))) x 0: 1.0, ((frozenset({green}), frozenset({blue})), (frozenset({blue}), frozenset({yellow}))) x 0: 1.0, ((frozenset({blue, magenta}), frozenset({yellow})), (frozenset({green, magenta}), frozenset({yellow}))) x 0: 1.0, ((frozenset({magenta}), frozenset({green, blue})), (frozenset({blue, yellow}), frozenset({green}))) x 0: 1.0, ((frozenset({blue, magenta}), frozenset({green, yellow})), (frozenset({green, yellow}), frozenset())) x 0: 1.0, ((frozenset({green}), frozenset({blue, magenta})), (frozenset({blue}), frozenset({magenta}))) x 0: 1.0, ((frozenset({green}), frozenset({blue, yellow})), (frozenset({magenta}), frozenset({yellow}))) x 0: 1.0, ((frozenset({blue}), frozenset({magenta})), (frozenset({blue}), frozenset({magenta, yellow}))) x 0: 1.0, ((frozenset({green, magenta}), frozenset({blue, yellow})), (frozenset({blue}), frozenset({yellow}))) x 0: 1.0, ((frozenset({magenta}), frozenset({blue, yellow})), (frozenset({magenta, yellow}), frozenset({green}))) x 0: 1.0, ((frozenset({green, magenta}), frozenset({blue, yellow})), (frozenset({green}), frozenset({blue, yellow}))) x 0: 1.0, ((frozenset({green, blue}), frozenset({magenta})), (frozenset({blue, magenta}), frozenset({yellow}))) x 0: 1.0, ((frozenset({green, magenta}), frozenset({yellow})), (frozenset({blue}), frozenset({yellow}))) x 0: 1.0, ((frozenset({green, magenta}), frozenset({yellow})), (frozenset({green}), frozenset({blue, yellow}))) x 0: 1.0, ((frozenset({magenta, yellow}), frozenset({green, blue})), (frozenset({green, magenta}), frozenset({blue}))) x 0: 1.0, ((frozenset({green, blue}), frozenset({magenta, yellow})), (frozenset({blue}), frozenset({magenta}))) x 0: 1.0, ((frozenset({green, magenta}), frozenset({blue, yellow})), (frozenset({magenta, yellow}), frozenset({blue}))) x 0: 1.0, ((frozenset({blue, magenta}), frozenset({green, yellow})), (frozenset({green}), frozenset({yellow}))) x 0: 1.0, ((frozenset({magenta}), frozenset({blue})), (frozenset({yellow}), frozenset({green, blue}))) x 0: 1.0, ((frozenset({green, blue}), frozenset({magenta, yellow})), (frozenset({blue}), frozenset({magenta, yellow}))) x 0: 1.0, ((frozenset({yellow}), frozenset({green, blue})), (frozenset({blue}), frozenset({magenta}))) x 0: 0.0, ((frozenset({blue}), frozenset({magenta})), (frozenset({magenta}), frozenset({green}))) x 0: 1.0, ((frozenset({yellow}), frozenset({magenta})), (frozenset({blue}), frozenset({green}))) x 0: 1.0, ((frozenset({blue, magenta}), frozenset({yellow})), (frozenset({blue, magenta}), frozenset({yellow}))) x 0: 1.0, ((frozenset({yellow}), frozenset({blue})), (frozenset({yellow}), frozenset({green, magenta}))) x 0: 1.0, ((-42, frozenset({magenta})), (frozenset({yellow}), frozenset({green, blue, magenta, }))) x 60: 0.0, ((frozenset({blue}), frozenset({green, yellow})), (frozenset({magenta}), frozenset({green, yellow}))) x 0: 1.0, ((frozenset({green}), frozenset({blue, yellow})), (frozenset({green, magenta}), frozenset({blue, yellow}))) x 0: 1.0, ((frozenset({blue, yellow}), frozenset({green, magenta})), (frozenset({yellow}), frozenset({green, magenta}))) x 0: 1.0, ((frozenset({green, magenta}), frozenset({blue, yellow})), (frozenset({green, yellow}), frozenset({blue}))) x 0: 1.0, ((frozenset({green}), frozenset({blue})), (frozenset({green, magenta}), frozenset({yellow}))) x 0: 1.0, ((-42, frozenset({magenta})), (frozenset({blue}), frozenset({green, magenta, , yellow}))) x 60: 0.0, ((frozenset({magenta, yellow}), frozenset({blue})), (frozenset({blue}), frozenset({green}))) x 0: 1.0, ((frozenset({magenta}), frozenset({green, yellow})), (frozenset({blue, yellow}), frozenset({green}))) x 0: 1.0, ((frozenset({green, yellow}), frozenset({blue})), (frozenset({yellow}), frozenset({magenta}))) x 0: 0.0, ((frozenset({yellow}), frozenset({green})), (frozenset({blue}), frozenset({magenta}))) x 0: 1.0, ((frozenset({green}), frozenset({magenta})), (frozenset({yellow}), frozenset({blue}))) x 0: 1.0, ((frozenset({magenta, yellow}), frozenset({blue})), (frozenset({yellow}), frozenset({green}))) x 0: 1.0, ((frozenset({green}), frozenset({magenta, yellow})), (frozenset({green, yellow}), frozenset({blue, magenta}))) x 0: 1.0, ((frozenset({magenta}), frozenset({blue, yellow})), (frozenset({blue}), frozenset({green, yellow}))) x 0: 1.0, ((-42, frozenset()), (frozenset({yellow}), frozenset({green, blue, magenta, }))) x 60: 0.0, ((-42, frozenset({blue})), (frozenset({green}), frozenset({blue, magenta, , yellow}))) x 60: 1.0, ((frozenset({blue}), frozenset({green})), (frozenset({yellow}), frozenset({green}))) x 0: 1.0, ((frozenset({yellow}), frozenset({magenta})), (frozenset({green, blue}), frozenset({magenta}))) x 0: 1.0, ((-42, frozenset({yellow})), (frozenset({magenta}), frozenset({green, blue, , yellow}))) x 60: 0.0, ((frozenset({green, magenta}), frozenset({blue, yellow})), (frozenset({green}), frozenset({blue}))) x 0: 1.0, ((frozenset({magenta, yellow}), frozenset({green})), (frozenset({blue}), frozenset({green}))) x 0: 1.0, ((frozenset({green, magenta}), frozenset({blue})), (frozenset({magenta}), frozenset({blue}))) x 0: 0.0, ((frozenset({green, yellow}), frozenset({magenta})), (frozenset({yellow}), frozenset({magenta}))) x 0: 1.0, ((frozenset({blue}), frozenset({green, yellow})), (frozenset({green, magenta}), frozenset({yellow}))) x 0: 1.0, ((frozenset({yellow}), frozenset({magenta})), (frozenset({blue, yellow}), frozenset({green}))) x 0: 1.0, ((frozenset({yellow}), frozenset({magenta})), (frozenset({green, yellow}), frozenset({blue, magenta}))) x 0: 1.0, ((frozenset({yellow}), frozenset({magenta})), (frozenset({blue, yellow}), frozenset({magenta}))) x 0: 1.0, ((frozenset({green}), frozenset({blue})), (frozenset({yellow}), frozenset({blue, magenta}))) x 0: 1.0, ((frozenset({magenta, yellow}), frozenset({green})), (frozenset({yellow}), frozenset({green}))) x 0: 1.0, ((frozenset({yellow}), frozenset({green, magenta})), (frozenset({blue}), frozenset({green}))) x 0: 1.0, ((frozenset({blue}), frozenset({green, yellow})), (frozenset({blue}), frozenset({yellow}))) x 0: 1.0, ((frozenset({green, magenta}), frozenset({blue})), (frozenset({green, blue}), frozenset({yellow}))) x 0: 1.0, ((frozenset({magenta}), frozenset({yellow})), (frozenset({green}), frozenset({blue}))) x 0: 1.0, ((frozenset({magenta, yellow}), frozenset({green, blue})), (frozenset({green, blue}), frozenset())) x 0: 1.0, ((frozenset({green}), frozenset({blue, yellow})), (frozenset({green, blue}), frozenset({magenta, yellow}))) x 0: 1.0, ((frozenset({blue, magenta}), frozenset({yellow})), (frozenset({green, blue}), frozenset({yellow}))) x 0: 1.0, ((frozenset({blue, yellow}), frozenset({green, magenta})), (frozenset({yellow}), frozenset({magenta}))) x 0: 1.0, ((-42, frozenset({green})), (frozenset({yellow}), frozenset({green, blue, magenta, }))) x 60: 1.0, ((frozenset({yellow}), frozenset({green, blue})), (frozenset({green, yellow}), frozenset({blue, magenta}))) x 0: 1.0, ((frozenset({green, yellow}), frozenset({magenta})), (frozenset({blue}), frozenset({magenta}))) x 0: 0.0, ((frozenset({blue, magenta}), frozenset({green, yellow})), (frozenset({blue}), frozenset({green, yellow}))) x 0: 1.0, ((frozenset({magenta, yellow}), frozenset({green, blue})), (frozenset({yellow}), frozenset({blue}))) x 0: 1.0, ((frozenset({yellow}), frozenset({green})), (frozenset({blue, yellow}), frozenset({green, magenta}))) x 0: 1.0, ((frozenset({green, magenta}), frozenset({blue, yellow})), (frozenset({green, blue}), frozenset({yellow}))) x 0: 1.0, ((frozenset({blue}), frozenset({magenta, yellow})), (frozenset({green, blue}), frozenset({magenta, yellow}))) x 0: 1.0, ((frozenset({green, magenta}), frozenset({blue})), (frozenset({green}), frozenset({blue, yellow}))) x 0: 0.0, ((frozenset({magenta}), frozenset({green})), (frozenset({green, yellow}), frozenset({blue}))) x 0: 1.0, ((frozenset({magenta, yellow}), frozenset({green})), (frozenset({green, yellow}), frozenset({blue}))) x 0: 1.0, ((frozenset({blue}), frozenset({green, yellow})), (frozenset({blue, magenta}), frozenset({green}))) x 0: 1.0, ((frozenset({magenta}), frozenset({blue})), (frozenset({blue}), frozenset({green}))) x 0: 1.0}",1.6829125583171844,0.06002174007524809,4980736,305.4516129032258,215.23248326457892,0.014855442277621478,0:02:48,0.6543778801843319,0.7218714190808699,114.4666468156914,0.8018433179723502,0.3986108520793716,0.5925496444106102,0.007791698357323185,0.12903225806451613,0.3352356401746214
0.3083935894665307,0.0025797195074091614,"{((frozenset({green}), frozenset({blue, magenta})), (frozenset({green, yellow}), frozenset({blue}))) x 0: 1.0, ((frozenset({blue, yellow}), frozenset({green, magenta})), (frozenset({blue, yellow}), frozenset({magenta}))) x 0: 0.0, ((-42, frozenset()), (frozenset({magenta}), frozenset({green, blue, , yellow}))) x 60: 0.375, ((-42, frozenset({magenta})), (frozenset({green}), frozenset({blue, magenta, , yellow}))) x 60: 0.5, ((frozenset({yellow}), frozenset({magenta})), (frozenset({yellow}), frozenset({blue}))) x 0: 1.0, ((frozenset({yellow}), frozenset({green})), (frozenset({yellow}), frozenset({magenta}))) x 0: 1.0, ((frozenset({green, magenta}), frozenset({blue, yellow})), (frozenset({magenta}), frozenset({yellow}))) x 0: 1.0, ((frozenset({green, blue}), frozenset({magenta, yellow})), (frozenset({blue}), frozenset({magenta}))) x 0: 0.0, ((frozenset({magenta}), frozenset({green, blue})), (frozenset({green, blue}), frozenset({yellow}))) x 0: 1.0, ((-42, frozenset()), (frozenset({green}), frozenset({blue, magenta, , yellow}))) x 60: 0.5, ((frozenset({yellow}), frozenset({green, blue})), (frozenset({yellow}), frozenset({green, magenta}))) x 0: 1.0, ((frozenset({blue, magenta}), frozenset({green})), (frozenset({magenta}), frozenset({green, yellow}))) x 0: 1.0, ((frozenset({blue, magenta}), frozenset({green, yellow})), (frozenset({yellow}), frozenset({green}))) x 0: 1.0, ((-42, frozenset({yellow})), (frozenset({magenta}), frozenset({green, blue, , yellow}))) x 60: 0.25, ((frozenset({yellow}), frozenset({blue, magenta})), (frozenset({green, magenta}), frozenset({blue}))) x 0: 1.0, ((frozenset({magenta}), frozenset({green, blue})), (frozenset({green, yellow}), frozenset({blue}))) x 0: 1.0, ((frozenset({green, yellow}), frozenset({blue, magenta})), (frozenset({green}), frozenset({magenta}))) x 0: 1.0, ((frozenset({blue, magenta}), frozenset({green, yellow})), (frozenset({green}), frozenset({yellow}))) x 0: 1.0, ((frozenset({green}), frozenset({magenta, yellow})), (frozenset({green}), frozenset({yellow}))) x 0: 1.0, ((frozenset({magenta, yellow}), frozenset({green, blue})), (frozenset({yellow}), frozenset({green, blue}))) x 0: 1.0, ((frozenset({green, yellow}), frozenset({blue, magenta})), (frozenset({magenta}), frozenset({blue}))) x 0: 0.5, ((frozenset({blue, yellow}), frozenset({green})), (frozenset({green}), frozenset({magenta}))) x 0: 0.0, ((frozenset({magenta, yellow}), frozenset({green, blue})), (frozenset({blue, yellow}), frozenset({green}))) x 0: 1.0, ((frozenset({blue}), frozenset({green, yellow})), (frozenset({magenta, yellow}), frozenset({green}))) x 0: 0.0, ((frozenset({yellow}), frozenset({magenta})), (frozenset({blue, magenta}), frozenset({green}))) x 0: 1.0, ((frozenset({green}), frozenset({blue, magenta})), (frozenset({magenta}), frozenset({yellow}))) x 0: 1.0, ((frozenset({green, blue}), frozenset({magenta, yellow})), (frozenset({green, yellow}), frozenset({magenta}))) x 0: 1.0, ((frozenset({magenta}), frozenset({blue})), (frozenset({blue, magenta}), frozenset({green}))) x 0: 1.0, ((frozenset({magenta}), frozenset({blue, yellow})), (frozenset({green, yellow}), frozenset({blue}))) x 0: 1.0, ((frozenset({blue, yellow}), frozenset({green, magenta})), (frozenset({yellow}), frozenset({green, magenta}))) x 0: 1.0, ((frozenset({green}), frozenset({blue})), (frozenset({blue, yellow}), frozenset({magenta}))) x 0: 1.0, ((-42, frozenset({green})), (frozenset({yellow}), frozenset({green, blue, magenta, }))) x 60: 0.0, ((frozenset({green, yellow}), frozenset({blue, magenta})), (frozenset({green}), frozenset({blue, magenta}))) x 0: 1.0, ((frozenset({green, yellow}), frozenset({blue, magenta})), (frozenset({green, blue}), frozenset({magenta}))) x 0: 1.0, ((frozenset({green}), frozenset({blue})), (frozenset({blue, magenta}), frozenset({yellow}))) x 0: 1.0, ((frozenset({green}), frozenset({yellow})), (frozenset({green, blue}), frozenset({magenta, yellow}))) x 0: 1.0, ((frozenset({green, yellow}), frozenset({blue})), (frozenset({magenta, yellow}), frozenset({blue}))) x 0: 1.0, ((frozenset({green}), frozenset({magenta, yellow})), (frozenset({blue, magenta}), frozenset({yellow}))) x 0: 1.0, ((frozenset({blue, yellow}), frozenset({green, magenta})), (frozenset({magenta}), frozenset({green}))) x 0: 0.5, ((frozenset({blue, magenta}), frozenset({green})), (frozenset({yellow}), frozenset({green}))) x 0: 1.0, ((-42, frozenset({blue})), (frozenset({magenta}), frozenset({green, blue, , yellow}))) x 60: 1.0, ((frozenset({magenta}), frozenset({green})), (frozenset({green, magenta}), frozenset({blue, yellow}))) x 0: 1.0, ((frozenset({green, yellow}), frozenset({magenta})), (frozenset({green, yellow}), frozenset({blue, magenta}))) x 0: 1.0, ((frozenset({blue, yellow}), frozenset({magenta})), (frozenset({magenta, yellow}), frozenset({green}))) x 0: 1.0, ((frozenset({magenta, yellow}), frozenset({green})), (frozenset({green, yellow}), frozenset({blue}))) x 0: 1.0, ((frozenset({blue}), frozenset({green})), (frozenset({green, blue}), frozenset({magenta}))) x 0: 1.0, ((frozenset({green}), frozenset({blue, magenta})), (frozenset({blue, magenta}), frozenset({yellow}))) x 0: 1.0, ((frozenset({magenta}), frozenset({blue})), (frozenset({green}), frozenset({yellow}))) x 0: 1.0, ((frozenset({green, blue}), frozenset({magenta, yellow})), (frozenset({green, magenta}), frozenset({yellow}))) x 0: 1.0, ((-42, frozenset()), (frozenset({yellow}), frozenset({green, blue, magenta, }))) x 60: 0.0, ((frozenset({magenta}), frozenset({blue, yellow})), (frozenset({green}), frozenset({blue, yellow}))) x 0: 0.0, ((-42, frozenset({magenta})), (frozenset({yellow}), frozenset({green, blue, magenta, }))) x 60: 0.0, ((frozenset({blue}), frozenset({green, magenta})), (frozenset({yellow}), frozenset({green}))) x 0: 1.0, ((frozenset({green}), frozenset({yellow})), (frozenset({magenta}), frozenset({blue}))) x 0: 1.0, ((frozenset({yellow}), frozenset({blue, magenta})), (frozenset({green}), frozenset({blue, magenta}))) x 0: 1.0, ((frozenset({magenta}), frozenset({green})), (frozenset({blue, magenta}), frozenset({yellow}))) x 0: 1.0, ((-42, frozenset()), (frozenset({blue}), frozenset({green, magenta, , yellow}))) x 60: 0.5, ((frozenset({blue}), frozenset({magenta})), (frozenset({blue, magenta}), frozenset({green, yellow}))) x 0: 1.0, ((frozenset({magenta, yellow}), frozenset({green, blue})), (frozenset({green, magenta}), frozenset({blue}))) x 0: 1.0, ((frozenset({magenta}), frozenset({blue})), (frozenset({green, magenta}), frozenset({blue, yellow}))) x 0: 1.0, ((frozenset({blue, magenta}), frozenset({yellow})), (frozenset({blue}), frozenset({green}))) x 0: 1.0, ((frozenset({blue}), frozenset({green, magenta})), (frozenset({magenta, yellow}), frozenset({green}))) x 0: 0.0, ((frozenset({green}), frozenset({magenta})), (frozenset({yellow}), frozenset({magenta}))) x 0: 1.0, ((frozenset({green, magenta}), frozenset({blue, yellow})), (frozenset({blue}), frozenset({yellow}))) x 0: 1.0, ((frozenset({yellow}), frozenset({blue, magenta})), (frozenset({green}), frozenset({magenta}))) x 0: 1.0, ((frozenset({magenta, yellow}), frozenset({green, blue})), (frozenset({blue, magenta}), frozenset({green}))) x 0: 0.0, ((frozenset({blue, yellow}), frozenset({green})), (frozenset({magenta}), frozenset({green}))) x 0: 1.0, ((frozenset({blue}), frozenset({magenta})), (frozenset({magenta}), frozenset({yellow}))) x 0: 1.0, ((frozenset({green}), frozenset({blue, magenta})), (frozenset({green}), frozenset({magenta, yellow}))) x 0: 1.0, ((-42, frozenset({blue})), (frozenset({yellow}), frozenset({green, blue, magenta, }))) x 60: 0.0, ((frozenset({green}), frozenset({blue})), (frozenset({green, magenta}), frozenset({blue, yellow}))) x 0: 1.0, ((frozenset({green, yellow}), frozenset({blue, magenta})), (frozenset({yellow}), frozenset({blue, magenta}))) x 0: 1.0, ((frozenset({blue}), frozenset({green, magenta})), (frozenset({blue}), frozenset({magenta}))) x 0: 1.0, ((frozenset({green, blue}), frozenset({magenta})), (frozenset({blue}), frozenset({yellow}))) x 0: 1.0, ((frozenset({magenta}), frozenset({green, blue})), (frozenset({magenta, yellow}), frozenset({green, blue}))) x 0: 1.0, ((frozenset({magenta, yellow}), frozenset({green, blue})), (frozenset({blue}), frozenset({green}))) x 0: 1.0, ((frozenset({green}), frozenset({blue, yellow})), (frozenset({magenta, yellow}), frozenset({blue}))) x 0: 1.0, ((frozenset({green}), frozenset({blue, magenta})), (frozenset({magenta, yellow}), frozenset({blue}))) x 0: 1.0, ((frozenset({magenta, yellow}), frozenset({green})), (frozenset({green, magenta}), frozenset({blue}))) x 0: 1.0, ((frozenset({blue}), frozenset({magenta, yellow})), (frozenset({yellow}), frozenset({green, magenta}))) x 0: 0.0, ((frozenset({magenta}), frozenset({green})), (frozenset({blue, magenta}), frozenset({green, yellow}))) x 0: 1.0, ((frozenset({blue, magenta}), frozenset({green, yellow})), (frozenset({blue}), frozenset({green, yellow}))) x 0: 1.0, ((-42, frozenset({yellow})), (frozenset({blue}), frozenset({green, magenta, , yellow}))) x 60: 0.5, ((frozenset({magenta, yellow}), frozenset({blue})), (frozenset({blue}), frozenset({green}))) x 0: 1.0, ((frozenset({yellow}), frozenset({green})), (frozenset({green}), frozenset({blue}))) x 0: 0.0, ((frozenset({yellow}), frozenset({green, magenta})), (frozenset({green, blue}), frozenset({magenta}))) x 0: 1.0, ((frozenset({magenta}), frozenset({green, yellow})), (frozenset({blue}), frozenset({green, yellow}))) x 0: 0.0, ((frozenset({green}), frozenset({magenta, yellow})), (frozenset({yellow}), frozenset({blue, magenta}))) x 0: 1.0, ((frozenset({blue}), frozenset({magenta})), (frozenset({green, magenta}), frozenset({yellow}))) x 0: 1.0, ((frozenset({blue}), frozenset({yellow})), (frozenset({blue}), frozenset({green, yellow}))) x 0: 1.0, ((frozenset({blue}), frozenset({green})), (frozenset({blue}), frozenset({yellow}))) x 0: 1.0, ((frozenset({green}), frozenset({blue, magenta})), (frozenset({green, blue}), frozenset({magenta}))) x 0: 1.0, ((frozenset({magenta, yellow}), frozenset({green, blue})), (frozenset({magenta}), frozenset({green}))) x 0: 1.0, ((frozenset({magenta}), frozenset({blue, yellow})), (frozenset({blue}), frozenset({green, yellow}))) x 0: 1.0, ((frozenset({magenta, yellow}), frozenset({green, blue})), (frozenset({green, yellow}), frozenset({blue}))) x 0: 1.0, ((frozenset({blue}), frozenset({green, yellow})), (frozenset({green}), frozenset({yellow}))) x 0: 1.0, ((frozenset({magenta}), frozenset({blue})), (frozenset({magenta}), frozenset({yellow}))) x 0: 0.0, ((frozenset({blue}), frozenset({yellow})), (frozenset({green, magenta}), frozenset({yellow}))) x 0: 1.0, ((frozenset({magenta, yellow}), frozenset({green, blue})), (frozenset({green, blue}), frozenset())) x 0: 1.0, ((frozenset({yellow}), frozenset({blue})), (frozenset({yellow}), frozenset({green, magenta}))) x 0: 1.0, ((frozenset({magenta}), frozenset({blue})), (frozenset({green}), frozenset({blue}))) x 0: 1.0, ((frozenset({green, yellow}), frozenset({magenta})), (frozenset({green}), frozenset({blue, magenta}))) x 0: 1.0, ((frozenset({green, yellow}), frozenset({blue, magenta})), (frozenset({magenta, yellow}), frozenset({blue}))) x 0: 1.0, ((frozenset({blue, yellow}), frozenset({green})), (frozenset({blue, magenta}), frozenset({green}))) x 0: 1.0, ((frozenset({magenta, yellow}), frozenset({green, blue})), (frozenset({magenta, yellow}), frozenset({green, blue}))) x 0: 0.0, ((frozenset({green, magenta}), frozenset({yellow})), (frozenset({blue}), frozenset({yellow}))) x 0: 1.0, ((frozenset({blue, magenta}), frozenset({yellow})), (frozenset({green}), frozenset({yellow}))) x 0: 1.0, ((frozenset({blue}), frozenset({yellow})), (frozenset({blue, yellow}), frozenset({green, magenta}))) x 0: 1.0, ((frozenset({magenta}), frozenset({blue})), (frozenset({green}), frozenset({blue, yellow}))) x 0: 0.0, ((frozenset({green}), frozenset({blue, magenta})), (frozenset({magenta}), frozenset({blue, yellow}))) x 0: 1.0, ((frozenset({magenta, yellow}), frozenset({green, blue})), (frozenset({green}), frozenset({blue}))) x 0: 1.0, ((frozenset({green}), frozenset({blue})), (frozenset({blue}), frozenset({yellow}))) x 0: 1.0, ((frozenset({magenta}), frozenset({green})), (frozenset({green}), frozenset({blue, yellow}))) x 0: 1.0, ((frozenset({yellow}), frozenset({green, blue})), (frozenset({green}), frozenset({blue}))) x 0: 1.0, ((frozenset({yellow}), frozenset({green})), (frozenset({magenta, yellow}), frozenset({blue}))) x 0: 1.0, ((frozenset({blue}), frozenset({green, yellow})), (frozenset({blue, yellow}), frozenset({green, magenta}))) x 0: 1.0, ((frozenset({yellow}), frozenset({green, blue})), (frozenset({yellow}), frozenset({blue}))) x 0: 1.0, ((frozenset({blue, magenta}), frozenset({yellow})), (frozenset({magenta, yellow}), frozenset({green}))) x 0: 1.0, ((frozenset({blue, magenta}), frozenset({green, yellow})), (frozenset({magenta}), frozenset({green, yellow}))) x 0: 1.0, ((frozenset({blue, yellow}), frozenset({green})), (frozenset({blue, yellow}), frozenset({magenta}))) x 0: 0.0, ((frozenset({blue, yellow}), frozenset({green})), (frozenset({yellow}), frozenset({green}))) x 0: 1.0, ((-42, frozenset({blue})), (frozenset({green}), frozenset({blue, magenta, , yellow}))) x 60: 1.0, ((-42, frozenset({yellow})), (frozenset({green}), frozenset({blue, magenta, , yellow}))) x 60: 0.0, ((frozenset({blue, yellow}), frozenset({green, magenta})), (frozenset({blue}), frozenset({green, magenta}))) x 0: 1.0, ((frozenset({green}), frozenset({blue, magenta})), (frozenset({green}), frozenset({blue, yellow}))) x 0: 1.0, ((frozenset({blue, magenta}), frozenset({yellow})), (frozenset({blue, magenta}), frozenset({green, yellow}))) x 0: 1.0, ((frozenset({magenta}), frozenset({green, yellow})), (frozenset({blue, yellow}), frozenset({green}))) x 0: 1.0, ((frozenset({blue, yellow}), frozenset({magenta})), (frozenset({blue, yellow}), frozenset({magenta}))) x 0: 1.0, ((frozenset({blue, magenta}), frozenset({green})), (frozenset({blue, magenta}), frozenset({green, yellow}))) x 0: 1.0, ((frozenset({blue, magenta}), frozenset({green})), (frozenset({magenta, yellow}), frozenset({green}))) x 0: 1.0, ((-42, frozenset({magenta})), (frozenset({blue}), frozenset({green, magenta, , yellow}))) x 60: 0.0, ((frozenset({blue, yellow}), frozenset({green, magenta})), (frozenset({green, blue}), frozenset({magenta}))) x 0: 0.0, ((frozenset({green}), frozenset({yellow})), (frozenset({blue, yellow}), frozenset({magenta}))) x 0: 0.0, ((frozenset({magenta}), frozenset({blue})), (frozenset({magenta, yellow}), frozenset({green, blue}))) x 0: 1.0, ((frozenset({blue}), frozenset({magenta})), (frozenset({green}), frozenset({magenta, yellow}))) x 0: 1.0, ((frozenset({blue}), frozenset({yellow})), (frozenset({blue, magenta}), frozenset({yellow}))) x 0: 1.0, ((frozenset({magenta, yellow}), frozenset({green})), (frozenset({yellow}), frozenset({green}))) x 0: 1.0, ((frozenset({magenta}), frozenset({yellow})), (frozenset({yellow}), frozenset({blue}))) x 0: 1.0, ((frozenset({green}), frozenset({magenta})), (frozenset({green, yellow}), frozenset({blue, magenta}))) x 0: 1.0, ((frozenset({green, magenta}), frozenset({yellow})), (frozenset({green}), frozenset({yellow}))) x 0: 1.0, ((frozenset({green}), frozenset({blue, magenta})), (frozenset({green, blue}), frozenset({magenta, yellow}))) x 0: 1.0, ((frozenset({green, blue}), frozenset({yellow})), (frozenset({magenta, yellow}), frozenset())) x 0: 1.0, ((frozenset({magenta}), frozenset({green, yellow})), (frozenset({blue}), frozenset({yellow}))) x 0: 1.0, ((frozenset({magenta}), frozenset({green, yellow})), (frozenset({yellow}), frozenset({blue}))) x 0: 1.0, ((frozenset({blue, magenta}), frozenset({yellow})), (frozenset({blue}), frozenset({green, yellow}))) x 0: 1.0, ((frozenset({green, yellow}), frozenset({blue, magenta})), (frozenset({blue, yellow}), frozenset({magenta}))) x 0: 1.0, ((frozenset({yellow}), frozenset({blue, magenta})), (frozenset({green, blue}), frozenset({magenta}))) x 0: 1.0, ((frozenset({blue}), frozenset({green, magenta})), (frozenset({green, magenta}), frozenset({yellow}))) x 0: 0.0}",1.6854833699762821,0.06928377561731525,5046272,318.7512437810945,237.76401991285323,0.02142309589544311,0:00:00,0.527363184079602,0.8106857931171613,111.1122727386915,0.7313432835820896,0.4432609673109701,0.5617348290979862,0.010006819837144576,0.19900497512437812,0.3992517939848534
