adr,arps,avg_goal_success,entropy,grad_norm,num_steps,num_steps_per_episode_mean,num_steps_per_episode_std,policy_loss,remaining,return_per_episode_mean,return_per_episode_std,sps,success_per_episode_mean,success_per_episode_std,value,value_loss,violation_per_episode_mean,violation_per_episode_std
-0.06397431376353249,-0.00031899684919704915,"{((frozenset({green}), frozenset()),) x 0: 0.11764705882352941, ((frozenset({blue}), frozenset()),) x 0: 0.125, ((frozenset({yellow}), frozenset()),) x 0: 0.1, ((frozenset({magenta}), frozenset()),) x 0: 0.125}",1.056646179407835,0.06767307734852528,65536,773.5324675324675,279.08247556347675,0.00568055773692322,23:03:25,-0.24675324675324675,0.6477903331605155,59.447079134822026,0.11688311688311688,0.32128095784033717,0.007204287484455563,0.01468972596921958,0.0,0.0
0.0008428940003696625,0.00012677680404057597,"{((frozenset({yellow}), frozenset()),) x 0: 0.2, ((frozenset({blue}), frozenset()),) x 0: 0.3, ((frozenset({green}), frozenset()),) x 0: 0.15789473684210525, ((frozenset({magenta}), frozenset()),) x 0: 0.2857142857142857}",1.0910514034330845,0.04012887645480645,131072,734.3888888888889,302.0708781595782,0.0013590404532806133,"1 day, 4:02:36",-0.03333333333333333,0.706320670013903,48.22795646358548,0.23333333333333334,0.4229525846816507,0.006788862536268425,0.005817748096887954,0.0,0.0
0.03297447337246495,0.0001934051671129856,"{((frozenset({green}), frozenset()),) x 0: 0.16666666666666666, ((frozenset({yellow}), frozenset()),) x 0: 0.13043478260869565, ((frozenset({magenta}), frozenset()),) x 0: 0.2857142857142857, ((frozenset({blue}), frozenset()),) x 0: 0.18181818181818182}",1.142917275428772,0.030445362237351836,196608,896.6527777777778,201.3770758029588,-5.807932711832109e-05,"1 day, 3:54:27",0.08333333333333333,0.5204164998665332,47.8104430293401,0.18055555555555555,0.3846495117812841,0.029589402489364147,0.002586418057035189,0.0,0.0
0.07799238426859563,0.000493964338170282,"{((frozenset({yellow}), frozenset()),) x 0: 0.15384615384615385, ((frozenset({green}), frozenset()),) x 0: 0.19047619047619047, ((frozenset({magenta}), frozenset()),) x 0: 0.23529411764705882, ((frozenset({blue}), frozenset()),) x 0: 0.1}",1.1905844770371914,0.015964223790203753,262144,902.0845070422536,231.03391291084912,-0.0019441201693553012,"1 day, 2:18:40",0.16901408450704225,0.3747643576239458,50.01942418063322,0.16901408450704225,0.3747643576239458,0.031166054191999137,0.0017027507747116033,0.0,0.0
0.04551808923992767,0.0003176089569096476,"{((frozenset({blue}), frozenset()),) x 0: 0.047619047619047616, ((frozenset({green}), frozenset()),) x 0: 0.13333333333333333, ((frozenset({magenta}), frozenset()),) x 0: 0.25, ((frozenset({yellow}), frozenset()),) x 0: 0.0}",1.25110899284482,0.012887144948102315,327680,948.6176470588235,175.4043253048229,-0.0005500726408627088,"1 day, 3:41:43",0.11764705882352941,0.32218973970892123,46.86224296656334,0.11764705882352941,0.32218973970892123,0.03499725786969066,0.0011032517832063604,0.0,0.0
0.04567779789773495,0.00028152879342380915,"{((frozenset({green}), frozenset()),) x 0: 0.058823529411764705, ((frozenset({blue}), frozenset()),) x 0: 0.2222222222222222, ((frozenset({magenta}), frozenset()),) x 0: 0.1111111111111111, ((frozenset({yellow}), frozenset()),) x 0: 0.16}",1.3205601647496223,0.02038873935165824,393216,946.7971014492754,156.2845398076942,-0.0011197228632227052,18:20:25,0.14492753623188406,0.3520277623620614,69.77303168747122,0.14492753623188406,0.3520277623620614,0.03953132277820259,0.0014106546386756236,0.0,0.0
0.007806985909850403,5.9076540974794544e-05,"{((frozenset({magenta}), frozenset()),) x 0: 0.2777777777777778, ((frozenset({yellow}), frozenset()),) x 0: 0.058823529411764705, ((frozenset({blue}), frozenset()),) x 0: 0.043478260869565216, ((frozenset({green}), frozenset()),) x 0: 0.058823529411764705}",1.4294915534555912,0.021829746080355907,458752,915.8266666666667,194.77634170732566,0.0016514059498149436,20:39:26,0.02666666666666667,0.4312256434345661,61.06602167660513,0.10666666666666667,0.308688984074406,0.04221726849209517,0.0017215310417668661,0.0,0.0
0.06671581828132207,0.00044463420462083597,"{((frozenset({magenta}), frozenset()),) x 0: 0.35294117647058826, ((frozenset({blue}), frozenset()),) x 0: 0.15, ((frozenset({yellow}), frozenset()),) x 0: 0.0, ((frozenset({green}), frozenset()),) x 0: 0.17391304347826086}",1.5057614892721176,0.029181243393520635,524288,905.5833333333334,217.44218580272477,-0.00131410126141418,"1 day, 3:20:53",0.16666666666666666,0.408248290463863,45.46028171327926,0.18055555555555555,0.3846495117812841,0.04720757412724197,0.0017981677301577292,0.0,0.0
0.0671219413592203,0.00043357149843642993,"{((frozenset({yellow}), frozenset()),) x 0: 0.05, ((frozenset({blue}), frozenset()),) x 0: 0.19047619047619047, ((frozenset({magenta}), frozenset()),) x 0: 0.5, ((frozenset({green}), frozenset()),) x 0: 0.10526315789473684}",1.5906685292720795,0.021125801773702324,589824,903.9142857142857,224.82435956332938,-0.0007970728888722078,"1 day, 1:22:38",0.14285714285714285,0.4237827706911808,48.273069684419994,0.17142857142857143,0.3768830273792263,0.0459662846988067,0.001831238143495284,0.0,0.0
0.031125678999892346,0.00018205355317384012,"{((frozenset({green}), frozenset()),) x 0: 0.0625, ((frozenset({yellow}), frozenset()),) x 0: 0.19047619047619047, ((frozenset({magenta}), frozenset()),) x 0: 0.1, ((frozenset({blue}), frozenset()),) x 0: 0.13636363636363635}",1.6337076239287853,0.02521047222557973,655360,957.0434782608696,126.93561471688659,0.0009546969085931778,"1 day, 1:16:58",0.11594202898550725,0.362608579802806,47.73358515487215,0.13043478260869565,0.3367811605397754,0.06901647546328604,0.001378656870656414,0.0,0.0
0.12307863523056937,0.0008736674611264088,"{((frozenset({green}), frozenset()),) x 0: 0.15, ((frozenset({yellow}), frozenset()),) x 0: 0.0, ((frozenset({blue}), frozenset()),) x 0: 0.15, ((frozenset({magenta}), frozenset()),) x 0: 0.6842105263157895}",1.6492164433002472,0.02409796576342897,720896,851.873417721519,287.6782822937961,-0.0021388530258263927,"1 day, 1:07:49",0.24050632911392406,0.42739096243377545,47.29892846287061,0.24050632911392406,0.42739096243377545,0.07099086605012417,0.002052859286777675,0.0,0.0
0.12219411051962534,0.0008170973993563844,"{((frozenset({magenta}), frozenset()),) x 0: 0.7777777777777778, ((frozenset({green}), frozenset()),) x 0: 0.14285714285714285, ((frozenset({yellow}), frozenset()),) x 0: 0.20689655172413793, ((frozenset({blue}), frozenset()),) x 0: 0.25}",1.670431975275278,0.02607694341362936,786432,847.5921052631579,268.4006813090213,-0.002477729400197859,"1 day, 0:18:24",0.27631578947368424,0.4471748807359586,48.1524647854488,0.27631578947368424,0.4471748807359586,0.07053299190010875,0.002218058107246179,0.0,0.0
0.08641399263465022,0.000571293825324482,"{((frozenset({green}), frozenset()),) x 0: 0.18181818181818182, ((frozenset({yellow}), frozenset()),) x 0: 0.0, ((frozenset({blue}), frozenset()),) x 0: 0.23529411764705882, ((frozenset({magenta}), frozenset()),) x 0: 0.6666666666666666}",1.6773770712316036,0.02854320873672829,851968,894.1830985915493,237.56436102630244,-0.0005085992888780311,12:56:20,0.19718309859154928,0.3978717434317052,89.05133674036294,0.19718309859154928,0.3978717434317052,0.06737931084353477,0.001544520509924041,0.0,0.0
0.08360396852026405,0.0006502784224169291,"{((frozenset({blue}), frozenset()),) x 0: 0.3333333333333333, ((frozenset({green}), frozenset()),) x 0: 0.05263157894736842, ((frozenset({magenta}), frozenset()),) x 0: 0.5, ((frozenset({yellow}), frozenset()),) x 0: 0.06666666666666667}",1.6818386800587177,0.023585526663003092,917504,896.6111111111111,243.95773515756753,0.001062493624885974,10:33:00,0.16666666666666666,0.37267799624996495,107.48927784588145,0.16666666666666666,0.37267799624996495,0.07969607319682837,0.0011936791179323336,0.0,0.0
0.15922586685949025,0.00151344178727205,"{((frozenset({yellow}), frozenset()),) x 0: 0.12903225806451613, ((frozenset({blue}), frozenset()),) x 0: 0.3157894736842105, ((frozenset({green}), frozenset()),) x 0: 0.30434782608695654, ((frozenset({magenta}), frozenset()),) x 0: 0.5454545454545454}",1.6785144358873367,0.028674094160057034,983040,816.8928571428571,333.9510235640187,-0.0015660454319004202,9:05:23,0.2619047619047619,0.46596156644716485,122.75457734306337,0.27380952380952384,0.44591240000781057,0.08811945235356688,0.0024277920492750127,0.0,0.0
0.1295168319809996,0.0010106986858097716,"{((frozenset({magenta}), frozenset()),) x 0: 0.25, ((frozenset({yellow}), frozenset()),) x 0: 0.18181818181818182, ((frozenset({green}), frozenset()),) x 0: 0.2777777777777778, ((frozenset({blue}), frozenset()),) x 0: 0.2916666666666667}",1.6811426356434822,0.022461620786196623,1048576,844.8947368421053,294.44307728620964,0.000846960324452084,9:29:56,0.25,0.4330127018922193,115.551036147637,0.25,0.4330127018922193,0.11369985225610435,0.0020335622830316424,0.0,0.0
0.1696281645905961,0.0014648650164152492,"{((frozenset({blue}), frozenset()),) x 0: 0.4074074074074074, ((frozenset({yellow}), frozenset()),) x 0: 0.08695652173913043, ((frozenset({magenta}), frozenset()),) x 0: 0.5625, ((frozenset({green}), frozenset()),) x 0: 0.16666666666666666}",1.6814181469380856,0.03310331312007349,1114112,798.6071428571429,331.67206329147956,-0.0007634822604813962,9:47:56,0.2976190476190476,0.4572110564207505,110.15614887410551,0.2976190476190476,0.4572110564207505,0.10814536456018686,0.002166767113521928,0.0,0.0
0.20848020341950046,0.0018623107702052575,"{((frozenset({green}), frozenset()),) x 0: 0.5416666666666666, ((frozenset({magenta}), frozenset()),) x 0: 0.5555555555555556, ((frozenset({blue}), frozenset()),) x 0: 0.4375, ((frozenset({yellow}), frozenset()),) x 0: 0.1}",1.6814377717673779,0.029740862372481858,1179648,752.4886363636364,348.7600436585102,-0.002692379403015366,9:55:05,0.375,0.4841229182759271,106.99556971598935,0.375,0.4841229182759271,0.1149059901945293,0.0025209419400198385,0.0,0.0
0.2193469843700783,0.0019000171538417236,"{((frozenset({yellow}), frozenset()),) x 0: 0.25, ((frozenset({magenta}), frozenset()),) x 0: 0.5789473684210527, ((frozenset({blue}), frozenset()),) x 0: 0.5625, ((frozenset({green}), frozenset()),) x 0: 0.4375}",1.6789456754922867,0.03428077210104424,1245184,737.3448275862069,345.5905100464502,-0.0028882998140034033,9:50:30,0.41379310344827586,0.4925123054167483,105.9772380957812,0.41379310344827586,0.4925123054167483,0.1285915516782552,0.0027589639903453644,0.0,0.0
0.16963961962307808,0.0014897591992463408,"{((frozenset({yellow}), frozenset()),) x 0: 0.15151515151515152, ((frozenset({blue}), frozenset()),) x 0: 0.5, ((frozenset({magenta}), frozenset()),) x 0: 0.5882352941176471, ((frozenset({green}), frozenset()),) x 0: 0.45}",1.682278286665678,0.028282262012204466,1310720,800.2738095238095,308.73977142071624,-0.0010915497364294424,9:34:07,0.36904761904761907,0.48254686189312485,107.09760196439194,0.36904761904761907,0.48254686189312485,0.13512677885591984,0.0021900937717873603,0.0,0.0
0.149813239341799,0.001395282674867273,"{((frozenset({green}), frozenset()),) x 0: 0.23529411764705882, ((frozenset({magenta}), frozenset()),) x 0: 0.5333333333333333, ((frozenset({yellow}), frozenset()),) x 0: 0.0625, ((frozenset({blue}), frozenset()),) x 0: 0.5384615384615384}",1.6843772642314434,0.02314736732587149,1376256,829.012987012987,318.9581861414787,0.0014044649724382907,8:42:27,0.2727272727272727,0.44536177141512323,115.5973409451891,0.2727272727272727,0.44536177141512323,0.12561477185226977,0.0013464454077620758,0.0,0.0
0.25467469372217305,0.002281757684494079,"{((frozenset({yellow}), frozenset()),) x 0: 0.275, ((frozenset({green}), frozenset()),) x 0: 0.5294117647058824, ((frozenset({magenta}), frozenset()),) x 0: 0.6, ((frozenset({blue}), frozenset()),) x 0: 0.6363636363636364}",1.68745631352067,0.032629887306533246,1441792,702.1789473684211,371.7838641765533,-0.004605608806741657,8:29:25,0.4421052631578947,0.4966368889299136,116.41280090072617,0.4421052631578947,0.4966368889299136,0.11769989342428744,0.0026189940617769025,0.0,0.0
0.2778911799532453,0.0024057412003805905,"{((frozenset({blue}), frozenset()),) x 0: 0.7058823529411765, ((frozenset({green}), frozenset()),) x 0: 0.48, ((frozenset({yellow}), frozenset()),) x 0: 0.12903225806451613, ((frozenset({magenta}), frozenset()),) x 0: 0.7727272727272727}",1.6819143816828728,0.028578288787180155,1507328,672.1263157894737,377.35199934907246,-0.0033073551257984946,8:25:18,0.47368421052631576,0.4993069989739546,115.19918056415268,0.47368421052631576,0.4993069989739546,0.14645000686869025,0.0020517816410574596,0.0,0.0
0.229326583303421,0.002027861165334426,"{((frozenset({magenta}), frozenset()),) x 0: 0.6666666666666666, ((frozenset({yellow}), frozenset()),) x 0: 0.2, ((frozenset({blue}), frozenset()),) x 0: 0.4, ((frozenset({green}), frozenset()),) x 0: 0.65}",1.684690110385418,0.0343459214224396,1572864,729.6521739130435,364.31017108522195,-0.0019082888838966028,8:35:04,0.391304347826087,0.48804226784007926,110.89587520139543,0.391304347826087,0.48804226784007926,0.13640624354593456,0.0019418986594246235,0.0,0.0
0.3296960526448845,0.0031121658155122143,"{((frozenset({green}), frozenset()),) x 0: 0.75, ((frozenset({yellow}), frozenset()),) x 0: 0.3939393939393939, ((frozenset({magenta}), frozenset()),) x 0: 0.6666666666666666, ((frozenset({blue}), frozenset()),) x 0: 0.6944444444444444}",1.6798477582633495,0.038322326773324186,1638400,615.0560747663551,371.6731513508338,-0.004910006537102163,8:34:32,0.6074766355140186,0.48831216738740685,108.88776447771468,0.6074766355140186,0.48831216738740685,0.2047926397062838,0.002875737023714464,0.0,0.0
0.278962358745906,0.0027990437305930468,"{((frozenset({green}), frozenset()),) x 0: 0.5, ((frozenset({yellow}), frozenset()),) x 0: 0.4444444444444444, ((frozenset({blue}), frozenset()),) x 0: 0.45, ((frozenset({magenta}), frozenset()),) x 0: 0.6818181818181818}",1.6800786517560482,0.03261664574425907,1703936,675.1368421052632,370.3965047728211,-0.0021962517203064635,8:41:31,0.5052631578947369,0.4999722984015964,105.33488253328728,0.5052631578947369,0.4999722984015964,0.16706448001787066,0.0026577794924378395,0.0,0.0
0.3374861075586229,0.003135528853288362,"{((frozenset({yellow}), frozenset()),) x 0: 0.3541666666666667, ((frozenset({blue}), frozenset()),) x 0: 0.7741935483870968, ((frozenset({green}), frozenset()),) x 0: 0.65, ((frozenset({magenta}), frozenset()),) x 0: 1.0}",1.6822921633720398,0.032564918713432485,1769472,601.1441441441441,372.7066775773597,-0.006781083386158571,7:27:43,0.5945945945945946,0.4909703276914851,120.25551430012682,0.5945945945945946,0.4909703276914851,0.1786294891498983,0.0022751099968445487,0.0,0.0
0.34408751411803357,0.002999323163234503,"{((frozenset({magenta}), frozenset()),) x 0: 0.8888888888888888, ((frozenset({green}), frozenset()),) x 0: 0.6666666666666666, ((frozenset({blue}), frozenset()),) x 0: 0.5, ((frozenset({yellow}), frozenset()),) x 0: 0.5813953488372093}",1.6760230734944344,0.035099372398580055,1835008,595.1531531531532,366.35767975720756,-0.007641405129106715,7:47:01,0.6396396396396397,0.48010495835943173,112.9489464117619,0.6396396396396397,0.48010495835943173,0.19148582126945257,0.0027763644393417053,0.0,0.0
0.41252503966463605,0.0036888693282226314,"{((frozenset({blue}), frozenset()),) x 0: 0.8181818181818182, ((frozenset({green}), frozenset()),) x 0: 0.9230769230769231, ((frozenset({yellow}), frozenset()),) x 0: 0.5263157894736842, ((frozenset({magenta}), frozenset()),) x 0: 0.85}",1.6754573546350002,0.03418986436772041,1900544,521.0703125,360.9175845932868,-0.012627286720089614,8:15:45,0.7578125,0.42840718346422485,104.19920119491101,0.7578125,0.42840718346422485,0.21245078789070249,0.002793388513964601,0.0,0.0
0.4433338176854837,0.004254130518549983,"{((frozenset({blue}), frozenset()),) x 0: 0.7058823529411765, ((frozenset({green}), frozenset()),) x 0: 0.8571428571428571, ((frozenset({magenta}), frozenset()),) x 0: 0.96, ((frozenset({yellow}), frozenset()),) x 0: 0.6530612244897959}",1.6710044629871845,0.047083755744363354,1966080,485.5367647058824,362.86707394614734,-0.012945416674483567,7:01:53,0.7647058823529411,0.42418250299576343,119.8529823080992,0.7647058823529411,0.42418250299576343,0.22716306243091822,0.0027979548649454955,0.0,0.0
0.4774207404801075,0.004363861816419336,"{((frozenset({green}), frozenset()),) x 0: 0.8461538461538461, ((frozenset({yellow}), frozenset()),) x 0: 0.6136363636363636, ((frozenset({magenta}), frozenset()),) x 0: 0.9459459459459459, ((frozenset({blue}), frozenset()),) x 0: 0.8974358974358975}",1.6637678481638432,0.04074201738980874,2031616,437.1506849315069,332.99395984619815,-0.014003769727423787,7:16:43,0.815068493150685,0.3882419923498189,113.28013363174914,0.815068493150685,0.3882419923498189,0.2748542884364724,0.002878542036341969,0.0,0.0
0.43689266757162937,0.003857498458293762,"{((frozenset({green}), frozenset()),) x 0: 0.875, ((frozenset({magenta}), frozenset()),) x 0: 0.9583333333333334, ((frozenset({yellow}), frozenset()),) x 0: 0.6296296296296297, ((frozenset({blue}), frozenset()),) x 0: 0.8484848484848485}",1.6725511625409126,0.04166957317516196,2097152,466.1048951048951,327.8558167082971,-0.011408670630771667,7:02:22,0.7832167832167832,0.4286890104613735,114.5431169819343,0.7902097902097902,0.4071587867974724,0.2749233040958643,0.00266681508946931,0.0,0.0
0.4955980901179438,0.004751652323665576,"{((frozenset({yellow}), frozenset()),) x 0: 0.6721311475409836, ((frozenset({blue}), frozenset()),) x 0: 0.8974358974358975, ((frozenset({magenta}), frozenset()),) x 0: 1.0, ((frozenset({green}), frozenset()),) x 0: 0.8214285714285714}",1.6700863726437092,0.041777205668188155,2162688,416.06962025316454,330.48190967339616,-0.014104255300480872,6:42:36,0.8164556962025317,0.3871121185664058,117.45648160805848,0.8164556962025317,0.3871121185664058,0.29081867821514606,0.002644491585670039,0.0,0.0
0.501437186146794,0.0044647658570700745,"{((frozenset({magenta}), frozenset()),) x 0: 1.0, ((frozenset({green}), frozenset()),) x 0: 0.9743589743589743, ((frozenset({yellow}), frozenset()),) x 0: 0.7307692307692307, ((frozenset({blue}), frozenset()),) x 0: 0.9411764705882353}",1.6623647324740887,0.04747741875306015,2228224,405.3312101910828,297.2339658033682,-0.014427304617129266,6:54:46,0.89171974522293,0.31073403611848327,111.37486748592282,0.89171974522293,0.31073403611848327,0.3316777488216758,0.0025171602974296547,0.0,0.0
0.5364520586841587,0.004842161473179231,"{((frozenset({green}), frozenset()),) x 0: 0.975609756097561, ((frozenset({yellow}), frozenset()),) x 0: 0.6984126984126984, ((frozenset({blue}), frozenset()),) x 0: 0.9047619047619048, ((frozenset({magenta}), frozenset()),) x 0: 1.0}",1.6547831185162067,0.04246056886620529,2293760,364.0531914893617,294.30805495809767,-0.01574127664207481,4:50:10,0.8723404255319149,0.3337103647097473,155.43410437680438,0.8723404255319149,0.3337103647097473,0.3694704156368971,0.002752620966930408,0.0,0.0
0.5767850679791651,0.0054095046039045365,"{((frozenset({blue}), frozenset()),) x 0: 1.0, ((frozenset({yellow}), frozenset()),) x 0: 0.8571428571428571, ((frozenset({green}), frozenset()),) x 0: 0.9545454545454546, ((frozenset({magenta}), frozenset()),) x 0: 1.0}",1.6570294573903084,0.05235768240199406,2359296,318.3497536945813,247.26918547636748,-0.01850983634358272,4:40:11,0.9408866995073891,0.23583663455341522,157.08015092875044,0.9408866995073891,0.23583663455341522,0.4397672777995467,0.002945617205114104,0.0,0.0
0.37588232880220496,0.0022715112564564606,"{((frozenset({yellow}), frozenset()),) x 0: 0.8571428571428571, ((frozenset({blue}), frozenset()),) x 0: 0.25, ((frozenset({green}), frozenset()),) x 0: 0.75, ((frozenset({magenta}), frozenset()), (frozenset({green}), frozenset())) x 0: 1.0, ((frozenset({magenta}), frozenset()),) x 0: 1.0, ((frozenset({green}), frozenset()), (frozenset({blue}), frozenset())) x 0: 0.9230769230769231, ((frozenset({yellow}), frozenset()), (frozenset({magenta}), frozenset())) x 0: 0.875, ((frozenset({green}), frozenset()), (frozenset({magenta}), frozenset())) x 0: 1.0, ((frozenset({blue}), frozenset()), (frozenset({green}), frozenset())) x 0: 1.0, ((frozenset({blue}), frozenset()), (frozenset({magenta}), frozenset())) x 0: 1.0, ((frozenset({yellow}), frozenset()), (frozenset({green}), frozenset())) x 0: 0.5, ((frozenset({yellow}), frozenset()), (frozenset({blue}), frozenset())) x 0: 0.6666666666666666, ((frozenset({green}), frozenset()), (frozenset({yellow}), frozenset())) x 0: 0.8, ((frozenset({magenta}), frozenset()), (frozenset({blue}), frozenset())) x 0: 1.0, ((frozenset({blue}), frozenset()), (frozenset({yellow}), frozenset())) x 0: 1.0, ((frozenset({magenta}), frozenset()), (frozenset({yellow}), frozenset())) x 0: 1.0}",1.6577569171786308,0.05506815957931643,2424832,527.2459016393443,261.41134319699273,0.001828484375437256,5:00:20,0.8770491803278688,0.32838074793459227,142.9035193896164,0.8770491803278688,0.32838074793459227,0.47649884317070246,0.004501329545746557,0.0,0.0
0.3630230775121405,0.0021731602428262534,"{((frozenset({magenta}), frozenset()), (frozenset({yellow}), frozenset())) x 0: 1.0, ((frozenset({green}), frozenset()), (frozenset({yellow}), frozenset())) x 0: 0.6666666666666666, ((frozenset({yellow}), frozenset()), (frozenset({magenta}), frozenset())) x 0: 0.875, ((frozenset({blue}), frozenset()), (frozenset({yellow}), frozenset())) x 0: 1.0, ((frozenset({magenta}), frozenset()), (frozenset({green}), frozenset())) x 0: 0.8571428571428571, ((frozenset({green}), frozenset()), (frozenset({blue}), frozenset())) x 0: 0.9, ((frozenset({blue}), frozenset()), (frozenset({green}), frozenset())) x 0: 1.0, ((frozenset({yellow}), frozenset()), (frozenset({blue}), frozenset())) x 0: 0.9375, ((frozenset({green}), frozenset()), (frozenset({magenta}), frozenset())) x 0: 0.8333333333333334, ((frozenset({magenta}), frozenset()), (frozenset({blue}), frozenset())) x 0: 1.0, ((frozenset({blue}), frozenset()), (frozenset({magenta}), frozenset())) x 0: 0.9, ((frozenset({yellow}), frozenset()), (frozenset({green}), frozenset())) x 0: 1.0}",1.659303605556488,0.049078778728222416,2490368,538.4180327868852,224.426914612948,0.0014264273686421802,4:50:19,0.9180327868852459,0.27431476279805755,144.07014948073186,0.9180327868852459,0.27431476279805755,0.5132959559559822,0.003336300389491953,0.0,0.0
0.39032148715914755,0.002375228131126947,"{((frozenset({magenta}), frozenset()), (frozenset({green}), frozenset())) x 0: 0.9166666666666666, ((frozenset({magenta}), frozenset()), (frozenset({yellow}), frozenset())) x 0: 0.9, ((frozenset({blue}), frozenset()), (frozenset({magenta}), frozenset())) x 0: 1.0, ((frozenset({green}), frozenset()), (frozenset({yellow}), frozenset())) x 0: 0.65, ((frozenset({yellow}), frozenset()), (frozenset({magenta}), frozenset())) x 0: 0.9, ((frozenset({green}), frozenset()), (frozenset({magenta}), frozenset())) x 0: 1.0, ((frozenset({blue}), frozenset()), (frozenset({green}), frozenset())) x 0: 1.0, ((frozenset({yellow}), frozenset()), (frozenset({green}), frozenset())) x 0: 0.8888888888888888, ((frozenset({magenta}), frozenset()), (frozenset({blue}), frozenset())) x 0: 1.0, ((frozenset({green}), frozenset()), (frozenset({blue}), frozenset())) x 0: 0.9, ((frozenset({blue}), frozenset()), (frozenset({yellow}), frozenset())) x 0: 0.8333333333333334, ((frozenset({yellow}), frozenset()), (frozenset({blue}), frozenset())) x 0: 0.7142857142857143}",1.6588511168956757,0.04424597051889776,2555904,505.68939393939394,255.00279655554337,0.0008694762700542924,4:42:35,0.8787878787878788,0.3263736246748184,144.15182155243008,0.8787878787878788,0.3263736246748184,0.5070796459913254,0.0025827107892837375,0.0,0.0
0.38482111220060194,0.002320837768670849,"{((frozenset({yellow}), frozenset()), (frozenset({blue}), frozenset())) x 0: 0.9, ((frozenset({blue}), frozenset()), (frozenset({magenta}), frozenset())) x 0: 1.0, ((frozenset({green}), frozenset()), (frozenset({blue}), frozenset())) x 0: 0.8571428571428571, ((frozenset({magenta}), frozenset()), (frozenset({blue}), frozenset())) x 0: 1.0, ((frozenset({blue}), frozenset()), (frozenset({green}), frozenset())) x 0: 1.0, ((frozenset({yellow}), frozenset()), (frozenset({magenta}), frozenset())) x 0: 0.9285714285714286, ((frozenset({green}), frozenset()), (frozenset({yellow}), frozenset())) x 0: 0.8, ((frozenset({yellow}), frozenset()), (frozenset({green}), frozenset())) x 0: 0.8333333333333334, ((frozenset({green}), frozenset()), (frozenset({magenta}), frozenset())) x 0: 0.9, ((frozenset({blue}), frozenset()), (frozenset({yellow}), frozenset())) x 0: 0.9375, ((frozenset({magenta}), frozenset()), (frozenset({green}), frozenset())) x 0: 1.0, ((frozenset({magenta}), frozenset()), (frozenset({yellow}), frozenset())) x 0: 1.0}",1.6609546542167664,0.03879726333312417,2621440,509.5234375,224.05868946703137,0.0011137387300550472,4:34:56,0.921875,0.26836818808308854,144.18964942351968,0.921875,0.26836818808308854,0.5375571958720684,0.002299925414263271,0.0,0.0
0.3941018042359748,0.002425481262496797,"{((frozenset({yellow}), frozenset()), (frozenset({magenta}), frozenset())) x 0: 1.0, ((frozenset({green}), frozenset()), (frozenset({blue}), frozenset())) x 0: 0.8571428571428571, ((frozenset({magenta}), frozenset()), (frozenset({yellow}), frozenset())) x 0: 1.0, ((frozenset({yellow}), frozenset()), (frozenset({blue}), frozenset())) x 0: 1.0, ((frozenset({blue}), frozenset()), (frozenset({green}), frozenset())) x 0: 0.9230769230769231, ((frozenset({magenta}), frozenset()), (frozenset({green}), frozenset())) x 0: 1.0, ((frozenset({yellow}), frozenset()), (frozenset({green}), frozenset())) x 0: 0.8666666666666667, ((frozenset({green}), frozenset()), (frozenset({magenta}), frozenset())) x 0: 1.0, ((frozenset({blue}), frozenset()), (frozenset({magenta}), frozenset())) x 0: 0.8125, ((frozenset({blue}), frozenset()), (frozenset({yellow}), frozenset())) x 0: 1.0, ((frozenset({green}), frozenset()), (frozenset({yellow}), frozenset())) x 0: 0.7, ((frozenset({magenta}), frozenset()), (frozenset({blue}), frozenset())) x 0: 1.0}",1.6646185368299484,0.04071309617578257,2686976,494.8496240601504,240.97719282592843,0.0018924177584267454,4:30:45,0.9097744360902256,0.31164483873778503,142.38289494184323,0.9172932330827067,0.275438482466379,0.5275896824896336,0.0020952872873749584,0.0,0.0
0.3242520772279469,0.0019918437527260543,"{((frozenset({yellow}), frozenset()), (frozenset({blue}), frozenset())) x 0: 0.7272727272727273, ((frozenset({green}), frozenset()), (frozenset({magenta}), frozenset())) x 0: 1.0, ((frozenset({yellow}), frozenset()), (frozenset({magenta}), frozenset())) x 0: 0.875, ((frozenset({blue}), frozenset()), (frozenset({green}), frozenset())) x 0: 1.0, ((frozenset({blue}), frozenset()), (frozenset({magenta}), frozenset())) x 0: 0.9090909090909091, ((frozenset({green}), frozenset()), (frozenset({yellow}), frozenset())) x 0: 0.42105263157894735, ((frozenset({magenta}), frozenset()), (frozenset({yellow}), frozenset())) x 0: 1.0, ((frozenset({green}), frozenset()), (frozenset({blue}), frozenset())) x 0: 1.0, ((frozenset({blue}), frozenset()), (frozenset({yellow}), frozenset())) x 0: 0.8, ((frozenset({yellow}), frozenset()), (frozenset({green}), frozenset())) x 0: 0.5, ((frozenset({magenta}), frozenset()), (frozenset({blue}), frozenset())) x 0: 1.0, ((frozenset({magenta}), frozenset()), (frozenset({green}), frozenset())) x 0: 1.0}",1.67507004737854,0.04441413118983196,2752512,593.3396226415094,268.6185092736275,0.004061718438606476,4:21:44,0.8113207547169812,0.3912536104401457,143.11239507287178,0.8113207547169812,0.3912536104401457,0.4643237804993987,0.0015371285371656995,0.0,0.0
0.3785068698595674,0.0022764990691151294,"{((frozenset({yellow}), frozenset()), (frozenset({blue}), frozenset())) x 0: 0.8, ((frozenset({blue}), frozenset()), (frozenset({green}), frozenset())) x 0: 1.0, ((frozenset({green}), frozenset()), (frozenset({yellow}), frozenset())) x 0: 0.7391304347826086, ((frozenset({magenta}), frozenset()), (frozenset({green}), frozenset())) x 0: 0.9230769230769231, ((frozenset({magenta}), frozenset()), (frozenset({yellow}), frozenset())) x 0: 1.0, ((frozenset({yellow}), frozenset()), (frozenset({magenta}), frozenset())) x 0: 0.9, ((frozenset({blue}), frozenset()), (frozenset({magenta}), frozenset())) x 0: 0.9333333333333333, ((frozenset({yellow}), frozenset()), (frozenset({green}), frozenset())) x 0: 1.0, ((frozenset({blue}), frozenset()), (frozenset({yellow}), frozenset())) x 0: 0.7777777777777778, ((frozenset({magenta}), frozenset()), (frozenset({blue}), frozenset())) x 0: 1.0, ((frozenset({green}), frozenset()), (frozenset({blue}), frozenset())) x 0: 0.9230769230769231, ((frozenset({green}), frozenset()), (frozenset({magenta}), frozenset())) x 0: 1.0}",1.6770630218088627,0.03640088573927698,2818048,516.3407407407408,237.88765362582282,0.000321036836339772,4:16:50,0.8888888888888888,0.3142696805273545,141.59299254570473,0.8888888888888888,0.3142696805273545,0.5294088013470173,0.0017389616077707615,0.0,0.0
0.4154128275167932,0.0025668130238241647,"{((frozenset({green}), frozenset()), (frozenset({yellow}), frozenset())) x 0: 0.9375, ((frozenset({yellow}), frozenset()), (frozenset({green}), frozenset())) x 0: 0.7272727272727273, ((frozenset({green}), frozenset()), (frozenset({magenta}), frozenset())) x 0: 1.0, ((frozenset({yellow}), frozenset()), (frozenset({magenta}), frozenset())) x 0: 1.0, ((frozenset({blue}), frozenset()), (frozenset({yellow}), frozenset())) x 0: 0.9166666666666666, ((frozenset({magenta}), frozenset()), (frozenset({yellow}), frozenset())) x 0: 0.8888888888888888, ((frozenset({blue}), frozenset()), (frozenset({magenta}), frozenset())) x 0: 1.0, ((frozenset({blue}), frozenset()), (frozenset({green}), frozenset())) x 0: 0.875, ((frozenset({green}), frozenset()), (frozenset({blue}), frozenset())) x 0: 1.0, ((frozenset({magenta}), frozenset()), (frozenset({blue}), frozenset())) x 0: 1.0, ((frozenset({magenta}), frozenset()), (frozenset({green}), frozenset())) x 0: 0.9090909090909091, ((frozenset({yellow}), frozenset()), (frozenset({blue}), frozenset())) x 0: 0.8888888888888888}",1.6735627688467503,0.03450479308823795,2883584,473.9492753623188,226.00247922404952,0.0003698778900798061,4:06:47,0.9347826086956522,0.24690905851305536,142.92650099301397,0.9347826086956522,0.24690905851305536,0.5511886868625879,0.0011945658443437424,0.0,0.0
0.4260533246296645,0.002606190533711007,"{((frozenset({yellow}), frozenset()), (frozenset({blue}), frozenset())) x 0: 1.0, ((frozenset({blue}), frozenset()), (frozenset({green}), frozenset())) x 0: 1.0, ((frozenset({blue}), frozenset()), (frozenset({magenta}), frozenset())) x 0: 1.0, ((frozenset({magenta}), frozenset()), (frozenset({green}), frozenset())) x 0: 0.9166666666666666, ((frozenset({yellow}), frozenset()), (frozenset({green}), frozenset())) x 0: 1.0, ((frozenset({green}), frozenset()), (frozenset({magenta}), frozenset())) x 0: 0.8333333333333334, ((frozenset({yellow}), frozenset()), (frozenset({magenta}), frozenset())) x 0: 1.0, ((frozenset({blue}), frozenset()), (frozenset({yellow}), frozenset())) x 0: 1.0, ((frozenset({magenta}), frozenset()), (frozenset({blue}), frozenset())) x 0: 1.0, ((frozenset({green}), frozenset()), (frozenset({blue}), frozenset())) x 0: 0.875, ((frozenset({magenta}), frozenset()), (frozenset({yellow}), frozenset())) x 0: 1.0, ((frozenset({green}), frozenset()), (frozenset({yellow}), frozenset())) x 0: 0.6666666666666666}",1.6753603368997574,0.033083855395410644,2949120,458.65,208.21750046525867,-0.0009438701640647196,3:59:59,0.9571428571428572,0.20253495541082608,142.43172223263065,0.9571428571428572,0.20253495541082608,0.5628133192658424,0.0011415891913202358,0.0,0.0
0.42102600795098993,0.00257807802775177,"{((frozenset({blue}), frozenset()), (frozenset({magenta}), frozenset())) x 0: 1.0, ((frozenset({blue}), frozenset()), (frozenset({yellow}), frozenset())) x 0: 0.8333333333333334, ((frozenset({blue}), frozenset()), (frozenset({green}), frozenset())) x 0: 0.8333333333333334, ((frozenset({magenta}), frozenset()), (frozenset({green}), frozenset())) x 0: 1.0, ((frozenset({magenta}), frozenset()), (frozenset({blue}), frozenset())) x 0: 1.0, ((frozenset({green}), frozenset()), (frozenset({blue}), frozenset())) x 0: 1.0, ((frozenset({yellow}), frozenset()), (frozenset({green}), frozenset())) x 0: 1.0, ((frozenset({yellow}), frozenset()), (frozenset({magenta}), frozenset())) x 0: 1.0, ((frozenset({magenta}), frozenset()), (frozenset({yellow}), frozenset())) x 0: 0.8571428571428571, ((frozenset({green}), frozenset()), (frozenset({magenta}), frozenset())) x 0: 1.0, ((frozenset({yellow}), frozenset()), (frozenset({blue}), frozenset())) x 0: 0.8, ((frozenset({green}), frozenset()), (frozenset({yellow}), frozenset())) x 0: 0.8421052631578947}",1.6774777509272099,0.030266931521109278,3014656,465.47857142857146,226.37186435020533,-0.0001590185543136613,3:45:00,0.9285714285714286,0.25753937681885636,147.0567316599241,0.9285714285714286,0.25753937681885636,0.5479762889444828,0.0011590836111281533,0.0,0.0
0.42721544008422674,0.0025670732538540866,"{((frozenset({yellow}), frozenset()), (frozenset({magenta}), frozenset())) x 0: 1.0, ((frozenset({blue}), frozenset()), (frozenset({magenta}), frozenset())) x 0: 1.0, ((frozenset({green}), frozenset()), (frozenset({blue}), frozenset())) x 0: 0.8888888888888888, ((frozenset({green}), frozenset()), (frozenset({yellow}), frozenset())) x 0: 0.9166666666666666, ((frozenset({blue}), frozenset()), (frozenset({green}), frozenset())) x 0: 1.0, ((frozenset({green}), frozenset()), (frozenset({magenta}), frozenset())) x 0: 1.0, ((frozenset({yellow}), frozenset()), (frozenset({green}), frozenset())) x 0: 1.0, ((frozenset({yellow}), frozenset()), (frozenset({blue}), frozenset())) x 0: 0.9565217391304348, ((frozenset({magenta}), frozenset()), (frozenset({yellow}), frozenset())) x 0: 0.9411764705882353, ((frozenset({magenta}), frozenset()), (frozenset({green}), frozenset())) x 0: 1.0, ((frozenset({blue}), frozenset()), (frozenset({yellow}), frozenset())) x 0: 1.0, ((frozenset({magenta}), frozenset()), (frozenset({blue}), frozenset())) x 0: 1.0}",1.677390456199646,0.03143782999017948,3080192,450.97972972972974,180.65610415232177,-0.0021883730723857298,3:41:04,0.972972972972973,0.16216216216216217,144.73162190618592,0.972972972972973,0.16216216216216217,0.582904864102602,0.0009662492066127015,0.0,0.0
0.46800629542822914,0.004484573548891512,"{((frozenset({blue}), frozenset()), (frozenset({yellow}), frozenset())) x 0: 1.0, ((frozenset({yellow}), frozenset()), (frozenset({green}), frozenset())) x 0: 1.0, ((frozenset({magenta}), frozenset()), (frozenset({blue}), frozenset())) x 0: 1.0, ((frozenset({blue}), frozenset()), (frozenset({magenta}), frozenset())) x 0: 1.0, ((frozenset({blue}), frozenset()), (frozenset({green}), frozenset())) x 0: 1.0, ((frozenset({yellow}), frozenset()), (frozenset({blue}), frozenset())) x 0: 1.0, ((frozenset({magenta}), frozenset({blue})),) x 0: 0.8571428571428571, ((frozenset({blue}), frozenset({green})),) x 0: 0.6666666666666666, ((frozenset({green}), frozenset()), (frozenset({yellow}), frozenset())) x 0: 1.0, ((frozenset({yellow}), frozenset({blue})),) x 0: 0.8235294117647058, ((frozenset({magenta}), frozenset({green})),) x 0: 0.84375, ((frozenset({green}), frozenset({magenta})),) x 0: 0.7272727272727273, ((frozenset({magenta}), frozenset()), (frozenset({yellow}), frozenset())) x 0: 1.0, ((frozenset({yellow}), frozenset({magenta})),) x 0: 0.8947368421052632, ((frozenset({blue}), frozenset({magenta})),) x 0: 0.75, ((frozenset({green}), frozenset({blue})),) x 0: 0.8695652173913043, ((frozenset({yellow}), frozenset({green})),) x 0: 0.75, ((frozenset({blue}), frozenset({yellow})),) x 0: 0.9666666666666667, ((frozenset({green}), frozenset({yellow})),) x 0: 0.8888888888888888, ((frozenset({magenta}), frozenset({yellow})),) x 0: 0.9375}",1.6795213408768177,0.06598609404022739,3145728,212.7012578616352,164.34042574183925,0.025818263413384557,3:13:07,0.7012578616352201,0.7106987810646281,160.01930579630474,0.8490566037735849,0.3579936973775524,0.7487159986048937,0.01615962028154172,0.14779874213836477,0.35490037188016854
0.48380243026350117,0.004606088237386185,"{((frozenset({green}), frozenset({magenta})),) x 0: 0.6923076923076923, ((frozenset({yellow}), frozenset({blue})),) x 0: 0.8787878787878788, ((frozenset({green}), frozenset({blue})),) x 0: 0.8709677419354839, ((frozenset({blue}), frozenset({magenta})),) x 0: 0.6333333333333333, ((frozenset({yellow}), frozenset({green})),) x 0: 0.75, ((frozenset({magenta}), frozenset({yellow})),) x 0: 0.84, ((frozenset({yellow}), frozenset({magenta})),) x 0: 0.95, ((frozenset({blue}), frozenset({green})),) x 0: 0.8571428571428571, ((frozenset({magenta}), frozenset({green})),) x 0: 0.9565217391304348, ((frozenset({green}), frozenset({yellow})),) x 0: 0.9444444444444444, ((frozenset({magenta}), frozenset({blue})),) x 0: 0.875, ((frozenset({blue}), frozenset({yellow})),) x 0: 0.875}",1.679203163832426,0.06724364678152853,3211264,209.54807692307693,174.64369660979048,0.027080641477368772,3:06:05,0.7019230769230769,0.6917064697085653,160.19986273037827,0.8365384615384616,0.3697862408274887,0.752377089112997,0.013800934830214828,0.1346153846153846,0.34131229517882405
0.48959001122412515,0.004651019242725821,"{((frozenset({blue}), frozenset({magenta})),) x 0: 0.7878787878787878, ((frozenset({magenta}), frozenset({yellow})),) x 0: 0.8571428571428571, ((frozenset({magenta}), frozenset({green})),) x 0: 0.92, ((frozenset({magenta}), frozenset({blue})),) x 0: 0.9545454545454546, ((frozenset({yellow}), frozenset({green})),) x 0: 0.8181818181818182, ((frozenset({yellow}), frozenset({magenta})),) x 0: 0.9545454545454546, ((frozenset({green}), frozenset({magenta})),) x 0: 0.8125, ((frozenset({green}), frozenset({blue})),) x 0: 0.8, ((frozenset({blue}), frozenset({green})),) x 0: 0.8, ((frozenset({blue}), frozenset({yellow})),) x 0: 0.9375, ((frozenset({green}), frozenset({yellow})),) x 0: 0.8571428571428571, ((frozenset({yellow}), frozenset({blue})),) x 0: 0.78125}",1.679884608834982,0.06431145342619411,3276800,196.63663663663664,139.0598530915409,0.02412368025397882,3:01:35,0.7117117117117117,0.693869171674584,158.15204750404945,0.8498498498498499,0.35721853613724686,0.7483919207006693,0.013066279178019613,0.13813813813813813,0.34504491436603846
0.5608022638704141,0.005385505652517448,"{((frozenset({yellow}), frozenset({green})),) x 0: 0.8387096774193549, ((frozenset({blue}), frozenset({yellow})),) x 0: 0.8695652173913043, ((frozenset({yellow}), frozenset({magenta})),) x 0: 0.9615384615384616, ((frozenset({blue}), frozenset({magenta})),) x 0: 0.8125, ((frozenset({green}), frozenset({yellow})),) x 0: 0.8571428571428571, ((frozenset({green}), frozenset({blue})),) x 0: 0.8888888888888888, ((frozenset({magenta}), frozenset({yellow})),) x 0: 0.9565217391304348, ((frozenset({green}), frozenset({magenta})),) x 0: 0.9024390243902439, ((frozenset({magenta}), frozenset({green})),) x 0: 0.9230769230769231, ((frozenset({magenta}), frozenset({blue})),) x 0: 0.9545454545454546, ((frozenset({blue}), frozenset({green})),) x 0: 0.8571428571428571, ((frozenset({yellow}), frozenset({blue})),) x 0: 0.95}",1.6757147684693336,0.06524561128215711,3342336,191.38823529411764,127.52391647591601,0.012547269754577428,2:55:15,0.8029411764705883,0.5886101746625375,157.6339487497943,0.8970588235294118,0.30388203411429154,0.7391407825052738,0.009632710833102465,0.09411764705882353,0.2919923210821378
0.5301410950444065,0.005224952075524703,"{((frozenset({magenta}), frozenset({blue})),) x 0: 0.92, ((frozenset({blue}), frozenset({magenta})),) x 0: 0.8709677419354839, ((frozenset({blue}), frozenset({yellow})),) x 0: 0.9393939393939394, ((frozenset({yellow}), frozenset({magenta})),) x 0: 0.9615384615384616, ((frozenset({yellow}), frozenset({green})),) x 0: 0.8064516129032258, ((frozenset({blue}), frozenset({green})),) x 0: 0.625, ((frozenset({magenta}), frozenset({yellow})),) x 0: 0.9375, ((frozenset({green}), frozenset({blue})),) x 0: 0.8214285714285714, ((frozenset({magenta}), frozenset({green})),) x 0: 0.9545454545454546, ((frozenset({yellow}), frozenset({blue})),) x 0: 0.8333333333333334, ((frozenset({green}), frozenset({yellow})),) x 0: 0.9761904761904762, ((frozenset({green}), frozenset({magenta})),) x 0: 0.8}",1.6775117740035057,0.0610131229087148,3407872,193.03206997084547,123.79898414724632,0.017189037665957585,2:48:24,0.760932944606414,0.6443214648159136,157.56149330709556,0.8775510204081632,0.32780364090222475,0.7331388220191002,0.009482609137194231,0.11370262390670553,0.31744973968084433
0.5077229842637904,0.004649805451472085,"{((frozenset({magenta}), frozenset({blue})),) x 0: 0.8181818181818182, ((frozenset({magenta}), frozenset({green})),) x 0: 0.9047619047619048, ((frozenset({yellow}), frozenset({magenta})),) x 0: 0.9565217391304348, ((frozenset({yellow}), frozenset({blue})),) x 0: 0.9534883720930233, ((frozenset({green}), frozenset({magenta})),) x 0: 0.8333333333333334, ((frozenset({yellow}), frozenset({green})),) x 0: 0.896551724137931, ((frozenset({blue}), frozenset({green})),) x 0: 0.6923076923076923, ((frozenset({green}), frozenset({blue})),) x 0: 0.84, ((frozenset({blue}), frozenset({yellow})),) x 0: 0.84, ((frozenset({green}), frozenset({yellow})),) x 0: 1.0, ((frozenset({magenta}), frozenset({yellow})),) x 0: 0.9565217391304348, ((frozenset({blue}), frozenset({magenta})),) x 0: 0.8636363636363636}",1.6784047335386276,0.05909583702690294,3473408,202.32075471698113,139.3340775500595,0.016868329723365605,2:40:44,0.7547169811320755,0.6512395643807168,158.27857047853988,0.8742138364779874,0.33160820947079417,0.7117943502962589,0.008706638924195431,0.11949685534591195,0.32437225052144975
0.5492153407812679,0.00555193053175891,"{((frozenset({magenta}), frozenset({blue})),) x 0: 1.0, ((frozenset({yellow}), frozenset({green})),) x 0: 0.9655172413793104, ((frozenset({blue}), frozenset({yellow})),) x 0: 0.9117647058823529, ((frozenset({yellow}), frozenset({blue})),) x 0: 0.9459459459459459, ((frozenset({blue}), frozenset({green})),) x 0: 0.85, ((frozenset({green}), frozenset({yellow})),) x 0: 0.9117647058823529, ((frozenset({magenta}), frozenset({green})),) x 0: 0.8387096774193549, ((frozenset({blue}), frozenset({magenta})),) x 0: 0.78125, ((frozenset({magenta}), frozenset({yellow})),) x 0: 0.8518518518518519, ((frozenset({yellow}), frozenset({magenta})),) x 0: 0.8, ((frozenset({green}), frozenset({magenta})),) x 0: 0.7333333333333333, ((frozenset({green}), frozenset({blue})),) x 0: 1.0}",1.6811432242393494,0.06549936435468753,3538944,182.91232876712328,126.43360046859995,0.01591337184072472,2:35:14,0.7726027397260274,0.6283835043073972,156.85749389709824,0.8821917808219178,0.3223808968784769,0.7336521483957767,0.009452427446376532,0.10684931506849316,0.3089215740894232
0.5364687296211232,0.005043214261185592,"{((frozenset({yellow}), frozenset({blue})),) x 0: 0.8888888888888888, ((frozenset({green}), frozenset({magenta})),) x 0: 0.8974358974358975, ((frozenset({magenta}), frozenset({yellow})),) x 0: 0.9032258064516129, ((frozenset({magenta}), frozenset({blue})),) x 0: 0.9473684210526315, ((frozenset({green}), frozenset({blue})),) x 0: 0.9523809523809523, ((frozenset({yellow}), frozenset({green})),) x 0: 1.0, ((frozenset({blue}), frozenset({magenta})),) x 0: 0.8666666666666667, ((frozenset({blue}), frozenset({yellow})),) x 0: 0.9230769230769231, ((frozenset({magenta}), frozenset({green})),) x 0: 0.9375, ((frozenset({green}), frozenset({yellow})),) x 0: 0.8518518518518519, ((frozenset({yellow}), frozenset({magenta})),) x 0: 0.84, ((frozenset({blue}), frozenset({green})),) x 0: 0.6818181818181818}",1.6859529539942741,0.06047848990552477,3604480,195.4,120.9798601717004,0.01256683940300718,2:28:29,0.7880597014925373,0.6131694971674857,156.64055730581714,0.8925373134328358,0.30970059341714473,0.7280203923583031,0.007927659476990812,0.1044776119402985,0.30587912734207756
0.6101744311351587,0.006128057769146044,"{((frozenset({blue}), frozenset({magenta})),) x 0: 1.0, ((frozenset({blue}), frozenset({green})),) x 0: 0.7727272727272727, ((frozenset({yellow}), frozenset({magenta})),) x 0: 1.0, ((frozenset({green}), frozenset({magenta})),) x 0: 0.9230769230769231, ((frozenset({yellow}), frozenset({blue})),) x 0: 0.9642857142857143, ((frozenset({green}), frozenset({blue})),) x 0: 0.9166666666666666, ((frozenset({green}), frozenset({yellow})),) x 0: 0.9117647058823529, ((frozenset({yellow}), frozenset({green})),) x 0: 0.8846153846153846, ((frozenset({magenta}), frozenset({blue})),) x 0: 0.9393939393939394, ((frozenset({blue}), frozenset({yellow})),) x 0: 0.9230769230769231, ((frozenset({magenta}), frozenset({green})),) x 0: 0.9523809523809523, ((frozenset({magenta}), frozenset({yellow})),) x 0: 0.967741935483871}",1.6819373741745949,0.04930348723178336,3670016,184.21008403361344,109.52342961671235,0.004866821429459378,2:30:39,0.8515406162464986,0.5216104470142007,147.13600578504125,0.9243697478991597,0.2644055919756685,0.7148145250976086,0.00563061362481676,0.07282913165266107,0.25985582393970014
0.5999684162252,0.005828702030848748,"{((frozenset({yellow}), frozenset({green})),) x 0: 0.9333333333333333, ((frozenset({yellow}), frozenset({blue})),) x 0: 0.9393939393939394, ((frozenset({magenta}), frozenset({yellow})),) x 0: 1.0, ((frozenset({blue}), frozenset({green})),) x 0: 0.8, ((frozenset({magenta}), frozenset({blue})),) x 0: 0.8928571428571429, ((frozenset({yellow}), frozenset({magenta})),) x 0: 0.9259259259259259, ((frozenset({blue}), frozenset({magenta})),) x 0: 1.0, ((frozenset({green}), frozenset({yellow})),) x 0: 0.9629629629629629, ((frozenset({magenta}), frozenset({green})),) x 0: 0.9166666666666666, ((frozenset({green}), frozenset({blue})),) x 0: 0.9666666666666667, ((frozenset({green}), frozenset({magenta})),) x 0: 0.88, ((frozenset({blue}), frozenset({yellow})),) x 0: 0.9583333333333334}",1.6812747046351433,0.05356535184486348,3735552,194.3,132.95234165487705,0.004694669385571615,6:58:50,0.8606060606060606,0.49722831408408896,50.31446037581029,0.9242424242424242,0.2646098363117118,0.7300446573644876,0.006061486397811677,0.06363636363636363,0.24410402876541004
0.6153770965528085,0.006010320238179074,"{((frozenset({green}), frozenset({magenta})),) x 0: 0.9615384615384616, ((frozenset({blue}), frozenset({green})),) x 0: 0.9393939393939394, ((frozenset({magenta}), frozenset({green})),) x 0: 0.8888888888888888, ((frozenset({blue}), frozenset({magenta})),) x 0: 0.9130434782608695, ((frozenset({green}), frozenset({yellow})),) x 0: 0.9722222222222222, ((frozenset({magenta}), frozenset({yellow})),) x 0: 0.9090909090909091, ((frozenset({yellow}), frozenset({magenta})),) x 0: 0.9642857142857143, ((frozenset({yellow}), frozenset({blue})),) x 0: 1.0, ((frozenset({green}), frozenset({blue})),) x 0: 0.8846153846153846, ((frozenset({yellow}), frozenset({green})),) x 0: 0.9354838709677419, ((frozenset({magenta}), frozenset({blue})),) x 0: 0.96, ((frozenset({blue}), frozenset({yellow})),) x 0: 0.8709677419354839}",1.6858764663338661,0.05071077430358677,3801088,195.30838323353294,140.06052195376438,0.003875057474942878,6:45:19,0.8772455089820359,0.4705935412250204,49.298137149567346,0.9341317365269461,0.24805167876895778,0.7249286118894815,0.005842201324412599,0.05688622754491018,0.2316250950579813
0.5701484545187308,0.005413974628138151,"{((frozenset({yellow}), frozenset({magenta})),) x 0: 0.8636363636363636, ((frozenset({green}), frozenset({magenta})),) x 0: 0.9523809523809523, ((frozenset({blue}), frozenset({magenta})),) x 0: 0.8888888888888888, ((frozenset({blue}), frozenset({green})),) x 0: 0.8387096774193549, ((frozenset({magenta}), frozenset({blue})),) x 0: 0.9583333333333334, ((frozenset({yellow}), frozenset({green})),) x 0: 1.0, ((frozenset({magenta}), frozenset({green})),) x 0: 0.9523809523809523, ((frozenset({yellow}), frozenset({blue})),) x 0: 0.88, ((frozenset({green}), frozenset({blue})),) x 0: 0.8666666666666667, ((frozenset({green}), frozenset({yellow})),) x 0: 0.96, ((frozenset({magenta}), frozenset({yellow})),) x 0: 0.9743589743589743, ((frozenset({blue}), frozenset({yellow})),) x 0: 0.8823529411764706}",1.686768677085638,0.06158841241341488,3866624,200.88855421686748,134.95082634665357,0.004374102694782778,5:28:51,0.8343373493975904,0.5485153955974547,57.44052887214959,0.9156626506024096,0.2778930745703806,0.7027094475924969,0.0065713976946426556,0.0783132530120482,0.2686638930238284
0.6215915608390502,0.006035828962259297,"{((frozenset({green}), frozenset({blue})),) x 0: 0.9032258064516129, ((frozenset({magenta}), frozenset({green})),) x 0: 0.9230769230769231, ((frozenset({blue}), frozenset({yellow})),) x 0: 0.9411764705882353, ((frozenset({yellow}), frozenset({blue})),) x 0: 1.0, ((frozenset({yellow}), frozenset({green})),) x 0: 1.0, ((frozenset({magenta}), frozenset({yellow})),) x 0: 1.0, ((frozenset({yellow}), frozenset({magenta})),) x 0: 0.9428571428571428, ((frozenset({blue}), frozenset({green})),) x 0: 0.9090909090909091, ((frozenset({blue}), frozenset({magenta})),) x 0: 0.9545454545454546, ((frozenset({green}), frozenset({magenta})),) x 0: 0.8571428571428571, ((frozenset({green}), frozenset({yellow})),) x 0: 0.8787878787878788, ((frozenset({magenta}), frozenset({blue})),) x 0: 0.9523809523809523}",1.6815578676760197,0.04245034076084196,3932160,191.5701754385965,128.7615300666912,0.0009785391885088757,6:15:21,0.8830409356725146,0.46302349045187285,47.415180748086705,0.9385964912280702,0.24006898567375454,0.7155942302197218,0.0048939196349238046,0.05555555555555555,0.2290614236454256
0.6265251689043284,0.006307835386074091,"{((frozenset({green}), frozenset({magenta})),) x 0: 0.925, ((frozenset({magenta}), frozenset({green})),) x 0: 0.96875, ((frozenset({magenta}), frozenset({blue})),) x 0: 0.9333333333333333, ((frozenset({green}), frozenset({yellow})),) x 0: 0.9032258064516129, ((frozenset({yellow}), frozenset({blue})),) x 0: 0.96, ((frozenset({yellow}), frozenset({green})),) x 0: 0.9696969696969697, ((frozenset({blue}), frozenset({magenta})),) x 0: 0.9090909090909091, ((frozenset({yellow}), frozenset({magenta})),) x 0: 1.0, ((frozenset({blue}), frozenset({yellow})),) x 0: 1.0, ((frozenset({blue}), frozenset({green})),) x 0: 0.8974358974358975, ((frozenset({magenta}), frozenset({yellow})),) x 0: 0.8846153846153846, ((frozenset({green}), frozenset({blue})),) x 0: 0.8421052631578947}",1.6867092885077,0.04787266493582411,3997696,178.02981029810297,109.17833887933915,0.0010538576807448408,5:37:11,0.8753387533875339,0.47787238109919705,49.54194143144107,0.9349593495934959,0.24659757541631058,0.734141843393445,0.005471877593663521,0.056910569105691054,0.2316716560776424
0.5903075987078824,0.005867072600751793,"{((frozenset({magenta}), frozenset({yellow})),) x 0: 0.9428571428571428, ((frozenset({blue}), frozenset({yellow})),) x 0: 0.8571428571428571, ((frozenset({green}), frozenset({yellow})),) x 0: 0.9523809523809523, ((frozenset({magenta}), frozenset({green})),) x 0: 0.9615384615384616, ((frozenset({green}), frozenset({blue})),) x 0: 0.8648648648648649, ((frozenset({magenta}), frozenset({blue})),) x 0: 0.8709677419354839, ((frozenset({blue}), frozenset({green})),) x 0: 0.84375, ((frozenset({green}), frozenset({magenta})),) x 0: 0.96, ((frozenset({yellow}), frozenset({blue})),) x 0: 1.0, ((frozenset({blue}), frozenset({magenta})),) x 0: 0.9714285714285714, ((frozenset({yellow}), frozenset({magenta})),) x 0: 0.8333333333333334, ((frozenset({yellow}), frozenset({green})),) x 0: 0.95}",1.6868684962391853,0.05935731906254642,4063232,179.66212534059946,110.8815567539547,0.003934379661586718,5:12:01,0.8392370572207084,0.5412544375311841,50.0363640231436,0.9182561307901907,0.2739741028937203,0.7143139950931072,0.006905034460942261,0.07356948228882834,0.261068982386997
0.6076399216159434,0.006537024665783384,"{((frozenset({green}), frozenset({blue})),) x 0: 0.9743589743589743, ((frozenset({yellow}), frozenset({magenta})),) x 0: 0.9545454545454546, ((frozenset({yellow}), frozenset({green})),) x 0: 0.9354838709677419, ((frozenset({magenta}), frozenset({green})),) x 0: 0.8787878787878788, ((frozenset({green}), frozenset({yellow})),) x 0: 0.9285714285714286, ((frozenset({blue}), frozenset({green})),) x 0: 0.9230769230769231, ((frozenset({magenta}), frozenset({blue})),) x 0: 0.8604651162790697, ((frozenset({magenta}), frozenset({yellow})),) x 0: 0.8571428571428571, ((frozenset({green}), frozenset({magenta})),) x 0: 0.8666666666666667, ((frozenset({blue}), frozenset({yellow})),) x 0: 0.9655172413793104, ((frozenset({yellow}), frozenset({blue})),) x 0: 1.0, ((frozenset({blue}), frozenset({magenta})),) x 0: 0.7333333333333333}",1.6870482303202152,0.05431816393105198,4128768,170.23936170212767,118.35816605512694,0.00565231146174483,5:09:32,0.8324468085106383,0.5468579226784571,46.9095590266399,0.9122340425531915,0.28295422626328365,0.7245306484401226,0.007515679288189858,0.07180851063829788,0.25817058011750166
0.6365405962839902,0.0064245071719689914,"{((frozenset({blue}), frozenset({magenta})),) x 0: 0.8409090909090909, ((frozenset({magenta}), frozenset({blue})),) x 0: 0.9722222222222222, ((frozenset({yellow}), frozenset({green})),) x 0: 0.9354838709677419, ((frozenset({green}), frozenset({blue})),) x 0: 1.0, ((frozenset({magenta}), frozenset({yellow})),) x 0: 0.9705882352941176, ((frozenset({blue}), frozenset({green})),) x 0: 0.8888888888888888, ((frozenset({magenta}), frozenset({green})),) x 0: 1.0, ((frozenset({yellow}), frozenset({magenta})),) x 0: 0.9655172413793104, ((frozenset({yellow}), frozenset({blue})),) x 0: 0.95, ((frozenset({green}), frozenset({yellow})),) x 0: 1.0, ((frozenset({green}), frozenset({magenta})),) x 0: 0.8846153846153846, ((frozenset({blue}), frozenset({yellow})),) x 0: 0.9411764705882353}",1.685501404106617,0.04776075644786575,4194304,194.1,148.88979935825415,0.0006039598142706382,3:19:54,0.8941176470588236,0.43449847794398555,67.17295058638192,0.9411764705882353,0.23529411764705885,0.7164241187274456,0.004368216628790833,0.047058823529411764,0.2117647058823529
0.609307425530627,0.00593925573433029,"{((frozenset({green}), frozenset({blue})),) x 0: 0.9615384615384616, ((frozenset({magenta}), frozenset({blue})),) x 0: 0.9473684210526315, ((frozenset({blue}), frozenset({magenta})),) x 0: 0.9166666666666666, ((frozenset({yellow}), frozenset({blue})),) x 0: 0.9428571428571428, ((frozenset({green}), frozenset({yellow})),) x 0: 0.9642857142857143, ((frozenset({magenta}), frozenset({yellow})),) x 0: 0.9130434782608695, ((frozenset({green}), frozenset({magenta})),) x 0: 0.9705882352941176, ((frozenset({blue}), frozenset({yellow})),) x 0: 0.9565217391304348, ((frozenset({blue}), frozenset({green})),) x 0: 0.8709677419354839, ((frozenset({yellow}), frozenset({green})),) x 0: 0.9166666666666666, ((frozenset({magenta}), frozenset({green})),) x 0: 0.8461538461538461, ((frozenset({yellow}), frozenset({magenta})),) x 0: 0.9615384615384616}",1.6869357451796532,0.045796858750933145,4259840,193.88519637462235,140.57827954970423,0.0035788641125691356,3:39:55,0.8731117824773413,0.4749644440947391,56.090635205012426,0.9305135951661632,0.25427946117825756,0.7237454038113356,0.00516864463861566,0.05740181268882175,0.23260878011988106
0.6301971232853617,0.006665702654078359,"{((frozenset({blue}), frozenset({green})),) x 0: 0.7272727272727273, ((frozenset({blue}), frozenset({magenta})),) x 0: 0.9411764705882353, ((frozenset({yellow}), frozenset({blue})),) x 0: 0.9736842105263158, ((frozenset({yellow}), frozenset({green})),) x 0: 0.9565217391304348, ((frozenset({yellow}), frozenset({magenta})),) x 0: 1.0, ((frozenset({green}), frozenset({magenta})),) x 0: 0.8636363636363636, ((frozenset({green}), frozenset({blue})),) x 0: 0.9117647058823529, ((frozenset({magenta}), frozenset({green})),) x 0: 1.0, ((frozenset({magenta}), frozenset({yellow})),) x 0: 0.9629629629629629, ((frozenset({magenta}), frozenset({blue})),) x 0: 0.9333333333333333, ((frozenset({blue}), frozenset({yellow})),) x 0: 0.9393939393939394, ((frozenset({green}), frozenset({yellow})),) x 0: 1.0}",1.6867884546518326,0.04603051532794336,4325376,192.3512747875354,159.0767844414554,0.002366446038649883,3:24:35,0.8810198300283286,0.45476025767215494,54.95527609572805,0.9320113314447592,0.2517264576943123,0.7080063186585903,0.003980924651841633,0.05099150141643059,0.21998038139736176
0.656673867080026,0.006676623168058575,"{((frozenset({green}), frozenset({yellow})),) x 0: 1.0, ((frozenset({magenta}), frozenset({blue})),) x 0: 0.9583333333333334, ((frozenset({magenta}), frozenset({green})),) x 0: 0.9565217391304348, ((frozenset({green}), frozenset({blue})),) x 0: 0.9722222222222222, ((frozenset({magenta}), frozenset({yellow})),) x 0: 1.0, ((frozenset({yellow}), frozenset({green})),) x 0: 0.9393939393939394, ((frozenset({yellow}), frozenset({magenta})),) x 0: 1.0, ((frozenset({yellow}), frozenset({blue})),) x 0: 0.9090909090909091, ((frozenset({blue}), frozenset({green})),) x 0: 0.9375, ((frozenset({blue}), frozenset({yellow})),) x 0: 1.0, ((frozenset({green}), frozenset({magenta})),) x 0: 0.9, ((frozenset({blue}), frozenset({magenta})),) x 0: 0.875}",1.6865594387054443,0.045968573615498595,4390912,176.6983695652174,111.53600899122002,-0.0004138358726777369,1:26:23,0.9130434782608695,0.4011443932009986,117.50933299334254,0.9538043478260869,0.20990858461277828,0.7462629117071629,0.004085471817234065,0.035326086956521736,0.18460269374216076
0.3603117352659259,0.0021765199510687338,"{((frozenset({yellow}), frozenset({blue})),) x 0: 1.0, ((frozenset({green}), frozenset({magenta})),) x 0: 0.5, ((frozenset({magenta}), frozenset({yellow})),) x 0: 1.0, ((frozenset({blue}), frozenset({green})),) x 0: 1.0, ((frozenset({blue}), frozenset({magenta})),) x 0: 1.0, ((frozenset({green}), frozenset({blue})),) x 0: 1.0, ((frozenset({magenta}), frozenset({blue})),) x 0: 1.0, ((frozenset({yellow}), frozenset({magenta})),) x 0: 1.0, ((frozenset({green}), frozenset({yellow})),) x 0: 1.0, ((frozenset({blue}), frozenset({yellow})), (frozenset({magenta}), frozenset({green}))) x 0: 1.0, ((frozenset({green}), frozenset({magenta})), (frozenset({blue}), frozenset({yellow}))) x 0: 1.0, ((frozenset({yellow}), frozenset({magenta})), (frozenset({blue}), frozenset({magenta}))) x 0: 1.0, ((frozenset({magenta}), frozenset({yellow})), (frozenset({yellow}), frozenset({green}))) x 0: 0.8333333333333334, ((frozenset({yellow}), frozenset({green})), (frozenset({blue}), frozenset({green}))) x 0: 0.8, ((frozenset({yellow}), frozenset({blue})), (frozenset({blue}), frozenset({green}))) x 0: 0.3333333333333333, ((frozenset({yellow}), frozenset({blue})), (frozenset({magenta}), frozenset({green}))) x 0: 1.0, ((frozenset({yellow}), frozenset({magenta})), (frozenset({green}), frozenset({blue}))) x 0: 1.0, ((frozenset({green}), frozenset({magenta})), (frozenset({magenta}), frozenset({blue}))) x 0: 0.5, ((frozenset({yellow}), frozenset({green})), (frozenset({green}), frozenset({magenta}))) x 0: 1.0, ((frozenset({magenta}), frozenset({green})), (frozenset({yellow}), frozenset({blue}))) x 0: 0.6666666666666666, ((frozenset({blue}), frozenset({yellow})), (frozenset({yellow}), frozenset({green}))) x 0: 1.0, ((frozenset({green}), frozenset({blue})), (frozenset({yellow}), frozenset({blue}))) x 0: 1.0, ((frozenset({magenta}), frozenset({blue})), (frozenset({green}), frozenset({yellow}))) x 0: 0.6666666666666666, ((frozenset({blue}), frozenset({green})), (frozenset({yellow}), frozenset({green}))) x 0: 1.0, ((frozenset({green}), frozenset({yellow})), (frozenset({blue}), frozenset({magenta}))) x 0: 1.0, ((frozenset({blue}), frozenset({yellow})), (frozenset({yellow}), frozenset({magenta}))) x 0: 0.6666666666666666, ((frozenset({magenta}), frozenset({yellow})), (frozenset({blue}), frozenset({green}))) x 0: 1.0, ((frozenset({yellow}), frozenset({green})), (frozenset({magenta}), frozenset({green}))) x 0: 0.5, ((frozenset({magenta}), frozenset({yellow})), (frozenset({blue}), frozenset({yellow}))) x 0: 1.0, ((frozenset({green}), frozenset({magenta})), (frozenset({magenta}), frozenset({yellow}))) x 0: 0.25, ((frozenset({magenta}), frozenset({blue})), (frozenset({yellow}), frozenset({green}))) x 0: 1.0, ((frozenset({yellow}), frozenset({green})), (frozenset({green}), frozenset({blue}))) x 0: 0.5, ((frozenset({yellow}), frozenset({magenta})), (frozenset({magenta}), frozenset({blue}))) x 0: 1.0, ((frozenset({magenta}), frozenset({blue})), (frozenset({blue}), frozenset({yellow}))) x 0: 1.0, ((frozenset({yellow}), frozenset({magenta})), (frozenset({blue}), frozenset({green}))) x 0: 0.6666666666666666, ((frozenset({yellow}), frozenset({magenta})), (frozenset({magenta}), frozenset({green}))) x 0: 1.0, ((frozenset({blue}), frozenset({magenta})), (frozenset({green}), frozenset({yellow}))) x 0: 1.0, ((frozenset({blue}), frozenset({magenta})), (frozenset({magenta}), frozenset({green}))) x 0: 0.5, ((frozenset({green}), frozenset({yellow})), (frozenset({magenta}), frozenset({blue}))) x 0: 1.0, ((frozenset({blue}), frozenset({magenta})), (frozenset({yellow}), frozenset({magenta}))) x 0: 1.0, ((frozenset({magenta}), frozenset({green})), (frozenset({blue}), frozenset({green}))) x 0: 1.0, ((frozenset({magenta}), frozenset({yellow})), (frozenset({yellow}), frozenset({blue}))) x 0: 1.0, ((frozenset({yellow}), frozenset({blue})), (frozenset({blue}), frozenset({magenta}))) x 0: 1.0, ((frozenset({magenta}), frozenset({green})), (frozenset({blue}), frozenset({yellow}))) x 0: 1.0, ((frozenset({blue}), frozenset({magenta})), (frozenset({green}), frozenset({magenta}))) x 0: 1.0, ((frozenset({green}), frozenset({yellow})), (frozenset({yellow}), frozenset({magenta}))) x 0: 1.0, ((frozenset({green}), frozenset({magenta})), (frozenset({yellow}), frozenset({blue}))) x 0: 0.25, ((frozenset({yellow}), frozenset({blue})), (frozenset({green}), frozenset({magenta}))) x 0: 0.0, ((frozenset({blue}), frozenset({yellow})), (frozenset({green}), frozenset({yellow}))) x 0: 0.75, ((frozenset({blue}), frozenset({green})), (frozenset({yellow}), frozenset({magenta}))) x 0: 0.0, ((frozenset({magenta}), frozenset({green})), (frozenset({green}), frozenset({yellow}))) x 0: 1.0, ((frozenset({magenta}), frozenset({yellow})), (frozenset({green}), frozenset({yellow}))) x 0: 1.0, ((frozenset({blue}), frozenset({green})), (frozenset({green}), frozenset({yellow}))) x 0: 1.0, ((frozenset({yellow}), frozenset({blue})), (frozenset({green}), frozenset({blue}))) x 0: 1.0, ((frozenset({blue}), frozenset({yellow})), (frozenset({magenta}), frozenset({yellow}))) x 0: 1.0, ((frozenset({green}), frozenset({blue})), (frozenset({blue}), frozenset({magenta}))) x 0: 1.0, ((frozenset({green}), frozenset({yellow})), (frozenset({blue}), frozenset({yellow}))) x 0: 1.0, ((frozenset({blue}), frozenset({magenta})), (frozenset({magenta}), frozenset({yellow}))) x 0: 0.0, ((frozenset({green}), frozenset({yellow})), (frozenset({magenta}), frozenset({yellow}))) x 0: 1.0, ((frozenset({magenta}), frozenset({green})), (frozenset({green}), frozenset({blue}))) x 0: 0.5, ((frozenset({green}), frozenset({blue})), (frozenset({blue}), frozenset({yellow}))) x 0: 1.0, ((frozenset({yellow}), frozenset({green})), (frozenset({blue}), frozenset({magenta}))) x 0: 1.0, ((frozenset({magenta}), frozenset({blue})), (frozenset({blue}), frozenset({green}))) x 0: 1.0, ((frozenset({blue}), frozenset({yellow})), (frozenset({green}), frozenset({magenta}))) x 0: 1.0, ((frozenset({green}), frozenset({magenta})), (frozenset({blue}), frozenset({magenta}))) x 0: 1.0, ((frozenset({yellow}), frozenset({blue})), (frozenset({magenta}), frozenset({blue}))) x 0: 0.0, ((frozenset({blue}), frozenset({green})), (frozenset({magenta}), frozenset({yellow}))) x 0: 1.0, ((frozenset({blue}), frozenset({green})), (frozenset({green}), frozenset({magenta}))) x 0: 1.0, ((frozenset({green}), frozenset({blue})), (frozenset({yellow}), frozenset({magenta}))) x 0: 1.0, ((frozenset({magenta}), frozenset({yellow})), (frozenset({green}), frozenset({blue}))) x 0: 1.0}",1.689373541623354,0.05192334096027902,4456448,359.1470588235294,193.68806522085077,0.016115373029606417,1:25:15,0.7294117647058823,0.6577722705173819,106.25320050930677,0.8470588235294118,0.35993078919478483,0.6470163334161043,0.005782930791610852,0.1,0.30000000000000004
0.32291526134041953,0.0016839226314240463,"{((frozenset({green}), frozenset({blue})), (frozenset({yellow}), frozenset({magenta}))) x 0: 1.0, ((frozenset({blue}), frozenset({green})), (frozenset({green}), frozenset({magenta}))) x 0: 1.0, ((frozenset({yellow}), frozenset({magenta})), (frozenset({blue}), frozenset({magenta}))) x 0: 1.0, ((frozenset({blue}), frozenset({yellow})), (frozenset({green}), frozenset({magenta}))) x 0: 1.0, ((frozenset({blue}), frozenset({yellow})), (frozenset({yellow}), frozenset({magenta}))) x 0: 0.5, ((frozenset({yellow}), frozenset({magenta})), (frozenset({green}), frozenset({magenta}))) x 0: 0.875, ((frozenset({green}), frozenset({magenta})), (frozenset({magenta}), frozenset({yellow}))) x 0: 0.75, ((frozenset({yellow}), frozenset({green})), (frozenset({blue}), frozenset({green}))) x 0: 0.3333333333333333, ((frozenset({magenta}), frozenset({green})), (frozenset({yellow}), frozenset({blue}))) x 0: 0.3333333333333333, ((frozenset({yellow}), frozenset({blue})), (frozenset({blue}), frozenset({magenta}))) x 0: 1.0, ((frozenset({blue}), frozenset({yellow})), (frozenset({magenta}), frozenset({yellow}))) x 0: 1.0, ((frozenset({green}), frozenset({yellow})), (frozenset({yellow}), frozenset({magenta}))) x 0: 1.0, ((frozenset({green}), frozenset({blue})), (frozenset({magenta}), frozenset({blue}))) x 0: 0.9, ((frozenset({green}), frozenset({magenta})), (frozenset({yellow}), frozenset({blue}))) x 0: 0.6666666666666666, ((frozenset({magenta}), frozenset({blue})), (frozenset({green}), frozenset({yellow}))) x 0: 1.0, ((frozenset({green}), frozenset({blue})), (frozenset({blue}), frozenset({yellow}))) x 0: 1.0, ((frozenset({yellow}), frozenset({blue})), (frozenset({magenta}), frozenset({blue}))) x 0: 0.75, ((frozenset({magenta}), frozenset({blue})), (frozenset({green}), frozenset({blue}))) x 0: 0.875, ((frozenset({green}), frozenset({magenta})), (frozenset({blue}), frozenset({yellow}))) x 0: 1.0, ((frozenset({green}), frozenset({magenta})), (frozenset({magenta}), frozenset({blue}))) x 0: 1.0, ((frozenset({blue}), frozenset({green})), (frozenset({yellow}), frozenset({magenta}))) x 0: 0.5, ((frozenset({blue}), frozenset({green})), (frozenset({magenta}), frozenset({green}))) x 0: 0.8333333333333334, ((frozenset({yellow}), frozenset({green})), (frozenset({magenta}), frozenset({green}))) x 0: 0.5, ((frozenset({green}), frozenset({blue})), (frozenset({magenta}), frozenset({yellow}))) x 0: 0.8888888888888888, ((frozenset({yellow}), frozenset({green})), (frozenset({magenta}), frozenset({blue}))) x 0: 0.8, ((frozenset({blue}), frozenset({magenta})), (frozenset({magenta}), frozenset({yellow}))) x 0: 1.0, ((frozenset({yellow}), frozenset({magenta})), (frozenset({magenta}), frozenset({green}))) x 0: 1.0, ((frozenset({green}), frozenset({blue})), (frozenset({yellow}), frozenset({blue}))) x 0: 1.0, ((frozenset({yellow}), frozenset({blue})), (frozenset({green}), frozenset({magenta}))) x 0: 1.0, ((frozenset({magenta}), frozenset({blue})), (frozenset({yellow}), frozenset({green}))) x 0: 1.0, ((frozenset({yellow}), frozenset({blue})), (frozenset({magenta}), frozenset({green}))) x 0: 1.0, ((frozenset({blue}), frozenset({magenta})), (frozenset({yellow}), frozenset({green}))) x 0: 0.6666666666666666, ((frozenset({green}), frozenset({blue})), (frozenset({blue}), frozenset({magenta}))) x 0: 1.0, ((frozenset({yellow}), frozenset({green})), (frozenset({green}), frozenset({blue}))) x 0: 1.0, ((frozenset({yellow}), frozenset({blue})), (frozenset({blue}), frozenset({green}))) x 0: 0.3333333333333333, ((frozenset({yellow}), frozenset({green})), (frozenset({blue}), frozenset({magenta}))) x 0: 1.0, ((frozenset({blue}), frozenset({yellow})), (frozenset({yellow}), frozenset({green}))) x 0: 0.5, ((frozenset({magenta}), frozenset({green})), (frozenset({yellow}), frozenset({green}))) x 0: 0.8, ((frozenset({blue}), frozenset({magenta})), (frozenset({magenta}), frozenset({green}))) x 0: 1.0, ((frozenset({green}), frozenset({yellow})), (frozenset({yellow}), frozenset({blue}))) x 0: 0.6, ((frozenset({magenta}), frozenset({green})), (frozenset({green}), frozenset({yellow}))) x 0: 1.0, ((frozenset({yellow}), frozenset({green})), (frozenset({green}), frozenset({magenta}))) x 0: 1.0, ((frozenset({magenta}), frozenset({yellow})), (frozenset({yellow}), frozenset({green}))) x 0: 0.3333333333333333, ((frozenset({yellow}), frozenset({blue})), (frozenset({green}), frozenset({blue}))) x 0: 0.0, ((frozenset({magenta}), frozenset({blue})), (frozenset({yellow}), frozenset({blue}))) x 0: 1.0, ((frozenset({magenta}), frozenset({yellow})), (frozenset({blue}), frozenset({yellow}))) x 0: 1.0, ((frozenset({yellow}), frozenset({magenta})), (frozenset({magenta}), frozenset({blue}))) x 0: 0.0, ((frozenset({yellow}), frozenset({magenta})), (frozenset({green}), frozenset({blue}))) x 0: 1.0, ((frozenset({magenta}), frozenset({yellow})), (frozenset({green}), frozenset({yellow}))) x 0: 1.0, ((frozenset({blue}), frozenset({magenta})), (frozenset({green}), frozenset({magenta}))) x 0: 1.0, ((frozenset({green}), frozenset({magenta})), (frozenset({blue}), frozenset({magenta}))) x 0: 1.0, ((frozenset({magenta}), frozenset({green})), (frozenset({green}), frozenset({blue}))) x 0: 1.0, ((frozenset({green}), frozenset({magenta})), (frozenset({yellow}), frozenset({magenta}))) x 0: 1.0}",1.6871580332517624,0.0584393788797114,4521984,428.3522012578616,252.51131460706551,0.015645072038751096,2:38:06,0.6981132075471698,0.6611854893560465,50.390280699247334,0.8113207547169812,0.39125361044014567,0.621287016198039,0.005374964588554576,0.1069182389937107,0.30900927035316345
0.33174298483253867,0.0017708130970104023,"{((frozenset({blue}), frozenset({magenta})), (frozenset({yellow}), frozenset({green}))) x 0: 0.8, ((frozenset({yellow}), frozenset({magenta})), (frozenset({magenta}), frozenset({blue}))) x 0: 0.75, ((frozenset({green}), frozenset({yellow})), (frozenset({yellow}), frozenset({blue}))) x 0: 1.0, ((frozenset({yellow}), frozenset({blue})), (frozenset({blue}), frozenset({magenta}))) x 0: 0.3333333333333333, ((frozenset({magenta}), frozenset({blue})), (frozenset({yellow}), frozenset({blue}))) x 0: 0.4, ((frozenset({magenta}), frozenset({yellow})), (frozenset({blue}), frozenset({green}))) x 0: 1.0, ((frozenset({yellow}), frozenset({blue})), (frozenset({blue}), frozenset({green}))) x 0: 1.0, ((frozenset({yellow}), frozenset({green})), (frozenset({magenta}), frozenset({blue}))) x 0: 1.0, ((frozenset({blue}), frozenset({green})), (frozenset({magenta}), frozenset({green}))) x 0: 1.0, ((frozenset({magenta}), frozenset({blue})), (frozenset({blue}), frozenset({green}))) x 0: 0.6666666666666666, ((frozenset({blue}), frozenset({green})), (frozenset({yellow}), frozenset({magenta}))) x 0: 0.8571428571428571, ((frozenset({yellow}), frozenset({magenta})), (frozenset({green}), frozenset({blue}))) x 0: 1.0, ((frozenset({magenta}), frozenset({blue})), (frozenset({green}), frozenset({yellow}))) x 0: 1.0, ((frozenset({green}), frozenset({yellow})), (frozenset({magenta}), frozenset({blue}))) x 0: 1.0, ((frozenset({green}), frozenset({magenta})), (frozenset({yellow}), frozenset({magenta}))) x 0: 0.5, ((frozenset({magenta}), frozenset({green})), (frozenset({green}), frozenset({yellow}))) x 0: 1.0, ((frozenset({magenta}), frozenset({blue})), (frozenset({green}), frozenset({blue}))) x 0: 0.6666666666666666, ((frozenset({green}), frozenset({blue})), (frozenset({magenta}), frozenset({blue}))) x 0: 1.0, ((frozenset({blue}), frozenset({yellow})), (frozenset({green}), frozenset({yellow}))) x 0: 1.0, ((frozenset({magenta}), frozenset({green})), (frozenset({blue}), frozenset({green}))) x 0: 1.0, ((frozenset({magenta}), frozenset({blue})), (frozenset({yellow}), frozenset({green}))) x 0: 1.0, ((frozenset({blue}), frozenset({green})), (frozenset({yellow}), frozenset({green}))) x 0: 0.5, ((frozenset({yellow}), frozenset({blue})), (frozenset({magenta}), frozenset({green}))) x 0: 1.0, ((frozenset({yellow}), frozenset({blue})), (frozenset({green}), frozenset({blue}))) x 0: 1.0, ((frozenset({blue}), frozenset({magenta})), (frozenset({green}), frozenset({magenta}))) x 0: 1.0, ((frozenset({magenta}), frozenset({green})), (frozenset({blue}), frozenset({yellow}))) x 0: 1.0, ((frozenset({green}), frozenset({blue})), (frozenset({blue}), frozenset({magenta}))) x 0: 0.5, ((frozenset({magenta}), frozenset({blue})), (frozenset({blue}), frozenset({yellow}))) x 0: 1.0, ((frozenset({green}), frozenset({yellow})), (frozenset({yellow}), frozenset({magenta}))) x 0: 1.0, ((frozenset({magenta}), frozenset({green})), (frozenset({yellow}), frozenset({blue}))) x 0: 0.5, ((frozenset({yellow}), frozenset({blue})), (frozenset({magenta}), frozenset({blue}))) x 0: 1.0, ((frozenset({green}), frozenset({magenta})), (frozenset({blue}), frozenset({magenta}))) x 0: 0.75, ((frozenset({magenta}), frozenset({yellow})), (frozenset({yellow}), frozenset({green}))) x 0: 0.8333333333333334, ((frozenset({yellow}), frozenset({magenta})), (frozenset({blue}), frozenset({green}))) x 0: 0.6666666666666666, ((frozenset({yellow}), frozenset({magenta})), (frozenset({blue}), frozenset({magenta}))) x 0: 1.0, ((frozenset({magenta}), frozenset({yellow})), (frozenset({yellow}), frozenset({blue}))) x 0: 1.0, ((frozenset({blue}), frozenset({yellow})), (frozenset({green}), frozenset({magenta}))) x 0: 1.0, ((frozenset({blue}), frozenset({yellow})), (frozenset({magenta}), frozenset({yellow}))) x 0: 1.0, ((frozenset({green}), frozenset({magenta})), (frozenset({yellow}), frozenset({blue}))) x 0: 1.0, ((frozenset({blue}), frozenset({yellow})), (frozenset({yellow}), frozenset({magenta}))) x 0: 1.0, ((frozenset({green}), frozenset({magenta})), (frozenset({blue}), frozenset({yellow}))) x 0: 1.0, ((frozenset({yellow}), frozenset({green})), (frozenset({green}), frozenset({blue}))) x 0: 0.5, ((frozenset({blue}), frozenset({magenta})), (frozenset({magenta}), frozenset({yellow}))) x 0: 1.0, ((frozenset({blue}), frozenset({green})), (frozenset({magenta}), frozenset({yellow}))) x 0: 0.0, ((frozenset({green}), frozenset({blue})), (frozenset({magenta}), frozenset({yellow}))) x 0: 1.0, ((frozenset({green}), frozenset({yellow})), (frozenset({blue}), frozenset({yellow}))) x 0: 1.0, ((frozenset({blue}), frozenset({green})), (frozenset({green}), frozenset({magenta}))) x 0: 1.0, ((frozenset({yellow}), frozenset({green})), (frozenset({blue}), frozenset({green}))) x 0: 0.3333333333333333, ((frozenset({green}), frozenset({magenta})), (frozenset({magenta}), frozenset({blue}))) x 0: 0.5, ((frozenset({magenta}), frozenset({green})), (frozenset({yellow}), frozenset({green}))) x 0: 1.0, ((frozenset({yellow}), frozenset({magenta})), (frozenset({magenta}), frozenset({green}))) x 0: 1.0, ((frozenset({green}), frozenset({blue})), (frozenset({blue}), frozenset({yellow}))) x 0: 1.0, ((frozenset({green}), frozenset({yellow})), (frozenset({blue}), frozenset({magenta}))) x 0: 1.0, ((frozenset({green}), frozenset({blue})), (frozenset({yellow}), frozenset({blue}))) x 0: 1.0, ((frozenset({blue}), frozenset({green})), (frozenset({green}), frozenset({yellow}))) x 0: 1.0, ((frozenset({green}), frozenset({yellow})), (frozenset({magenta}), frozenset({yellow}))) x 0: 1.0, ((frozenset({yellow}), frozenset({green})), (frozenset({magenta}), frozenset({green}))) x 0: 0.5, ((frozenset({blue}), frozenset({magenta})), (frozenset({green}), frozenset({yellow}))) x 0: 1.0, ((frozenset({blue}), frozenset({yellow})), (frozenset({yellow}), frozenset({green}))) x 0: 1.0}",1.6880390979349613,0.04682024467414394,4587520,427.3974358974359,233.16211702147973,0.011572490504477173,2:17:46,0.7371794871794872,0.6109280402375186,49.89943605810427,0.8269230769230769,0.3783137610174231,0.5973866563290358,0.0037183049171289895,0.057692307692307696,0.23316068563427195
0.33025033290687433,0.0017885488180200012,"{((frozenset({yellow}), frozenset({blue})), (frozenset({green}), frozenset({blue}))) x 0: 0.5, ((frozenset({green}), frozenset({yellow})), (frozenset({yellow}), frozenset({blue}))) x 0: 1.0, ((frozenset({magenta}), frozenset({blue})), (frozenset({green}), frozenset({blue}))) x 0: 1.0, ((frozenset({yellow}), frozenset({blue})), (frozenset({blue}), frozenset({green}))) x 0: 0.4, ((frozenset({green}), frozenset({blue})), (frozenset({magenta}), frozenset({yellow}))) x 0: 1.0, ((frozenset({yellow}), frozenset({blue})), (frozenset({magenta}), frozenset({green}))) x 0: 1.0, ((frozenset({magenta}), frozenset({green})), (frozenset({yellow}), frozenset({blue}))) x 0: 0.42857142857142855, ((frozenset({blue}), frozenset({magenta})), (frozenset({green}), frozenset({magenta}))) x 0: 1.0, ((frozenset({green}), frozenset({yellow})), (frozenset({magenta}), frozenset({yellow}))) x 0: 0.75, ((frozenset({magenta}), frozenset({blue})), (frozenset({blue}), frozenset({yellow}))) x 0: 1.0, ((frozenset({blue}), frozenset({green})), (frozenset({magenta}), frozenset({yellow}))) x 0: 0.7142857142857143, ((frozenset({green}), frozenset({blue})), (frozenset({blue}), frozenset({magenta}))) x 0: 0.75, ((frozenset({yellow}), frozenset({green})), (frozenset({blue}), frozenset({green}))) x 0: 0.6, ((frozenset({green}), frozenset({magenta})), (frozenset({yellow}), frozenset({magenta}))) x 0: 0.6666666666666666, ((frozenset({yellow}), frozenset({green})), (frozenset({blue}), frozenset({magenta}))) x 0: 1.0, ((frozenset({green}), frozenset({magenta})), (frozenset({magenta}), frozenset({blue}))) x 0: 0.875, ((frozenset({magenta}), frozenset({yellow})), (frozenset({yellow}), frozenset({blue}))) x 0: 1.0, ((frozenset({green}), frozenset({yellow})), (frozenset({yellow}), frozenset({magenta}))) x 0: 0.0, ((frozenset({blue}), frozenset({magenta})), (frozenset({green}), frozenset({yellow}))) x 0: 1.0, ((frozenset({green}), frozenset({yellow})), (frozenset({blue}), frozenset({yellow}))) x 0: 1.0, ((frozenset({blue}), frozenset({green})), (frozenset({green}), frozenset({magenta}))) x 0: 1.0, ((frozenset({yellow}), frozenset({green})), (frozenset({green}), frozenset({magenta}))) x 0: 1.0, ((frozenset({yellow}), frozenset({blue})), (frozenset({blue}), frozenset({magenta}))) x 0: 0.6666666666666666, ((frozenset({blue}), frozenset({yellow})), (frozenset({yellow}), frozenset({green}))) x 0: 1.0, ((frozenset({magenta}), frozenset({blue})), (frozenset({green}), frozenset({yellow}))) x 0: 1.0, ((frozenset({green}), frozenset({blue})), (frozenset({yellow}), frozenset({magenta}))) x 0: 1.0, ((frozenset({yellow}), frozenset({magenta})), (frozenset({green}), frozenset({blue}))) x 0: 1.0, ((frozenset({green}), frozenset({magenta})), (frozenset({blue}), frozenset({magenta}))) x 0: 1.0, ((frozenset({magenta}), frozenset({blue})), (frozenset({blue}), frozenset({green}))) x 0: 1.0, ((frozenset({blue}), frozenset({yellow})), (frozenset({yellow}), frozenset({magenta}))) x 0: 1.0, ((frozenset({yellow}), frozenset({green})), (frozenset({green}), frozenset({blue}))) x 0: 1.0, ((frozenset({magenta}), frozenset({green})), (frozenset({green}), frozenset({blue}))) x 0: 1.0, ((frozenset({blue}), frozenset({green})), (frozenset({yellow}), frozenset({magenta}))) x 0: 1.0, ((frozenset({blue}), frozenset({magenta})), (frozenset({magenta}), frozenset({yellow}))) x 0: 1.0, ((frozenset({blue}), frozenset({green})), (frozenset({yellow}), frozenset({green}))) x 0: 0.6666666666666666, ((frozenset({yellow}), frozenset({magenta})), (frozenset({blue}), frozenset({green}))) x 0: 0.5, ((frozenset({green}), frozenset({magenta})), (frozenset({yellow}), frozenset({blue}))) x 0: 1.0, ((frozenset({magenta}), frozenset({green})), (frozenset({yellow}), frozenset({green}))) x 0: 0.0, ((frozenset({blue}), frozenset({yellow})), (frozenset({magenta}), frozenset({green}))) x 0: 1.0, ((frozenset({magenta}), frozenset({blue})), (frozenset({yellow}), frozenset({blue}))) x 0: 1.0, ((frozenset({green}), frozenset({yellow})), (frozenset({magenta}), frozenset({blue}))) x 0: 1.0, ((frozenset({blue}), frozenset({green})), (frozenset({green}), frozenset({yellow}))) x 0: 1.0, ((frozenset({yellow}), frozenset({magenta})), (frozenset({magenta}), frozenset({blue}))) x 0: 1.0, ((frozenset({yellow}), frozenset({green})), (frozenset({magenta}), frozenset({green}))) x 0: 1.0, ((frozenset({blue}), frozenset({magenta})), (frozenset({magenta}), frozenset({green}))) x 0: 1.0, ((frozenset({magenta}), frozenset({yellow})), (frozenset({blue}), frozenset({green}))) x 0: 0.5, ((frozenset({blue}), frozenset({magenta})), (frozenset({yellow}), frozenset({magenta}))) x 0: 1.0, ((frozenset({magenta}), frozenset({yellow})), (frozenset({green}), frozenset({blue}))) x 0: 1.0, ((frozenset({green}), frozenset({magenta})), (frozenset({blue}), frozenset({yellow}))) x 0: 1.0, ((frozenset({green}), frozenset({blue})), (frozenset({magenta}), frozenset({blue}))) x 0: 1.0, ((frozenset({blue}), frozenset({yellow})), (frozenset({magenta}), frozenset({yellow}))) x 0: 1.0, ((frozenset({magenta}), frozenset({green})), (frozenset({blue}), frozenset({yellow}))) x 0: 1.0, ((frozenset({green}), frozenset({blue})), (frozenset({yellow}), frozenset({blue}))) x 0: 0.0, ((frozenset({yellow}), frozenset({magenta})), (frozenset({green}), frozenset({magenta}))) x 0: 1.0, ((frozenset({magenta}), frozenset({green})), (frozenset({green}), frozenset({yellow}))) x 0: 1.0, ((frozenset({magenta}), frozenset({yellow})), (frozenset({blue}), frozenset({yellow}))) x 0: 1.0, ((frozenset({blue}), frozenset({green})), (frozenset({magenta}), frozenset({green}))) x 0: 1.0, ((frozenset({yellow}), frozenset({green})), (frozenset({magenta}), frozenset({blue}))) x 0: 1.0}",1.687858909368515,0.05440307633158441,4653056,409.8343949044586,230.54916015919807,0.014491297566564754,0:53:33,0.7006369426751592,0.662604090155871,107.95893471640046,0.8152866242038217,0.3880648716363775,0.5975162703543901,0.00473539310041815,0.10828025477707007,0.31073403611848327
0.3253881605493744,0.0017523594459586535,"{((frozenset({yellow}), frozenset({green})), (frozenset({magenta}), frozenset({blue}))) x 0: 0.3333333333333333, ((frozenset({blue}), frozenset({green})), (frozenset({magenta}), frozenset({yellow}))) x 0: 1.0, ((frozenset({magenta}), frozenset({yellow})), (frozenset({blue}), frozenset({yellow}))) x 0: 1.0, ((frozenset({blue}), frozenset({magenta})), (frozenset({green}), frozenset({yellow}))) x 0: 1.0, ((frozenset({blue}), frozenset({magenta})), (frozenset({magenta}), frozenset({yellow}))) x 0: 1.0, ((frozenset({magenta}), frozenset({blue})), (frozenset({yellow}), frozenset({blue}))) x 0: 1.0, ((frozenset({blue}), frozenset({magenta})), (frozenset({yellow}), frozenset({magenta}))) x 0: 0.5, ((frozenset({green}), frozenset({magenta})), (frozenset({yellow}), frozenset({blue}))) x 0: 0.6666666666666666, ((frozenset({yellow}), frozenset({blue})), (frozenset({magenta}), frozenset({green}))) x 0: 1.0, ((frozenset({magenta}), frozenset({yellow})), (frozenset({green}), frozenset({blue}))) x 0: 1.0, ((frozenset({green}), frozenset({yellow})), (frozenset({magenta}), frozenset({yellow}))) x 0: 0.6666666666666666, ((frozenset({yellow}), frozenset({magenta})), (frozenset({blue}), frozenset({green}))) x 0: 0.75, ((frozenset({green}), frozenset({blue})), (frozenset({blue}), frozenset({magenta}))) x 0: 1.0, ((frozenset({magenta}), frozenset({yellow})), (frozenset({blue}), frozenset({green}))) x 0: 0.625, ((frozenset({green}), frozenset({yellow})), (frozenset({magenta}), frozenset({blue}))) x 0: 1.0, ((frozenset({green}), frozenset({yellow})), (frozenset({yellow}), frozenset({magenta}))) x 0: 1.0, ((frozenset({green}), frozenset({magenta})), (frozenset({yellow}), frozenset({magenta}))) x 0: 0.5, ((frozenset({yellow}), frozenset({magenta})), (frozenset({green}), frozenset({magenta}))) x 0: 1.0, ((frozenset({yellow}), frozenset({green})), (frozenset({blue}), frozenset({green}))) x 0: 0.8571428571428571, ((frozenset({blue}), frozenset({green})), (frozenset({yellow}), frozenset({green}))) x 0: 0.5, ((frozenset({magenta}), frozenset({green})), (frozenset({yellow}), frozenset({green}))) x 0: 0.8571428571428571, ((frozenset({blue}), frozenset({yellow})), (frozenset({green}), frozenset({magenta}))) x 0: 1.0, ((frozenset({magenta}), frozenset({green})), (frozenset({blue}), frozenset({yellow}))) x 0: 1.0, ((frozenset({yellow}), frozenset({blue})), (frozenset({green}), frozenset({blue}))) x 0: 1.0, ((frozenset({green}), frozenset({blue})), (frozenset({yellow}), frozenset({blue}))) x 0: 1.0, ((frozenset({blue}), frozenset({magenta})), (frozenset({magenta}), frozenset({green}))) x 0: 0.5, ((frozenset({magenta}), frozenset({yellow})), (frozenset({green}), frozenset({yellow}))) x 0: 1.0, ((frozenset({green}), frozenset({magenta})), (frozenset({blue}), frozenset({yellow}))) x 0: 1.0, ((frozenset({yellow}), frozenset({green})), (frozenset({blue}), frozenset({magenta}))) x 0: 1.0, ((frozenset({magenta}), frozenset({green})), (frozenset({yellow}), frozenset({blue}))) x 0: 0.8, ((frozenset({magenta}), frozenset({blue})), (frozenset({blue}), frozenset({green}))) x 0: 1.0, ((frozenset({green}), frozenset({yellow})), (frozenset({yellow}), frozenset({blue}))) x 0: 1.0, ((frozenset({magenta}), frozenset({green})), (frozenset({green}), frozenset({yellow}))) x 0: 0.5, ((frozenset({green}), frozenset({blue})), (frozenset({magenta}), frozenset({blue}))) x 0: 1.0, ((frozenset({magenta}), frozenset({blue})), (frozenset({green}), frozenset({blue}))) x 0: 1.0, ((frozenset({magenta}), frozenset({yellow})), (frozenset({yellow}), frozenset({green}))) x 0: 1.0, ((frozenset({yellow}), frozenset({blue})), (frozenset({magenta}), frozenset({blue}))) x 0: 0.5, ((frozenset({blue}), frozenset({magenta})), (frozenset({yellow}), frozenset({green}))) x 0: 0.3333333333333333, ((frozenset({green}), frozenset({blue})), (frozenset({magenta}), frozenset({yellow}))) x 0: 1.0, ((frozenset({yellow}), frozenset({green})), (frozenset({green}), frozenset({magenta}))) x 0: 1.0, ((frozenset({blue}), frozenset({yellow})), (frozenset({yellow}), frozenset({green}))) x 0: 1.0, ((frozenset({magenta}), frozenset({blue})), (frozenset({blue}), frozenset({yellow}))) x 0: 1.0, ((frozenset({blue}), frozenset({magenta})), (frozenset({green}), frozenset({magenta}))) x 0: 1.0, ((frozenset({yellow}), frozenset({blue})), (frozenset({blue}), frozenset({green}))) x 0: 0.5, ((frozenset({green}), frozenset({magenta})), (frozenset({magenta}), frozenset({blue}))) x 0: 1.0, ((frozenset({blue}), frozenset({yellow})), (frozenset({magenta}), frozenset({green}))) x 0: 0.0, ((frozenset({yellow}), frozenset({magenta})), (frozenset({magenta}), frozenset({green}))) x 0: 1.0, ((frozenset({green}), frozenset({blue})), (frozenset({yellow}), frozenset({magenta}))) x 0: 1.0, ((frozenset({blue}), frozenset({green})), (frozenset({green}), frozenset({magenta}))) x 0: 1.0, ((frozenset({blue}), frozenset({green})), (frozenset({magenta}), frozenset({green}))) x 0: 1.0, ((frozenset({yellow}), frozenset({magenta})), (frozenset({magenta}), frozenset({blue}))) x 0: 1.0, ((frozenset({green}), frozenset({yellow})), (frozenset({blue}), frozenset({magenta}))) x 0: 1.0, ((frozenset({magenta}), frozenset({green})), (frozenset({green}), frozenset({blue}))) x 0: 1.0, ((frozenset({green}), frozenset({magenta})), (frozenset({magenta}), frozenset({yellow}))) x 0: 0.3333333333333333, ((frozenset({blue}), frozenset({green})), (frozenset({yellow}), frozenset({magenta}))) x 0: 1.0, ((frozenset({yellow}), frozenset({blue})), (frozenset({green}), frozenset({magenta}))) x 0: 1.0, ((frozenset({yellow}), frozenset({blue})), (frozenset({blue}), frozenset({magenta}))) x 0: 1.0, ((frozenset({blue}), frozenset({yellow})), (frozenset({magenta}), frozenset({yellow}))) x 0: 0.0}",1.688898116350174,0.050404397341110796,4718592,406.7142857142857,212.4883461494642,0.010136363838682882,0:45:51,0.7204968944099379,0.6613667396203634,102.26361032486123,0.8385093167701864,0.36798293772915835,0.6055495832115412,0.004988697539374698,0.09937888198757763,0.29917005164701355
0.3152780190310957,0.0017289294754092317,"{((frozenset({yellow}), frozenset({blue})), (frozenset({blue}), frozenset({magenta}))) x 0: 1.0, ((frozenset({green}), frozenset({yellow})), (frozenset({yellow}), frozenset({magenta}))) x 0: 1.0, ((frozenset({yellow}), frozenset({green})), (frozenset({blue}), frozenset({magenta}))) x 0: 1.0, ((frozenset({blue}), frozenset({magenta})), (frozenset({magenta}), frozenset({green}))) x 0: 1.0, ((frozenset({green}), frozenset({blue})), (frozenset({yellow}), frozenset({magenta}))) x 0: 1.0, ((frozenset({magenta}), frozenset({yellow})), (frozenset({blue}), frozenset({green}))) x 0: 0.75, ((frozenset({yellow}), frozenset({blue})), (frozenset({green}), frozenset({blue}))) x 0: 0.75, ((frozenset({magenta}), frozenset({green})), (frozenset({green}), frozenset({yellow}))) x 0: 0.8, ((frozenset({blue}), frozenset({yellow})), (frozenset({green}), frozenset({magenta}))) x 0: 0.5, ((frozenset({green}), frozenset({magenta})), (frozenset({blue}), frozenset({yellow}))) x 0: 1.0, ((frozenset({blue}), frozenset({green})), (frozenset({green}), frozenset({yellow}))) x 0: 0.75, ((frozenset({magenta}), frozenset({green})), (frozenset({yellow}), frozenset({blue}))) x 0: 1.0, ((frozenset({green}), frozenset({magenta})), (frozenset({magenta}), frozenset({yellow}))) x 0: 0.6666666666666666, ((frozenset({magenta}), frozenset({blue})), (frozenset({blue}), frozenset({yellow}))) x 0: 1.0, ((frozenset({blue}), frozenset({green})), (frozenset({yellow}), frozenset({green}))) x 0: 0.75, ((frozenset({blue}), frozenset({yellow})), (frozenset({magenta}), frozenset({green}))) x 0: 0.8, ((frozenset({yellow}), frozenset({magenta})), (frozenset({green}), frozenset({magenta}))) x 0: 1.0, ((frozenset({green}), frozenset({blue})), (frozenset({blue}), frozenset({magenta}))) x 0: 1.0, ((frozenset({yellow}), frozenset({green})), (frozenset({magenta}), frozenset({blue}))) x 0: 1.0, ((frozenset({green}), frozenset({yellow})), (frozenset({blue}), frozenset({yellow}))) x 0: 1.0, ((frozenset({yellow}), frozenset({green})), (frozenset({blue}), frozenset({green}))) x 0: 1.0, ((frozenset({blue}), frozenset({magenta})), (frozenset({green}), frozenset({magenta}))) x 0: 1.0, ((frozenset({green}), frozenset({magenta})), (frozenset({yellow}), frozenset({magenta}))) x 0: 0.5, ((frozenset({blue}), frozenset({magenta})), (frozenset({yellow}), frozenset({magenta}))) x 0: 0.8, ((frozenset({green}), frozenset({magenta})), (frozenset({magenta}), frozenset({blue}))) x 0: 1.0, ((frozenset({blue}), frozenset({green})), (frozenset({green}), frozenset({magenta}))) x 0: 1.0, ((frozenset({blue}), frozenset({yellow})), (frozenset({magenta}), frozenset({yellow}))) x 0: 0.6666666666666666, ((frozenset({blue}), frozenset({yellow})), (frozenset({yellow}), frozenset({green}))) x 0: 1.0, ((frozenset({green}), frozenset({yellow})), (frozenset({magenta}), frozenset({yellow}))) x 0: 0.5, ((frozenset({green}), frozenset({blue})), (frozenset({magenta}), frozenset({blue}))) x 0: 0.75, ((frozenset({magenta}), frozenset({blue})), (frozenset({yellow}), frozenset({blue}))) x 0: 0.75, ((frozenset({blue}), frozenset({magenta})), (frozenset({green}), frozenset({yellow}))) x 0: 0.0, ((frozenset({yellow}), frozenset({blue})), (frozenset({magenta}), frozenset({blue}))) x 0: 0.8333333333333334, ((frozenset({magenta}), frozenset({blue})), (frozenset({green}), frozenset({yellow}))) x 0: 1.0, ((frozenset({green}), frozenset({yellow})), (frozenset({yellow}), frozenset({blue}))) x 0: 1.0, ((frozenset({magenta}), frozenset({yellow})), (frozenset({green}), frozenset({yellow}))) x 0: 1.0, ((frozenset({blue}), frozenset({yellow})), (frozenset({yellow}), frozenset({magenta}))) x 0: 0.6666666666666666, ((frozenset({blue}), frozenset({green})), (frozenset({yellow}), frozenset({magenta}))) x 0: 0.5, ((frozenset({blue}), frozenset({magenta})), (frozenset({yellow}), frozenset({green}))) x 0: 0.2, ((frozenset({magenta}), frozenset({green})), (frozenset({yellow}), frozenset({green}))) x 0: 0.5, ((frozenset({yellow}), frozenset({blue})), (frozenset({blue}), frozenset({green}))) x 0: 0.6666666666666666, ((frozenset({green}), frozenset({yellow})), (frozenset({magenta}), frozenset({blue}))) x 0: 0.5, ((frozenset({magenta}), frozenset({blue})), (frozenset({green}), frozenset({blue}))) x 0: 1.0, ((frozenset({green}), frozenset({magenta})), (frozenset({yellow}), frozenset({blue}))) x 0: 0.5, ((frozenset({yellow}), frozenset({magenta})), (frozenset({blue}), frozenset({green}))) x 0: 1.0, ((frozenset({yellow}), frozenset({magenta})), (frozenset({green}), frozenset({blue}))) x 0: 1.0, ((frozenset({blue}), frozenset({green})), (frozenset({magenta}), frozenset({green}))) x 0: 1.0, ((frozenset({yellow}), frozenset({blue})), (frozenset({green}), frozenset({magenta}))) x 0: 1.0, ((frozenset({magenta}), frozenset({blue})), (frozenset({blue}), frozenset({green}))) x 0: 1.0, ((frozenset({magenta}), frozenset({blue})), (frozenset({yellow}), frozenset({green}))) x 0: 1.0, ((frozenset({green}), frozenset({magenta})), (frozenset({blue}), frozenset({magenta}))) x 0: 1.0, ((frozenset({yellow}), frozenset({green})), (frozenset({magenta}), frozenset({green}))) x 0: 1.0, ((frozenset({magenta}), frozenset({yellow})), (frozenset({green}), frozenset({blue}))) x 0: 1.0, ((frozenset({magenta}), frozenset({green})), (frozenset({green}), frozenset({blue}))) x 0: 1.0, ((frozenset({magenta}), frozenset({green})), (frozenset({blue}), frozenset({yellow}))) x 0: 0.0, ((frozenset({blue}), frozenset({yellow})), (frozenset({green}), frozenset({yellow}))) x 0: 1.0, ((frozenset({magenta}), frozenset({yellow})), (frozenset({yellow}), frozenset({green}))) x 0: 0.5, ((frozenset({yellow}), frozenset({blue})), (frozenset({magenta}), frozenset({green}))) x 0: 0.5, ((frozenset({blue}), frozenset({magenta})), (frozenset({magenta}), frozenset({yellow}))) x 0: 1.0, ((frozenset({green}), frozenset({yellow})), (frozenset({blue}), frozenset({magenta}))) x 0: 1.0}",1.6893934048712254,0.04999767479280921,4784128,399.4634146341463,211.77229459745666,0.014109548297710717,0:34:07,0.6646341463414634,0.7094951745688383,105.41152990122896,0.8048780487804879,0.39629455632370536,0.6025124005973339,0.006136257223261055,0.12804878048780488,0.33414411606878675
0.3427614402992464,0.0019062158175497178,"{((frozenset({blue}), frozenset({yellow})), (frozenset({magenta}), frozenset({green}))) x 0: 0.6666666666666666, ((frozenset({green}), frozenset({blue})), (frozenset({magenta}), frozenset({yellow}))) x 0: 1.0, ((frozenset({blue}), frozenset({green})), (frozenset({magenta}), frozenset({yellow}))) x 0: 0.6666666666666666, ((frozenset({magenta}), frozenset({blue})), (frozenset({green}), frozenset({blue}))) x 0: 1.0, ((frozenset({green}), frozenset({magenta})), (frozenset({magenta}), frozenset({yellow}))) x 0: 1.0, ((frozenset({magenta}), frozenset({green})), (frozenset({green}), frozenset({yellow}))) x 0: 1.0, ((frozenset({green}), frozenset({yellow})), (frozenset({yellow}), frozenset({magenta}))) x 0: 1.0, ((frozenset({magenta}), frozenset({yellow})), (frozenset({green}), frozenset({yellow}))) x 0: 1.0, ((frozenset({green}), frozenset({yellow})), (frozenset({blue}), frozenset({yellow}))) x 0: 1.0, ((frozenset({green}), frozenset({magenta})), (frozenset({yellow}), frozenset({magenta}))) x 0: 0.75, ((frozenset({magenta}), frozenset({blue})), (frozenset({blue}), frozenset({green}))) x 0: 0.0, ((frozenset({magenta}), frozenset({yellow})), (frozenset({yellow}), frozenset({blue}))) x 0: 1.0, ((frozenset({blue}), frozenset({green})), (frozenset({yellow}), frozenset({green}))) x 0: 1.0, ((frozenset({blue}), frozenset({green})), (frozenset({yellow}), frozenset({magenta}))) x 0: 0.16666666666666666, ((frozenset({green}), frozenset({magenta})), (frozenset({magenta}), frozenset({blue}))) x 0: 1.0, ((frozenset({magenta}), frozenset({green})), (frozenset({blue}), frozenset({yellow}))) x 0: 1.0, ((frozenset({magenta}), frozenset({yellow})), (frozenset({blue}), frozenset({green}))) x 0: 0.3333333333333333, ((frozenset({green}), frozenset({yellow})), (frozenset({blue}), frozenset({magenta}))) x 0: 1.0, ((frozenset({magenta}), frozenset({blue})), (frozenset({yellow}), frozenset({green}))) x 0: 1.0, ((frozenset({yellow}), frozenset({blue})), (frozenset({green}), frozenset({blue}))) x 0: 0.75, ((frozenset({blue}), frozenset({magenta})), (frozenset({green}), frozenset({yellow}))) x 0: 0.8333333333333334, ((frozenset({blue}), frozenset({magenta})), (frozenset({yellow}), frozenset({green}))) x 0: 0.8571428571428571, ((frozenset({green}), frozenset({yellow})), (frozenset({magenta}), frozenset({blue}))) x 0: 1.0, ((frozenset({magenta}), frozenset({yellow})), (frozenset({yellow}), frozenset({green}))) x 0: 1.0, ((frozenset({yellow}), frozenset({green})), (frozenset({green}), frozenset({blue}))) x 0: 1.0, ((frozenset({blue}), frozenset({magenta})), (frozenset({magenta}), frozenset({yellow}))) x 0: 1.0, ((frozenset({blue}), frozenset({yellow})), (frozenset({yellow}), frozenset({green}))) x 0: 1.0, ((frozenset({green}), frozenset({blue})), (frozenset({yellow}), frozenset({blue}))) x 0: 1.0, ((frozenset({blue}), frozenset({magenta})), (frozenset({magenta}), frozenset({green}))) x 0: 0.5, ((frozenset({green}), frozenset({yellow})), (frozenset({magenta}), frozenset({yellow}))) x 0: 1.0, ((frozenset({magenta}), frozenset({green})), (frozenset({yellow}), frozenset({green}))) x 0: 1.0, ((frozenset({yellow}), frozenset({magenta})), (frozenset({green}), frozenset({magenta}))) x 0: 1.0, ((frozenset({blue}), frozenset({magenta})), (frozenset({green}), frozenset({magenta}))) x 0: 1.0, ((frozenset({blue}), frozenset({yellow})), (frozenset({green}), frozenset({magenta}))) x 0: 1.0, ((frozenset({yellow}), frozenset({magenta})), (frozenset({magenta}), frozenset({green}))) x 0: 1.0, ((frozenset({green}), frozenset({yellow})), (frozenset({yellow}), frozenset({blue}))) x 0: 1.0, ((frozenset({green}), frozenset({magenta})), (frozenset({yellow}), frozenset({blue}))) x 0: 0.4, ((frozenset({magenta}), frozenset({yellow})), (frozenset({blue}), frozenset({yellow}))) x 0: 1.0, ((frozenset({yellow}), frozenset({blue})), (frozenset({blue}), frozenset({green}))) x 0: 1.0, ((frozenset({magenta}), frozenset({blue})), (frozenset({yellow}), frozenset({blue}))) x 0: 1.0, ((frozenset({magenta}), frozenset({blue})), (frozenset({green}), frozenset({yellow}))) x 0: 1.0, ((frozenset({blue}), frozenset({green})), (frozenset({green}), frozenset({magenta}))) x 0: 1.0, ((frozenset({green}), frozenset({blue})), (frozenset({magenta}), frozenset({blue}))) x 0: 1.0, ((frozenset({magenta}), frozenset({blue})), (frozenset({blue}), frozenset({yellow}))) x 0: 1.0, ((frozenset({magenta}), frozenset({yellow})), (frozenset({green}), frozenset({blue}))) x 0: 1.0, ((frozenset({blue}), frozenset({green})), (frozenset({green}), frozenset({yellow}))) x 0: 1.0, ((frozenset({yellow}), frozenset({green})), (frozenset({green}), frozenset({magenta}))) x 0: 1.0, ((frozenset({green}), frozenset({magenta})), (frozenset({blue}), frozenset({yellow}))) x 0: 1.0, ((frozenset({blue}), frozenset({yellow})), (frozenset({magenta}), frozenset({yellow}))) x 0: 1.0, ((frozenset({green}), frozenset({magenta})), (frozenset({blue}), frozenset({magenta}))) x 0: 1.0, ((frozenset({yellow}), frozenset({blue})), (frozenset({magenta}), frozenset({blue}))) x 0: 0.25, ((frozenset({magenta}), frozenset({green})), (frozenset({blue}), frozenset({green}))) x 0: 1.0, ((frozenset({yellow}), frozenset({blue})), (frozenset({blue}), frozenset({magenta}))) x 0: 1.0, ((frozenset({yellow}), frozenset({green})), (frozenset({blue}), frozenset({green}))) x 0: 1.0, ((frozenset({yellow}), frozenset({magenta})), (frozenset({blue}), frozenset({green}))) x 0: 1.0, ((frozenset({blue}), frozenset({yellow})), (frozenset({yellow}), frozenset({magenta}))) x 0: 0.6666666666666666, ((frozenset({blue}), frozenset({magenta})), (frozenset({yellow}), frozenset({magenta}))) x 0: 0.6666666666666666, ((frozenset({magenta}), frozenset({green})), (frozenset({yellow}), frozenset({blue}))) x 0: 0.0, ((frozenset({yellow}), frozenset({green})), (frozenset({magenta}), frozenset({green}))) x 0: 1.0, ((frozenset({magenta}), frozenset({green})), (frozenset({green}), frozenset({blue}))) x 0: 1.0, ((frozenset({green}), frozenset({blue})), (frozenset({yellow}), frozenset({magenta}))) x 0: 1.0, ((frozenset({yellow}), frozenset({blue})), (frozenset({magenta}), frozenset({green}))) x 0: 1.0}",1.6885094717144966,0.04970531115247246,4849664,421.15384615384613,213.45891197275344,0.009183932372252457,0:23:15,0.7435897435897436,0.6188470967254959,107.7254548677206,0.8397435897435898,0.36684369045703835,0.6029595471918583,0.003909750470484141,0.07051282051282051,0.25600930189379306
0.3298850101771971,0.0018033597604102478,"{((frozenset({green}), frozenset({magenta})), (frozenset({blue}), frozenset({magenta}))) x 0: 1.0, ((frozenset({magenta}), frozenset({blue})), (frozenset({yellow}), frozenset({blue}))) x 0: 1.0, ((frozenset({magenta}), frozenset({green})), (frozenset({yellow}), frozenset({blue}))) x 0: 0.9090909090909091, ((frozenset({magenta}), frozenset({yellow})), (frozenset({blue}), frozenset({yellow}))) x 0: 1.0, ((frozenset({green}), frozenset({blue})), (frozenset({yellow}), frozenset({blue}))) x 0: 0.5, ((frozenset({magenta}), frozenset({green})), (frozenset({green}), frozenset({yellow}))) x 0: 0.5, ((frozenset({yellow}), frozenset({magenta})), (frozenset({blue}), frozenset({green}))) x 0: 1.0, ((frozenset({blue}), frozenset({yellow})), (frozenset({green}), frozenset({magenta}))) x 0: 0.5, ((frozenset({magenta}), frozenset({green})), (frozenset({blue}), frozenset({yellow}))) x 0: 0.8, ((frozenset({green}), frozenset({blue})), (frozenset({yellow}), frozenset({magenta}))) x 0: 1.0, ((frozenset({yellow}), frozenset({green})), (frozenset({green}), frozenset({blue}))) x 0: 1.0, ((frozenset({magenta}), frozenset({blue})), (frozenset({blue}), frozenset({green}))) x 0: 1.0, ((frozenset({yellow}), frozenset({blue})), (frozenset({green}), frozenset({blue}))) x 0: 0.6666666666666666, ((frozenset({magenta}), frozenset({yellow})), (frozenset({blue}), frozenset({green}))) x 0: 0.8333333333333334, ((frozenset({blue}), frozenset({yellow})), (frozenset({yellow}), frozenset({magenta}))) x 0: 1.0, ((frozenset({yellow}), frozenset({blue})), (frozenset({green}), frozenset({magenta}))) x 0: 0.6666666666666666, ((frozenset({green}), frozenset({yellow})), (frozenset({magenta}), frozenset({blue}))) x 0: 1.0, ((frozenset({blue}), frozenset({green})), (frozenset({green}), frozenset({yellow}))) x 0: 0.3333333333333333, ((frozenset({green}), frozenset({magenta})), (frozenset({yellow}), frozenset({blue}))) x 0: 0.6666666666666666, ((frozenset({yellow}), frozenset({blue})), (frozenset({blue}), frozenset({magenta}))) x 0: 0.75, ((frozenset({blue}), frozenset({green})), (frozenset({magenta}), frozenset({green}))) x 0: 1.0, ((frozenset({magenta}), frozenset({yellow})), (frozenset({yellow}), frozenset({green}))) x 0: 0.6666666666666666, ((frozenset({magenta}), frozenset({green})), (frozenset({green}), frozenset({blue}))) x 0: 1.0, ((frozenset({blue}), frozenset({magenta})), (frozenset({green}), frozenset({yellow}))) x 0: 0.6666666666666666, ((frozenset({magenta}), frozenset({green})), (frozenset({yellow}), frozenset({green}))) x 0: 0.0, ((frozenset({yellow}), frozenset({blue})), (frozenset({magenta}), frozenset({green}))) x 0: 1.0, ((frozenset({blue}), frozenset({yellow})), (frozenset({green}), frozenset({yellow}))) x 0: 1.0, ((frozenset({yellow}), frozenset({magenta})), (frozenset({blue}), frozenset({magenta}))) x 0: 1.0, ((frozenset({green}), frozenset({magenta})), (frozenset({yellow}), frozenset({magenta}))) x 0: 0.75, ((frozenset({blue}), frozenset({magenta})), (frozenset({yellow}), frozenset({magenta}))) x 0: 1.0, ((frozenset({green}), frozenset({yellow})), (frozenset({magenta}), frozenset({yellow}))) x 0: 1.0, ((frozenset({green}), frozenset({blue})), (frozenset({magenta}), frozenset({yellow}))) x 0: 1.0, ((frozenset({blue}), frozenset({magenta})), (frozenset({magenta}), frozenset({green}))) x 0: 1.0, ((frozenset({blue}), frozenset({green})), (frozenset({yellow}), frozenset({green}))) x 0: 1.0, ((frozenset({magenta}), frozenset({blue})), (frozenset({green}), frozenset({blue}))) x 0: 1.0, ((frozenset({blue}), frozenset({magenta})), (frozenset({yellow}), frozenset({green}))) x 0: 1.0, ((frozenset({green}), frozenset({yellow})), (frozenset({yellow}), frozenset({magenta}))) x 0: 0.5, ((frozenset({blue}), frozenset({green})), (frozenset({green}), frozenset({magenta}))) x 0: 1.0, ((frozenset({blue}), frozenset({magenta})), (frozenset({magenta}), frozenset({yellow}))) x 0: 1.0, ((frozenset({yellow}), frozenset({blue})), (frozenset({magenta}), frozenset({blue}))) x 0: 0.625, ((frozenset({magenta}), frozenset({blue})), (frozenset({yellow}), frozenset({green}))) x 0: 0.0, ((frozenset({magenta}), frozenset({blue})), (frozenset({blue}), frozenset({yellow}))) x 0: 0.5, ((frozenset({green}), frozenset({yellow})), (frozenset({blue}), frozenset({yellow}))) x 0: 1.0, ((frozenset({blue}), frozenset({green})), (frozenset({yellow}), frozenset({magenta}))) x 0: 1.0, ((frozenset({blue}), frozenset({green})), (frozenset({magenta}), frozenset({yellow}))) x 0: 0.5, ((frozenset({green}), frozenset({magenta})), (frozenset({magenta}), frozenset({yellow}))) x 0: 1.0, ((frozenset({blue}), frozenset({yellow})), (frozenset({magenta}), frozenset({green}))) x 0: 0.6666666666666666, ((frozenset({blue}), frozenset({magenta})), (frozenset({green}), frozenset({magenta}))) x 0: 1.0, ((frozenset({magenta}), frozenset({green})), (frozenset({blue}), frozenset({green}))) x 0: 1.0, ((frozenset({green}), frozenset({blue})), (frozenset({magenta}), frozenset({blue}))) x 0: 1.0, ((frozenset({yellow}), frozenset({magenta})), (frozenset({green}), frozenset({blue}))) x 0: 1.0, ((frozenset({yellow}), frozenset({green})), (frozenset({blue}), frozenset({green}))) x 0: 1.0, ((frozenset({yellow}), frozenset({green})), (frozenset({magenta}), frozenset({blue}))) x 0: 1.0, ((frozenset({yellow}), frozenset({magenta})), (frozenset({green}), frozenset({magenta}))) x 0: 0.5, ((frozenset({green}), frozenset({yellow})), (frozenset({blue}), frozenset({magenta}))) x 0: 1.0, ((frozenset({yellow}), frozenset({magenta})), (frozenset({magenta}), frozenset({green}))) x 0: 0.5, ((frozenset({blue}), frozenset({yellow})), (frozenset({magenta}), frozenset({yellow}))) x 0: 0.5, ((frozenset({green}), frozenset({yellow})), (frozenset({yellow}), frozenset({blue}))) x 0: 0.5, ((frozenset({yellow}), frozenset({green})), (frozenset({magenta}), frozenset({green}))) x 0: 1.0, ((frozenset({magenta}), frozenset({yellow})), (frozenset({green}), frozenset({blue}))) x 0: 1.0, ((frozenset({magenta}), frozenset({blue})), (frozenset({green}), frozenset({yellow}))) x 0: 1.0, ((frozenset({green}), frozenset({magenta})), (frozenset({blue}), frozenset({yellow}))) x 0: 1.0}",1.6884377337992191,0.045070480921662874,4915200,372.13483146067415,200.48795480707665,0.013205612864112481,0:13:25,0.6910112359550562,0.6951097964258858,105.24679993123206,0.8258426966292135,0.3792446928480375,0.6233630124479532,0.006448343578085769,0.11797752808988764,0.3225815105607998
0.3766428238730685,0.002169170575445031,"{((frozenset({blue}), frozenset({yellow})), (frozenset({magenta}), frozenset({green}))) x 0: 1.0, ((frozenset({blue}), frozenset({green})), (frozenset({magenta}), frozenset({yellow}))) x 0: 1.0, ((frozenset({magenta}), frozenset({yellow})), (frozenset({green}), frozenset({blue}))) x 0: 1.0, ((frozenset({green}), frozenset({yellow})), (frozenset({blue}), frozenset({magenta}))) x 0: 1.0, ((frozenset({blue}), frozenset({green})), (frozenset({yellow}), frozenset({green}))) x 0: 1.0, ((frozenset({yellow}), frozenset({magenta})), (frozenset({green}), frozenset({blue}))) x 0: 1.0, ((frozenset({yellow}), frozenset({blue})), (frozenset({magenta}), frozenset({blue}))) x 0: 1.0, ((frozenset({yellow}), frozenset({blue})), (frozenset({blue}), frozenset({green}))) x 0: 1.0, ((frozenset({yellow}), frozenset({green})), (frozenset({magenta}), frozenset({green}))) x 0: 1.0, ((frozenset({magenta}), frozenset({green})), (frozenset({yellow}), frozenset({blue}))) x 0: 1.0, ((frozenset({yellow}), frozenset({green})), (frozenset({blue}), frozenset({green}))) x 0: 1.0, ((frozenset({blue}), frozenset({yellow})), (frozenset({magenta}), frozenset({yellow}))) x 0: 1.0, ((frozenset({blue}), frozenset({yellow})), (frozenset({green}), frozenset({magenta}))) x 0: 1.0, ((frozenset({magenta}), frozenset({yellow})), (frozenset({yellow}), frozenset({green}))) x 0: 1.0, ((frozenset({magenta}), frozenset({blue})), (frozenset({yellow}), frozenset({green}))) x 0: 0.75, ((frozenset({green}), frozenset({yellow})), (frozenset({yellow}), frozenset({blue}))) x 0: 1.0, ((frozenset({green}), frozenset({magenta})), (frozenset({yellow}), frozenset({magenta}))) x 0: 1.0, ((frozenset({blue}), frozenset({green})), (frozenset({green}), frozenset({yellow}))) x 0: 0.8571428571428571, ((frozenset({magenta}), frozenset({blue})), (frozenset({blue}), frozenset({green}))) x 0: 0.0, ((frozenset({magenta}), frozenset({green})), (frozenset({yellow}), frozenset({green}))) x 0: 0.9130434782608695, ((frozenset({yellow}), frozenset({green})), (frozenset({magenta}), frozenset({blue}))) x 0: 1.0, ((frozenset({yellow}), frozenset({magenta})), (frozenset({magenta}), frozenset({green}))) x 0: 0.8, ((frozenset({blue}), frozenset({green})), (frozenset({yellow}), frozenset({magenta}))) x 0: 0.6666666666666666, ((frozenset({magenta}), frozenset({blue})), (frozenset({green}), frozenset({yellow}))) x 0: 1.0, ((frozenset({yellow}), frozenset({blue})), (frozenset({green}), frozenset({magenta}))) x 0: 1.0, ((frozenset({blue}), frozenset({yellow})), (frozenset({green}), frozenset({yellow}))) x 0: 1.0, ((frozenset({green}), frozenset({blue})), (frozenset({blue}), frozenset({magenta}))) x 0: 0.6666666666666666, ((frozenset({yellow}), frozenset({magenta})), (frozenset({green}), frozenset({magenta}))) x 0: 1.0, ((frozenset({green}), frozenset({yellow})), (frozenset({yellow}), frozenset({magenta}))) x 0: 0.5, ((frozenset({green}), frozenset({magenta})), (frozenset({yellow}), frozenset({blue}))) x 0: 1.0, ((frozenset({green}), frozenset({blue})), (frozenset({yellow}), frozenset({magenta}))) x 0: 1.0, ((frozenset({magenta}), frozenset({yellow})), (frozenset({yellow}), frozenset({blue}))) x 0: 0.75, ((frozenset({green}), frozenset({blue})), (frozenset({magenta}), frozenset({yellow}))) x 0: 0.6666666666666666, ((frozenset({green}), frozenset({blue})), (frozenset({blue}), frozenset({yellow}))) x 0: 1.0, ((frozenset({magenta}), frozenset({green})), (frozenset({green}), frozenset({yellow}))) x 0: 1.0, ((frozenset({magenta}), frozenset({green})), (frozenset({blue}), frozenset({yellow}))) x 0: 1.0, ((frozenset({yellow}), frozenset({green})), (frozenset({green}), frozenset({blue}))) x 0: 0.6666666666666666, ((frozenset({green}), frozenset({blue})), (frozenset({yellow}), frozenset({blue}))) x 0: 1.0, ((frozenset({blue}), frozenset({green})), (frozenset({green}), frozenset({magenta}))) x 0: 1.0, ((frozenset({green}), frozenset({yellow})), (frozenset({blue}), frozenset({yellow}))) x 0: 0.5, ((frozenset({blue}), frozenset({magenta})), (frozenset({green}), frozenset({yellow}))) x 0: 1.0, ((frozenset({green}), frozenset({blue})), (frozenset({magenta}), frozenset({blue}))) x 0: 1.0, ((frozenset({yellow}), frozenset({green})), (frozenset({blue}), frozenset({magenta}))) x 0: 1.0, ((frozenset({yellow}), frozenset({magenta})), (frozenset({blue}), frozenset({magenta}))) x 0: 0.75, ((frozenset({green}), frozenset({yellow})), (frozenset({magenta}), frozenset({blue}))) x 0: 1.0, ((frozenset({magenta}), frozenset({blue})), (frozenset({green}), frozenset({blue}))) x 0: 1.0, ((frozenset({magenta}), frozenset({blue})), (frozenset({blue}), frozenset({yellow}))) x 0: 1.0, ((frozenset({yellow}), frozenset({magenta})), (frozenset({magenta}), frozenset({blue}))) x 0: 1.0, ((frozenset({yellow}), frozenset({blue})), (frozenset({blue}), frozenset({magenta}))) x 0: 1.0, ((frozenset({green}), frozenset({magenta})), (frozenset({blue}), frozenset({magenta}))) x 0: 0.5, ((frozenset({blue}), frozenset({yellow})), (frozenset({yellow}), frozenset({magenta}))) x 0: 1.0, ((frozenset({magenta}), frozenset({yellow})), (frozenset({green}), frozenset({yellow}))) x 0: 1.0, ((frozenset({yellow}), frozenset({blue})), (frozenset({magenta}), frozenset({green}))) x 0: 1.0, ((frozenset({blue}), frozenset({magenta})), (frozenset({magenta}), frozenset({green}))) x 0: 1.0, ((frozenset({green}), frozenset({magenta})), (frozenset({magenta}), frozenset({blue}))) x 0: 1.0, ((frozenset({blue}), frozenset({magenta})), (frozenset({yellow}), frozenset({magenta}))) x 0: 0.5, ((frozenset({blue}), frozenset({magenta})), (frozenset({yellow}), frozenset({green}))) x 0: 1.0, ((frozenset({magenta}), frozenset({yellow})), (frozenset({blue}), frozenset({yellow}))) x 0: 0.0, ((frozenset({blue}), frozenset({yellow})), (frozenset({yellow}), frozenset({green}))) x 0: 1.0, ((frozenset({yellow}), frozenset({blue})), (frozenset({green}), frozenset({blue}))) x 0: 0.0, ((frozenset({magenta}), frozenset({green})), (frozenset({green}), frozenset({blue}))) x 0: 1.0}",1.6887689009308815,0.039550255421095026,4980736,357.6222222222222,168.14052177190482,0.005999144719680771,0:03:44,0.7888888888888889,0.60542812114779,85.84260095627687,0.8888888888888888,0.3142696805273545,0.6349296569824219,0.004769200357259251,0.09444444444444444,0.29244604862781903
0.3939437597865618,0.0022835829950748733,"{((frozenset({magenta}), frozenset({yellow})), (frozenset({yellow}), frozenset({blue}))) x 0: 1.0, ((frozenset({magenta}), frozenset({green})), (frozenset({yellow}), frozenset({green}))) x 0: 1.0, ((frozenset({blue}), frozenset({yellow})), (frozenset({green}), frozenset({yellow}))) x 0: 1.0, ((frozenset({blue}), frozenset({green})), (frozenset({yellow}), frozenset({green}))) x 0: 1.0, ((frozenset({yellow}), frozenset({blue})), (frozenset({magenta}), frozenset({blue}))) x 0: 1.0, ((frozenset({green}), frozenset({yellow})), (frozenset({yellow}), frozenset({blue}))) x 0: 0.0, ((frozenset({magenta}), frozenset({blue})), (frozenset({blue}), frozenset({yellow}))) x 0: 0.6666666666666666, ((frozenset({blue}), frozenset({magenta})), (frozenset({yellow}), frozenset({green}))) x 0: 1.0, ((frozenset({green}), frozenset({yellow})), (frozenset({magenta}), frozenset({yellow}))) x 0: 0.0, ((frozenset({yellow}), frozenset({magenta})), (frozenset({magenta}), frozenset({green}))) x 0: 1.0, ((frozenset({green}), frozenset({yellow})), (frozenset({yellow}), frozenset({magenta}))) x 0: 1.0, ((frozenset({green}), frozenset({blue})), (frozenset({magenta}), frozenset({yellow}))) x 0: 1.0, ((frozenset({blue}), frozenset({green})), (frozenset({magenta}), frozenset({yellow}))) x 0: 0.8, ((frozenset({blue}), frozenset({yellow})), (frozenset({magenta}), frozenset({green}))) x 0: 1.0, ((frozenset({yellow}), frozenset({blue})), (frozenset({blue}), frozenset({magenta}))) x 0: 1.0, ((frozenset({magenta}), frozenset({yellow})), (frozenset({blue}), frozenset({green}))) x 0: 1.0, ((frozenset({magenta}), frozenset({blue})), (frozenset({blue}), frozenset({green}))) x 0: 1.0, ((frozenset({green}), frozenset({magenta})), (frozenset({magenta}), frozenset({yellow}))) x 0: 1.0, ((frozenset({green}), frozenset({yellow})), (frozenset({blue}), frozenset({yellow}))) x 0: 1.0, ((frozenset({yellow}), frozenset({green})), (frozenset({magenta}), frozenset({blue}))) x 0: 0.75, ((frozenset({green}), frozenset({magenta})), (frozenset({blue}), frozenset({magenta}))) x 0: 0.7272727272727273, ((frozenset({yellow}), frozenset({blue})), (frozenset({green}), frozenset({blue}))) x 0: 1.0, ((frozenset({blue}), frozenset({green})), (frozenset({green}), frozenset({yellow}))) x 0: 1.0, ((frozenset({yellow}), frozenset({magenta})), (frozenset({green}), frozenset({blue}))) x 0: 1.0, ((frozenset({blue}), frozenset({green})), (frozenset({magenta}), frozenset({green}))) x 0: 0.6666666666666666, ((frozenset({blue}), frozenset({magenta})), (frozenset({magenta}), frozenset({green}))) x 0: 1.0, ((frozenset({green}), frozenset({blue})), (frozenset({blue}), frozenset({magenta}))) x 0: 0.8, ((frozenset({blue}), frozenset({green})), (frozenset({yellow}), frozenset({magenta}))) x 0: 1.0, ((frozenset({magenta}), frozenset({blue})), (frozenset({yellow}), frozenset({green}))) x 0: 1.0, ((frozenset({yellow}), frozenset({blue})), (frozenset({magenta}), frozenset({green}))) x 0: 1.0, ((frozenset({yellow}), frozenset({magenta})), (frozenset({green}), frozenset({magenta}))) x 0: 1.0, ((frozenset({green}), frozenset({blue})), (frozenset({yellow}), frozenset({magenta}))) x 0: 1.0, ((frozenset({magenta}), frozenset({green})), (frozenset({yellow}), frozenset({blue}))) x 0: 0.75, ((frozenset({blue}), frozenset({magenta})), (frozenset({green}), frozenset({yellow}))) x 0: 1.0, ((frozenset({magenta}), frozenset({blue})), (frozenset({green}), frozenset({yellow}))) x 0: 1.0, ((frozenset({blue}), frozenset({yellow})), (frozenset({green}), frozenset({magenta}))) x 0: 1.0, ((frozenset({magenta}), frozenset({yellow})), (frozenset({blue}), frozenset({yellow}))) x 0: 1.0, ((frozenset({yellow}), frozenset({green})), (frozenset({magenta}), frozenset({green}))) x 0: 1.0, ((frozenset({yellow}), frozenset({magenta})), (frozenset({blue}), frozenset({green}))) x 0: 1.0, ((frozenset({yellow}), frozenset({green})), (frozenset({blue}), frozenset({green}))) x 0: 1.0, ((frozenset({blue}), frozenset({green})), (frozenset({green}), frozenset({magenta}))) x 0: 0.75, ((frozenset({yellow}), frozenset({blue})), (frozenset({blue}), frozenset({green}))) x 0: 1.0, ((frozenset({blue}), frozenset({magenta})), (frozenset({yellow}), frozenset({magenta}))) x 0: 0.6666666666666666, ((frozenset({green}), frozenset({blue})), (frozenset({magenta}), frozenset({blue}))) x 0: 1.0, ((frozenset({yellow}), frozenset({magenta})), (frozenset({blue}), frozenset({magenta}))) x 0: 1.0, ((frozenset({green}), frozenset({magenta})), (frozenset({yellow}), frozenset({blue}))) x 0: 1.0, ((frozenset({yellow}), frozenset({green})), (frozenset({blue}), frozenset({magenta}))) x 0: 1.0, ((frozenset({green}), frozenset({yellow})), (frozenset({magenta}), frozenset({blue}))) x 0: 1.0, ((frozenset({yellow}), frozenset({green})), (frozenset({green}), frozenset({blue}))) x 0: 1.0, ((frozenset({green}), frozenset({yellow})), (frozenset({blue}), frozenset({magenta}))) x 0: 1.0, ((frozenset({green}), frozenset({magenta})), (frozenset({magenta}), frozenset({blue}))) x 0: 1.0, ((frozenset({green}), frozenset({magenta})), (frozenset({blue}), frozenset({yellow}))) x 0: 1.0, ((frozenset({yellow}), frozenset({magenta})), (frozenset({magenta}), frozenset({blue}))) x 0: 1.0, ((frozenset({magenta}), frozenset({blue})), (frozenset({yellow}), frozenset({blue}))) x 0: 1.0, ((frozenset({green}), frozenset({blue})), (frozenset({blue}), frozenset({yellow}))) x 0: 1.0, ((frozenset({blue}), frozenset({magenta})), (frozenset({magenta}), frozenset({yellow}))) x 0: 0.0, ((frozenset({magenta}), frozenset({green})), (frozenset({green}), frozenset({blue}))) x 0: 0.0, ((frozenset({yellow}), frozenset({blue})), (frozenset({green}), frozenset({magenta}))) x 0: 1.0, ((frozenset({magenta}), frozenset({yellow})), (frozenset({yellow}), frozenset({green}))) x 0: 1.0, ((frozenset({blue}), frozenset({yellow})), (frozenset({yellow}), frozenset({green}))) x 0: 1.0, ((frozenset({blue}), frozenset({yellow})), (frozenset({magenta}), frozenset({yellow}))) x 0: 1.0}",1.6887845732271671,0.036039780644044644,5046272,384.36046511627904,164.41290284840628,0.004712916204880457,0:00:00,0.8372093023255814,0.5361461341115583,60.09296512042619,0.9127906976744186,0.2821415246174635,0.6244573853909969,0.0036193444175296463,0.0755813953488372,0.2643271609690536
